Workbook

Sheet 미매칭20건
A1: No | B1: 원본행 | C1: 공종 | D1: 품명 | E1: 규격 | F1: 수량 | G1: 단위 | H1: 분류 | I1: 매칭점수 | J1: 재단가 | K1: 노단가 | L1: 경단가 | M1: 합단가 | N1: 재 | O1: 노 | P1: 경 | Q1: 합계 | R1: 쇼핑몰검색어 | S1: 비고
A2: 1 | B2: 21 | C2: 10. 조 경 공 | D2: 가). 생활체육시설A | E2: 1850*840*H1760 | F2: 1 | G2: EA | H2: 운동·체육시설 | I2: 0.438 | J2: 4200000 | K2: 250000 | L2: 0 | M2: =J2+K2+L2 | N2: =F2*J2 | O2: =F2*K2 | P2: =F2*L2 | Q2: =N2+O2+P2 | R2: 운동기구 | S2: 푸른조경
A3: 2 | B3: 22 | C3: 10. 조 경 공 | D3: 나). 생활체육시설B | E3: 2836*600*H1760 | F3: 1 | G3: EA | H3: 운동·체육시설 | I3: 0.438 | J3: 4450000 | K3: 250000 | L3: 0 | M3: =J3+K3+L3 | N3: =F3*J3 | O3: =F3*K3 | P3: =F3*L3 | Q3: =N3+O3+P3 | R3: 운동기구 | S3: 푸른조경
A4: 3 | B4: 23 | C4: 10. 조 경 공 | D4: 다). 생활체육시설C | E4: 2200*750*H1760 | F4: 1 | G4: EA | H4: 운동·체육시설 | I4: 0.438 | J4: 4200000 | K4: 250000 | L4: 0 | M4: =J4+K4+L4 | N4: =F4*J4 | O4: =F4*K4 | P4: =F4*L4 | Q4: =N4+O4+P4 | R4: 운동기구 | S4: 푸른조경
A5: 4 | B5: 24 | C5: 10. 조 경 공 | D5: 라). 생활체육시설D | E5: 2470*750*H1760 | F5: 1 | G5: EA | H5: 운동·체육시설 | I5: 0.438 | J5: 4400000 | K5: 250000 | L5: 0 | M5: =J5+K5+L5 | N5: =F5*J5 | O5: =F5*K5 | P5: =F5*L5 | Q5: =N5+O5+P5 | R5: 운동기구 | S5: 푸른조경
A6: 5 | B6: 25 | C6: 10. 조 경 공 | D6: 마). 파고라A | E6: 5000*3200*H2700 | F6: 1 | G6: 개소 | H6: 휴게·그늘 | I6: 0.404 | J6: 18000000 | K6: 250000 | L6: 0 | M6: =J6+K6+L6 | N6: =F6*J6 | O6: =F6*K6 | P6: =F6*L6 | Q6: =N6+O6+P6 | R6: 퍼걸러 | S6: 푸른조경
A7: 6 | B7: 26 | C7: 10. 조 경 공 | D7: 바). 등의자 | E7: 1600*533*H766 | F7: 9 | G7: EA | H7: 의자·벤치 | I7: 0.421 | J7: 750000 | K7: 0 | L7: 0 | M7: =J7+K7+L7 | N7: =F7*J7 | O7: =F7*K7 | P7: =F7*L7 | Q7: =N7+O7+P7 | R7: 벤치 | S7: 푸른조경
A8: 7 | B8: 27 | C8: 10. 조 경 공 | D8: 사). 플랜터형의자 | E8: 2200*2200*H700 | F8: 3 | G8: EA | H8: 의자·벤치 | I8: 0.514 | J8: 3200000 | K8: 200000 | L8: 0 | M8: =J8+K8+L8 | N8: =F8*J8 | O8: =F8*K8 | P8: =F8*L8 | Q8: =N8+O8+P8 | R8: 벤치 | S8: 푸른조경
A9: 8 | B9: 30 | C9: 10. 조 경 공 | D9: 나). 투수블럭포장 B | E9: T80 | F9: 143 | G9: m2 | H9: 포장 | I9: 0.546 | J9: 65000 | K9: 18000 | L9: 0 | M9: =J9+K9+L9 | N9: =F9*J9 | O9: =F9*K9 | P9: =F9*L9 | Q9: =N9+O9+P9 | R9: 투수블럭 | S9: 푸른조경
A10: 9 | B10: 37 | C10: 10. 조 경 공 | D10: 가). 집수정 | E10: 600*600*H900 | F10: 4 | G10: EA | H10: 배수 | I10: 0.527 | J10: 600000 | K10: 100000 | L10: 0 | M10: =J10+K10+L10 | N10: =F10*J10 | O10: =F10*K10 | P10: =F10*L10 | Q10: =N10+O10+P10 | R10: 집수정 | S10: 푸른조경
A11: 10 | B11: 61 | C11: 10. 조 경 공 | D11: 가). 생활체육시설E | E11: 1860*1730*H1760 | F11: 1 | G11: EA | H11: 운동·체육시설 | I11: 0.434 | J11: 4300000 | K11: 250000 | L11: 0 | M11: =J11+K11+L11 | N11: =F11*J11 | O11: =F11*K11 | P11: =F11*L11 | Q11: =N11+O11+P11 | R11: 운동기구 | S11: 푸른조경
A12: 11 | B12: 62 | C12: 10. 조 경 공 | D12: 나). 생활체육시설F | E12: 2870*860*H1760 | F12: 1 | G12: EA | H12: 운동·체육시설 | I12: 0.438 | J12: 4500000 | K12: 250000 | L12: 0 | M12: =J12+K12+L12 | N12: =F12*J12 | O12: =F12*K12 | P12: =F12*L12 | Q12: =N12+O12+P12 | R12: 운동기구 | S12: 푸른조경
A13: 12 | B13: 63 | C13: 10. 조 경 공 | D13: 다). 생활체육시설G | E13: 1850*560*H1760 | F13: 1 | G13: EA | H13: 운동·체육시설 | I13: 0.441 | J13: 4100000 | K13: 250000 | L13: 0 | M13: =J13+K13+L13 | N13: =F13*J13 | O13: =F13*K13 | P13: =F13*L13 | Q13: =N13+O13+P13 | R13: 운동기구 | S13: 푸른조경
... A21: 20 | B21: 107 | C21: 10. 조 경 공 | D21: 가). 수목보호판 | E21: 800*800 | F21: 144 | G21: EA | H21: 수목보호 | I21: 0.499 | J21: 290000 | K21: 20000 | L21: 3000 | M21: =J21+K21+L21 | N21: =F21*J21 | O21: =F21*K21 | P21: =F21*L21 | Q21: =N21+O21+P21 | R21: 수목보호 | S21: 푸른조경
D22: ★ 합계 | N22: =SUM(N2:N21) | O22: =SUM(O2:O21) | P22: =SUM(P2:P21) | Q22: =SUM(Q2:Q21)

Sheet 요약
A1: 항목 | B1: 값
A2: 대상 | B2: 01 조경 — 표준DB hybrid 산출 시 미매칭 20건
A3: 현재 통합 산출 | B3: 푸른조경(260620) 원본 금액 반영 → 80/80 매칭
A4: 합계(20건) | B4: ='미매칭20건'!Q22
A6: 분류 | B6: 건수 | C6: 푸른조경 합계
A7: 배수 | B7: 2 | C7: =SUMIF('미매칭20건'!$H$2:$H$21,"배수",'미매칭20건'!$Q$2:$Q$21)
A8: 수목보호 | B8: 1 | C8: =SUMIF('미매칭20건'!$H$2:$H$21,"수목보호",'미매칭20건'!$Q$2:$Q$21)
A9: 운동·체육시설 | B9: 7 | C9: =SUMIF('미매칭20건'!$H$2:$H$21,"운동·체육시설",'미매칭20건'!$Q$2:$Q$21)
A10: 울타리·펜스 | B10: 1 | C10: =SUMIF('미매칭20건'!$H$2:$H$21,"울타리·펜스",'미매칭20건'!$Q$2:$Q$21)
A11: 의자·벤치 | B11: 5 | C11: =SUMIF('미매칭20건'!$H$2:$H$21,"의자·벤치",'미매칭20건'!$Q$2:$Q$21)
A12: 포장 | B12: 2 | C12: =SUMIF('미매칭20건'!$H$2:$H$21,"포장",'미매칭20건'!$Q$2:$Q$21)
A13: 휴게·그늘 | B13: 2 | C13: =SUMIF('미매칭20건'!$H$2:$H$21,"휴게·그늘",'미매칭20건'!$Q$2:$Q$21)
A14: 합계 | B14: =COUNTA('미매칭20건'!A2:A21) | C14: ='미매칭20건'!Q22
