Workbook

Sheet 원가
A1: 원 가 계 산 서
A3: 공사명: | C3: 화성 청원지구 전기공사_(지구내) | E3: 공사기간: 32 개월
A4: 비 목 | C4: 구 분 | D4: 금 액 | E4: 구 성 비 | I4: 요율 | J4: 수량 | K4: 금액 | L4: 이윤 | M4: 끝자리 맞추기
B5: 재 료 비 | C5: 직 접 재 료 비 | J5: 1 | K5: =D5*J5 -> 0
C6: 간 접 재 료 비 | K6: =D6*J6 -> 0
C7: ( 소 계 ) | K7: =D7*J7 -> 0
A8: 순 | B8: 노 무 비 | C8: 직 접 노 무 비 | J8: 1 | K8: =D8*J8 -> 0
C9: 간 접 노 무 비 | E9: (직접 노무비) * 16.7 % | I9: 16.7 | J9: 1 | K9: =D9*J9 -> 0
C10: ( 소 계 ) | K10: =D10*J10 -> 0
C11: 기 계 경 비 | J11: 1 | K11: =D11*J11 -> 0
C12: 산 재 보 험 료 | E12: (노무비) * 3.56 % | I12: 3.56 | J12: 1 | K12: =D12*J12 -> 0
A13: 공 | C13: 고 용 보 험 료 | E13: (노무비) * 1.01 % | I13: 1.01 | J13: 1 | K13: =D13*J13 -> 0
B14: 경 | C14: 퇴 직 금 공 제 | E14: (직접 노무비) * 2.3 % | I14: 2.3 | J14: 1 | K14: =D14*J14 -> 0
C15: 안 전 관 리 비 | E15: (재료+직노) * 2.07 % | I15: 2.07 | J15: 1 | K15: =D15*J15 -> 0
C16: 기 타 경 비 | E16: (재료+노무) * 5.3 % | H16: =D7+D10 -> 0 | I16: 5.3 | J16: 1 | K16: =D16*J16 -> 0
C17: 건 강 보 험 료 | E17: (직접 노무비) * 3.595 % | I17: 3.595 | J17: 1 | K17: =D17*J17 -> 0
A18: 사 | C18: 연 금 보 험 료 | E18: (직접 노무비) * 4.75 % | I18: 4.75 | J18: 1 | K18: =D18*J18 -> 0
C19: 노인장기요양보험 | E19: (건강 보험료) * 13.14 % | I19: 13.14 | J19: 1 | K19: =D19*J19 -> 0
C20: 석면분담금 | E20: (노무비) * 0.006 % | I20: 0.006 | J20: 1 | K20: =D20*J20 -> 0
C21: 임금채권부담금 | E21: (노무비) * 0.09 % | I21: 0.09 | J21: 1 | K21: =D21*J21 -> 0
B22: 비 | K22: =D22*J22 -> 0
A23: 비 | K23: =D23*J23 -> 0
K24: =D24*J24 -> 0
C25: ( 소 계 ) | K25: =D25*J25 -> 0
B26: ( 순 공 사 비 계 ) | K26: =D26*J26 -> 0
A27: 일 반 관 리 비 | E27: (재료+노무+경비) * 6.5 % | H27: =D7+D10+D25 -> 0 | I27: 6.5 | J27: 1 | K27: =D27*J27 -> 0
A28: 이 윤 | E28: (노무+경비+일반관리비) * 15 % | I28: 15 | J28: 1 | K28: =D28*J28 -> 0 | L28: =TRUNC((D10+D25+D27)*I28/100) -> 0 | M28: 100000
A29: ( 총 원 가 ) | K29: =D29*J29 -> 0
A30: 부 가 가 치 세 | I30: 10 | J30: 1 | K30: =D30*J30 -> 0
A31: 한 전 수 탁 비 | J31: 1 | K31: =D31*J31 -> 0
K32: =D32*J32 -> 0
K33: =D33*J33 -> 0
K34: =D34*J34 -> 0
A35: ( 총 계 ) | K35: =SUM(K5:K34) -> 0

Sheet 총괄표
A1: 총줄수-> | B1: 81 | C1: 2.0 | D1: [ 화성 청원지구 전기공사 ] | AA1: 연속견적가로형식
A2: 번호 | B2: 공종코드 | C2: … | D2: 공 종 명 | E2: 규격 | F2: 단위 | G2: 수량 | H2: 재료비 | J2: 노무비 | M2: 경비 | P2: 계 | Q2: 비고
H3: 단가 | I3: 금액 | J3: 수량 | K3: 단가 | L3: 금액 | M3: 단가 | N3: 금액 | O3: 단가
B4: 공종줄 | D4: [화성 청원지구 전기공사]
B5: 001 | D5: 1. 전기공사 (지구내) | F5: 식 | G5: 1 | H5: =총괄표!I55 -> 0 | I5: =G5*H5 -> 0 | K5: =총괄표!L55 -> 0 | L5: =G5*K5 -> 0 | M5: =총괄표!N55 -> 0 | N5: =G5*M5 -> 0 | P5: =SUM(I5,L5,N5) -> 0
I7: =G7*H7 -> 0 | L7: =G7*K7 -> 0 | N7: =G7*M7 -> 0 | P7: =SUM(I7,L7,N7) -> 0
I8: =G8*H8 -> 0 | L8: =G8*K8 -> 0 | N8: =G8*M8 -> 0 | P8: =SUM(I8,L8,N8) -> 0
I9: =G9*H9 -> 0 | L9: =G9*K9 -> 0 | N9: =G9*M9 -> 0 | P9: =SUM(I9,L9,N9) -> 0
I10: =G10*H10 -> 0 | L10: =G10*K10 -> 0 | N10: =G10*M10 -> 0 | P10: =SUM(I10,L10,N10) -> 0
I11: =G11*H11 -> 0 | L11: =G11*K11 -> 0 | N11: =G11*M11 -> 0 | P11: =SUM(I11,L11,N11) -> 0
I12: =G12*H12 -> 0 | L12: =G12*K12 -> 0 | N12: =G12*M12 -> 0 | P12: =SUM(I12,L12,N12) -> 0
I13: =G13*H13 -> 0 | L13: =G13*K13 -> 0 | N13: =G13*M13 -> 0 | P13: =SUM(I13,L13,N13) -> 0
I14: =G14*H14 -> 0 | L14: =G14*K14 -> 0 | N14: =G14*M14 -> 0 | P14: =SUM(I14,L14,N14) -> 0
I15: =G15*H15 -> 0 | L15: =G15*K15 -> 0 | N15: =G15*M15 -> 0 | P15: =SUM(I15,L15,N15) -> 0
I16: =G16*H16 -> 0 | L16: =G16*K16 -> 0 | N16: =G16*M16 -> 0 | P16: =SUM(I16,L16,N16) -> 0
I17: =G17*H17 -> 0 | L17: =G17*K17 -> 0 | N17: =G17*M17 -> 0 | P17: =SUM(I17,L17,N17) -> 0
I18: =G18*H18 -> 0 | L18: =G18*K18 -> 0 | N18: =G18*M18 -> 0 | P18: =SUM(I18,L18,N18) -> 0
... I28: =G28*H28 -> 0 | L28: =G28*K28 -> 0 | N28: =G28*M28 -> 0 | P28: =SUM(I28,L28,N28) -> 0
C29: Total | D29: ( 합 계 ) | I29: =TRUNC(SUM(I4:I28)) -> 0 | L29: =TRUNC(SUM(L4:L28)) -> 0 | N29: =TRUNC(SUM(N4:N28)) -> 0 | P29: =TRUNC(SUM(P4:P28)) -> 0
B30: 공종줄 | D30: 1.전기공사 (지구내)
B31: 00101 | D31: 1-1.가로등설비공사 | F31: 식 | G31: 1 | H31: =내역서!I55 -> 0 | I31: =G31*H31 -> 0 | K31: =내역서!L55 -> 0 | L31: =G31*K31 -> 0 | M31: =내역서!N55 -> 0 | N31: =G31*M31 -> 0 | P31: =SUM(I31,L31,N31) -> 0
B32: 00102 | D32: 1-2.공원등설비공사 | F32: 식 | G32: 1 | H32: =내역서!I107 -> 0 | I32: =G32*H32 -> 0 | K32: =내역서!L107 -> 0 | L32: =G32*K32 -> 0 | M32: =내역서!N107 -> 0 | N32: =G32*M32 -> 0 | P32: =SUM(I32,L32,N32) -> 0
B33: 00103 | D33: 1-3.신호등설비공사 | F33: 식 | G33: 1 | H33: =내역서!I133 -> 0 | I33: =G33*H33 -> 0 | K33: =내역서!L133 -> 0 | L33: =G33*K33 -> 0 | M33: =내역서!N133 -> 0 | N33: =G33*M33 -> 0 | P33: =SUM(I33,L33,N33) -> 0
B34: 00104 | D34: 1-4.공원 통신설비 공사 | F34: 식 | G34: 1 | H34: =내역서!I185 -> 0 | I34: =G34*H34 -> 0 | K34: =내역서!L185 -> 0 | L34: =G34*K34 -> 0 | M34: =내역서!N185 -> 0 | N34: =G34*M34 -> 0 | P34: =SUM(I34,L34,N34) -> 0
B35: 00105 | D35: 1-5.불법주정차단속시스템 | F35: 식 | G35: 1 | H35: =내역서!I211 -> 0 | I35: =G35*H35 -> 0 | K35: =내역서!L211 -> 0 | L35: =G35*K35 -> 0 | M35: =내역서!N211 -> 0 | N35: =G35*M35 -> 0 | P35: =SUM(I35,L35,N35) -> 0
I36: =G36*H36 -> 0 | L36: =G36*K36 -> 0 | N36: =G36*M36 -> 0 | P36: =SUM(I36,L36,N36) -> 0
I37: =G37*H37 -> 0 | L37: =G37*K37 -> 0 | N37: =G37*M37 -> 0 | P37: =SUM(I37,L37,N37) -> 0
I38: =G38*H38 -> 0 | L38: =G38*K38 -> 0 | N38: =G38*M38 -> 0 | P38: =SUM(I38,L38,N38) -> 0
I39: =G39*H39 -> 0 | L39: =G39*K39 -> 0 | N39: =G39*M39 -> 0 | P39: =SUM(I39,L39,N39) -> 0
I40: =G40*H40 -> 0 | L40: =G40*K40 -> 0 | N40: =G40*M40 -> 0 | P40: =SUM(I40,L40,N40) -> 0
I41: =G41*H41 -> 0 | L41: =G41*K41 -> 0 | N41: =G41*M41 -> 0 | P41: =SUM(I41,L41,N41) -> 0
I42: =G42*H42 -> 0 | L42: =G42*K42 -> 0 | N42: =G42*M42 -> 0 | P42: =SUM(I42,L42,N42) -> 0
I43: =G43*H43 -> 0 | L43: =G43*K43 -> 0 | N43: =G43*M43 -> 0 | P43: =SUM(I43,L43,N43) -> 0
I44: =G44*H44 -> 0 | L44: =G44*K44 -> 0 | N44: =G44*M44 -> 0 | P44: =SUM(I44,L44,N44) -> 0
I45: =G45*H45 -> 0 | L45: =G45*K45 -> 0 | N45: =G45*M45 -> 0 | P45: =SUM(I45,L45,N45) -> 0
I46: =G46*H46 -> 0 | L46: =G46*K46 -> 0 | N46: =G46*M46 -> 0 | P46: =SUM(I46,L46,N46) -> 0
I47: =G47*H47 -> 0 | L47: =G47*K47 -> 0 | N47: =G47*M47 -> 0 | P47: =SUM(I47,L47,N47) -> 0
... I54: =G54*H54 -> 0 | L54: =G54*K54 -> 0 | N54: =G54*M54 -> 0 | P54: =SUM(I54,L54,N54) -> 0
B55: 001 | C55: Total | D55: ( 합 계 ) | I55: =TRUNC(SUM(I30:I54)) -> 0 | L55: =TRUNC(SUM(L30:L54)) -> 0 | N55: =TRUNC(SUM(N30:N54)) -> 0 | P55: =TRUNC(SUM(P30:P54)) -> 0
B56: 공종줄 | D56: 2.전기공사 (지구외)
B57: 00201 | D57: 2-1.가로등설비공사 | F57: 식 | G57: 1 | H57: =내역서!I263 -> #REF! | I57: =G57*H57 -> #REF! | K57: =내역서!L263 -> #REF! | L57: =G57*K57 -> #REF! | M57: =내역서!N263 -> #REF! | N57: =G57*M57 -> #REF! | P57: =SUM(I57,L57,N57) -> #REF!
B58: 00202 | D58: 2-2.신호등설비공사 | F58: 식 | G58: 1 | H58: =내역서!I315 -> #REF! | I58: =G58*H58 -> #REF! | K58: =내역서!L315 -> #REF! | L58: =G58*K58 -> #REF! | M58: =내역서!N315 -> #REF! | N58: =G58*M58 -> #REF! | P58: =SUM(I58,L58,N58) -> #REF!
B59: 00203 | D59: 2-3.불법주정차단속시스템 | F59: 식 | G59: 1 | H59: =내역서!I341 -> #REF! | I59: =G59*H59 -> #REF! | K59: =내역서!L341 -> #REF! | L59: =G59*K59 -> #REF! | M59: =내역서!N341 -> #REF! | N59: =G59*M59 -> #REF! | P59: =SUM(I59,L59,N59) -> #REF!
I60: =G60*H60 -> 0 | L60: =G60*K60 -> 0 | N60: =G60*M60 -> 0 | P60: =SUM(I60,L60,N60) -> 0
I61: =G61*H61 -> 0 | L61: =G61*K61 -> 0 | N61: =G61*M61 -> 0 | P61: =SUM(I61,L61,N61) -> 0
I62: =G62*H62 -> 0 | L62: =G62*K62 -> 0 | N62: =G62*M62 -> 0 | P62: =SUM(I62,L62,N62) -> 0
I63: =G63*H63 -> 0 | L63: =G63*K63 -> 0 | N63: =G63*M63 -> 0 | P63: =SUM(I63,L63,N63) -> 0
I64: =G64*H64 -> 0 | L64: =G64*K64 -> 0 | N64: =G64*M64 -> 0 | P64: =SUM(I64,L64,N64) -> 0
I65: =G65*H65 -> 0 | L65: =G65*K65 -> 0 | N65: =G65*M65 -> 0 | P65: =SUM(I65,L65,N65) -> 0
I66: =G66*H66 -> 0 | L66: =G66*K66 -> 0 | N66: =G66*M66 -> 0 | P66: =SUM(I66,L66,N66) -> 0
I67: =G67*H67 -> 0 | L67: =G67*K67 -> 0 | N67: =G67*M67 -> 0 | P67: =SUM(I67,L67,N67) -> 0
I68: =G68*H68 -> 0 | L68: =G68*K68 -> 0 | N68: =G68*M68 -> 0 | P68: =SUM(I68,L68,N68) -> 0
I69: =G69*H69 -> 0 | L69: =G69*K69 -> 0 | N69: =G69*M69 -> 0 | P69: =SUM(I69,L69,N69) -> 0
I70: =G70*H70 -> 0 | L70: =G70*K70 -> 0 | N70: =G70*M70 -> 0 | P70: =SUM(I70,L70,N70) -> 0
I71: =G71*H71 -> 0 | L71: =G71*K71 -> 0 | N71: =G71*M71 -> 0 | P71: =SUM(I71,L71,N71) -> 0
... I80: =G80*H80 -> 0 | L80: =G80*K80 -> 0 | N80: =G80*M80 -> 0 | P80: =SUM(I80,L80,N80) -> 0
B81: 002 | C81: Total | D81: ( 합 계 ) | I81: =TRUNC(SUM(I56:I80)) -> #REF! | L81: =TRUNC(SUM(L56:L80)) -> #REF! | N81: =TRUNC(SUM(N56:N80)) -> #REF! | P81: =TRUNC(SUM(P56:P80)) -> #REF!

Sheet 내역서
A1: 총줄수-> | B1: 341 | C1: 2.0 | D1: [ 화성 청원지구 전기공사 ] | W1: 노임 계산 정보 | AA1: 부속재 및 손료
A2: 번호 | B2: 공종코드 | C2: 코드 | D2: 명 칭 | E2: 규 격 | F2: 단위 | G2: 수량 | H2: 재료비 | J2: 노무비 | M2: 경비 | P2: 계 | Q2: 비고 | W2: 노임계 | X2: 전체(%) | Y2: 공종별(%) | Z2: 노임 소수 | AA2: CD배관재 | AB2: 일반배관재 | AC2: 소모재 | AD2: 자재계 | AE2: 노임계
H3: 단가 | I3: 금액 | J3: 수량 | K3: 단가 | L3: 금액 | M3: 단가 | N3: 금액 | O3: 단가 | AD3: =IF(#REF! =0, "1",#REF!) -> #REF! | AE3: =IF(#REF! =0, "1",#REF!) -> #REF!
B4: 공종줄 | D4: 1.전기공사 (지구내)::1-1.가로등설비공사
A5: 5975D077002 | B5: 00101 | C5: E59753077002 | D5: 파상형 폴리에틸렌 전선관 | E5: 40㎜(가로등,신호,구내) | F5: m | G5: 2061 | Q5: 제 11호 | AB5: =G5*H5 -> 0 | AC5: =G5*H5 -> 0
A6: 5975D077003 | B6: 00101 | C6: ECI31100030S | D6: 파상형 폴리에틸렌 전선관 | E6: 50㎜(가로등,신호,구내) | F6: m | G6: 105 | Q6: 제 12호 | AB6: =G6*H6 -> 0 | AC6: =G6*H6 -> 0
A7: E145A927203 | B7: 00101 | C7: EE1450927203 | D7: 접지용비닐절연전선(F-GV)_지중 | E7: 6㎟ | F7: m | G7: 35 | Q7: 제 19호 | AC7: =G7*H7 -> 0
A8: E145A927204 | B8: 00101 | C8: EE1450927204 | D8: 접지용비닐절연전선(F-GV) | E8: 10㎟ | F8: m | G8: 2157 | Q8: 제 20호 | AC8: =G8*H8 -> 0
A9: E145A927205 | B9: 00101 | C9: EE1450927205 | D9: 접지용비닐절연전선(F-GV) | E9: 16㎟ | F9: m | G9: 39 | Q9: 제 21호 | AC9: =G9*H9 -> 0
A10: E145A287521 | B10: 00101 | C10: EE1450287521 | D10: 폴리에틸렌 난연케이블 | E10: 0.6/1kv F-CV 2C×2.5㎟ | F10: m | G10: 780 | Q10: 제 22호 | AC10: =G10*H10 -> 0
A11: GG450287521 | B11: 00101 | C11: 2612162921683904 | D11: 폴리에틸렌 난연케이블(옥외) | E11: 0.6/1kv F-CV 2C×10㎟ | F11: m | G11: 487 | AC11: =G11*H11 -> 0
A12: GG450287523 | B12: 00101 | C12: 2612162921683906 | D12: 폴리에틸렌 난연케이블(옥외) | E12: 0.6/1kv F-CV 2C×25㎟ | F12: m | G12: 105 | AC12: =G12*H12 -> 0
A13: GG450287551 | B13: 00101 | C13: 2612162921683946 | D13: 폴리에틸렌 난연케이블(옥외) | E13: 0.6/1kv F-CV 4C×10㎟ | F13: m | G13: 1565 | AC13: =G13*H13 -> 0
A14: GG450287553 | B14: 00101 | C14: 2612162921683948 | D14: 폴리에틸렌 난연케이블(옥외) | E14: 0.6/1kv F-CV 4C×25㎟ | F14: m | G14: 105 | AC14: =G14*H14 -> 0
A15: 5975A427102 | B15: 00101 | C15: E59750427102 | D15: 접지봉 | E15: 14Φ×1000 mm | F15: 개 | G15: 14 | Q15: 제 27호
A16: E975A427014 | B16: 00101 | C16: EE9750427014 | D16: 접지크램프(IEC 90) | E16: 16sq | F16: 개 | G16: 16 | Q16: 제 28호
A17: 56959000004 | B17: 00101 | C17: EMM300041326 | D17: 케이블표지시트 | E17: 0.23x400 | F17: m | G17: 2005 | Q17: 제 29호
A18: E940A267007 | B18: 00101 | C18: EE9400267007 | D18: 압착단자 | E18: R형동선 나압착 25 ㎟ | F18: 개 | G18: 24 | Q18: 제 31호
A19: 56950010201 | B19: 00101 | C19: EBP110110000 | D19: 가로등 건주 기계화 시공 | E19: 일반 5m-7m | F19: 식 | G19: 2 | Q19: 제 6호
A20: 56950010203 | B20: 00101 | C20: EBP110130000 | D20: 가로등 건주 기계화 시공 | E20: 일반 10m-12m | F20: 식 | G20: 43 | Q20: 제 7호
A21: 56930220040 | B21: 00101 | C21: ABB103100000 | D21: 터파기(기계90%,인력10%) | E21: 보통토사 | F21: ㎥ | G21: 794.591 | Q21: 제 1호
A22: 56930220053 | B22: 00101 | C22: ABB104100000 | D22: 되메우기(기계90%,인력10%) | E22: 보통토사 | F22: ㎥ | G22: 767.46 | Q22: 제 2호
A23: 56930220102 | B23: 00101 | C23: ABC112700000 | D23: 인력잔토처리 | E23: 현장처리 | F23: ㎥ | G23: 27.131 | Q23: 제 3호
A24: 56959000005 | B24: 00101 | C24: EMM408901996 | D24: 전주용입상관 | E24: Φ130*2t*2m | F24: EA | G24: 4 | Q24: 제 35호
A25: MM408901997 | B25: 00101 | C25: 391190ZZ701Z0100 | D25: 반경관취부밴드 | F25: EA | G25: 12
A26: 56959000010 | B26: 00101 | C26: EMM666919040 | D26: 케이블 포설(가로등) | E26: 10㎟/2C*1열 | F26: m | G26: 473 | Q26: 제 40호 | AC26: =G26*H26 -> 0
A27: 56959000012 | B27: 00101 | C27: EMM666919042 | D27: 케이블 포설(가로등) | E27: 25㎟/2C*1열 | F27: m | G27: 114 | Q27: 제 42호 | AC27: =G27*H27 -> 0
A28: GM42C520962 | B28: 00101 | C28: EGM422520962 | D28: 케이블 포설(가로등) | E28: 10㎟/4C*1열 | F28: m | G28: 1520 | Q28: 제 45호 | AC28: =G28*H28 -> 0
A29: GM90A002029 | B29: 00101 | C29: EGM900002029 | D29: 케이블 포설(가로등) | E29: 25㎟/4C*1열 | F29: m | G29: 102 | Q29: 제 46호 | AC29: =G29*H29 -> 0
A30: 56959000014 | B30: 00101 | C30: EMM868935935 | D30: LED 가로등기구 | E30: 100W급 | F30: 개 | G30: 43 | Q30: 제 47호
A31: 56959000015 | B31: 00101 | C31: EMM992900263 | D31: LED 공원등기구 | E31: 50W급(A타입) | F31: 개 | G31: 2 | Q31: 제 48호
A32: 56959000017 | B32: 00101 | C32: EMM992900278 | D32: 가로등기초(직각)기성품 | E32: 500X850X675X700 | F32: 개 | G32: 2 | Q32: 제 50호
A33: 56959000018 | B33: 00101 | C33: EMM811566471 | D33: 가로등기초 | E33: 500x775x1050x1100(E) | F33: 개 | G33: 43 | Q33: 제 51호
A34: 56959000019 | B34: 00101 | C34: EMM811377544 | D34: 가로등 제어반 | E34: 6회로 | F34: 개 | G34: 2 | Q34: 제 52호
A35: MM811377553 | B35: 00101 | C35: 391115ZZ701Z0008 | D35: 가로등주 | E35: 원형테퍼 강관주 10m -1등용 | F35: 개 | G35: 43
A36: 56959000021 | B36: 00101 | C36: EMM811561481 | D36: 가로등 표찰 | E36: STS | F36: 개 | G36: 45 | Q36: 제 54호
A37: 56959000022 | B37: 00101 | C37: EMM992900295 | D37: 공원등주 | E37: 5m-1.0m 1등용(A타입) | F37: 개 | G37: 2 | Q37: 제 55호
A38: 56959000025 | B38: 00101 | C38: EMM811561499 | D38: 방수형 접속함 | E38: 1등용,ELB부 | F38: 개 | G38: 45 | Q38: 제 58호
A39: MM811561501 | B39: 00101 | C39: 391115ZZ701Z0023 | D39: 방수형 접속함 | E39: 격등용 | F39: 개 | G39: 34
A40: MM811567758 | B40: 00101 | C40: 391115ZZ701Z0024 | D40: 백호우 | E40: 0.4㎥ | F40: hr | G40: 21
A41: 56959000033 | B41: 00101 | C41: EMM811561518 | D41: 제어반기초(기성품) | E41: 500x500x800 | F41: 개 | G41: 2 | Q41: 제 66호
A42: 56959000034 | B42: 00101 | C42: EMM811561524 | D42: 핸드홀(기성품) | E42: 600x600x800 | F42: 개 | G42: 6 | Q42: 제 67호
A43: MM811561525 | B43: 00101 | C43: 391115ZZ701Z0063 | D43: 핸드홀뚜껑 | E43: 700x700xt32 | F43: 개 | G43: 6
AE44: =TRUNC(SUM(AE4:AE43)) -> 0
B55: 합계줄 | D55: ( 합 계 )
B56: 공종줄 | D56: 1.전기공사 (지구내)::1-2.공원등설비공사
A57: 5975D077002 | B57: 00102 | C57: E59753077002 | D57: 파상형 폴리에틸렌 전선관 | E57: 40㎜(가로등,신호,구내) | F57: m | G57: 558 | Q57: 제 11호 | AB57: =G57*H57 -> 0 | AC57: =G57*H57 -> 0
A58: E145A927203 | B58: 00102 | C58: EE1450927203 | D58: 접지용비닐절연전선(F-GV)_지중 | E58: 6㎟ | F58: m | G58: 528 | Q58: 제 19호 | AC58: =G58*H58 -> 0
A59: E145A927205 | B59: 00102 | C59: EE1450927205 | D59: 접지용비닐절연전선(F-GV) | E59: 16㎟ | F59: m | G59: 19 | Q59: 제 21호 | AC59: =G59*H59 -> 0
A60: E145A287521 | B60: 00102 | C60: EE1450287521 | D60: 폴리에틸렌 난연케이블 | E60: 0.6/1kv F-CV 2C×2.5㎟ | F60: m | G60: 132 | Q60: 제 22호 | AC60: =G60*H60 -> 0
A61: GG450287520 | B61: 00102 | C61: 2612162921683903 | D61: 폴리에틸렌 난연케이블(옥외) | E61: 0.6/1kv F-CV 2C×6㎟ | F61: m | G61: 109 | AC61: =G61*H61 -> 0
A62: GG450287522 | B62: 00102 | C62: 2612162921683905 | D62: 폴리에틸렌 난연케이블(옥외) | E62: 0.6/1kv F-CV 2C×16㎟ | F62: m | G62: 105 | AC62: =G62*H62 -> 0
A63: GG450287550 | B63: 00102 | C63: 2612162921683945 | D63: 폴리에틸렌 난연케이블(옥외) | E63: 0.6/1kv F-CV 4C×6㎟ | F63: m | G63: 387 | AC63: =G63*H63 -> 0
A64: 5975A427102 | B64: 00102 | C64: E59750427102 | D64: 접지봉 | E64: 14Φ×1000 mm | F64: 개 | G64: 27 | Q64: 제 27호
A65: E975A427014 | B65: 00102 | C65: EE9750427014 | D65: 접지크램프(IEC 90) | E65: 16sq | F65: 개 | G65: 8 | Q65: 제 28호
A66: 56959000004 | B66: 00102 | C66: EMM300041326 | D66: 케이블표지시트 | E66: 0.23x400 | F66: m | G66: 498 | Q66: 제 29호
A67: E940A267006 | B67: 00102 | C67: EE9400267006 | D67: 압착단자 | E67: R형동선 나압착 16 ㎟ | F67: 개 | G67: 4 | Q67: 제 30호
A68: E940A267007 | B68: 00102 | C68: EE9400267007 | D68: 압착단자 | E68: R형동선 나압착 25 ㎟ | F68: 개 | G68: 4 | Q68: 제 31호
A69: 56950010201 | B69: 00102 | C69: EBP110110000 | D69: 가로등 건주 기계화 시공 | E69: 일반 5m-7m | F69: 식 | G69: 21 | Q69: 제 6호
A70: 56930220040 | B70: 00102 | C70: ABB103100000 | D70: 터파기(기계90%,인력10%) | E70: 보통토사 | F70: ㎥ | G70: 176.48 | Q70: 제 1호
A71: 56930220053 | B71: 00102 | C71: ABB104100000 | D71: 되메우기(기계90%,인력10%) | E71: 보통토사 | F71: ㎥ | G71: 175.42 | Q71: 제 2호
A72: 56930220102 | B72: 00102 | C72: ABC112700000 | D72: 인력잔토처리 | E72: 현장처리 | F72: ㎥ | G72: 1.06 | Q72: 제 3호
A73: 56959000005 | B73: 00102 | C73: EMM408901996 | D73: 전주용입상관 | E73: Φ130*2t*2m | F73: EA | G73: 2 | Q73: 제 35호
A74: MM408901997 | B74: 00102 | C74: 391190ZZ701Z0100 | D74: 반경관취부밴드 | F74: EA | G74: 6
A75: 56959000009 | B75: 00102 | C75: EMM666919038 | D75: 케이블 포설(가로등) | E75: 6㎟/2C*1열 | F75: m | G75: 106 | Q75: 제 39호 | AC75: =G75*H75 -> 0
A76: 56959000011 | B76: 00102 | C76: EMM666919041 | D76: 케이블 포설(가로등) | E76: 16㎟/2C*1열 | F76: m | G76: 114 | Q76: 제 41호 | AC76: =G76*H76 -> 0
A77: GM90A002155 | B77: 00102 | C77: EGM900002155 | D77: 케이블 포설(가로등) | E77: 6㎟/4C*1열 | F77: m | G77: 376 | Q77: 제 44호 | AC77: =G77*H77 -> 0
A78: 56959000015 | B78: 00102 | C78: EMM992900263 | D78: LED 공원등기구 | E78: 50W급(A타입) | F78: 개 | G78: 21 | Q78: 제 48호
A79: 56959000017 | B79: 00102 | C79: EMM992900278 | D79: 가로등기초(직각)기성품 | E79: 500X850X675X700 | F79: 개 | G79: 21 | Q79: 제 50호
A80: 56959000019 | B80: 00102 | C80: EMM811377544 | D80: 가로등 제어반 | E80: 6회로 | F80: 개 | G80: 2 | Q80: 제 52호
A81: 56959000021 | B81: 00102 | C81: EMM811561481 | D81: 가로등 표찰 | E81: STS | F81: 개 | G81: 21 | Q81: 제 54호
A82: 56959000022 | B82: 00102 | C82: EMM992900295 | D82: 공원등주 | E82: 5m-1.0m 1등용(A타입) | F82: 개 | G82: 21 | Q82: 제 55호
A83: 56959000025 | B83: 00102 | C83: EMM811561499 | D83: 방수형 접속함 | E83: 1등용,ELB부 | F83: 개 | G83: 21 | Q83: 제 58호
A84: MM811561501 | B84: 00102 | C84: 391115ZZ701Z0023 | D84: 방수형 접속함 | E84: 격등용 | F84: 개 | G84: 16
A85: MM811567758 | B85: 00102 | C85: 391115ZZ701Z0024 | D85: 백호우 | E85: 0.4㎥ | F85: hr | G85: 9
A86: 56959000033 | B86: 00102 | C86: EMM811561518 | D86: 제어반기초(기성품) | E86: 500x500x800 | F86: 개 | G86: 2 | Q86: 제 66호
A87: 56959000034 | B87: 00102 | C87: EMM811561524 | D87: 핸드홀(기성품) | E87: 600x600x800 | F87: 개 | G87: 2 | Q87: 제 67호
A88: MM811561525 | B88: 00102 | C88: 391115ZZ701Z0063 | D88: 핸드홀뚜껑 | E88: 700x700xt32 | F88: 개 | G88: 2
AE89: =TRUNC(SUM(AE56:AE88)) -> 0
B107: 합계줄 | D107: ( 합 계 )
B108: 공종줄 | D108: 1.전기공사 (지구내)::1-3.신호등설비공사
A109: 5975D077003 | B109: 00103 | C109: ECI31100030S | D109: 파상형 폴리에틸렌 전선관 | E109: 50㎜(가로등,신호,구내) | F109: m | G109: 119 | Q109: 제 12호 | AB109: =G109*H109 -> 0 | AC109: =G109*H109 -> 0
A110: 5975D077005 | B110: 00103 | C110: ECI31100040S | D110: 파상형 폴리에틸렌 전선관 | E110: 80㎜(가로등,신호,구내) | F110: m | G110: 11 | Q110: 제 14호 | AB110: =G110*H110 -> 0 | AC110: =G110*H110 -> 0
A111: 5975D077006 | B111: 00103 | C111: ECI31100050S | D111: 파상형 폴리에틸렌 전선관 | E111: 100㎜(가로등,신호,구내) | F111: m | G111: 51 | Q111: 제 15호 | AB111: =G111*H111 -> 0 | AC111: =G111*H111 -> 0
A112: E145A927203 | B112: 00103 | C112: EE1450927203 | D112: 접지용비닐절연전선(F-GV)_지중 | E112: 6㎟ | F112: m | G112: 60 | Q112: 제 19호 | AC112: =G112*H112 -> 0
A113: GG450287520 | B113: 00103 | C113: 2612162921683903 | D113: 폴리에틸렌 난연케이블(옥외) | E113: 0.6/1kv F-CV 2C×6㎟ | F113: m | G113: 115 | AC113: =G113*H113 -> 0
A114: E145A358087 | B114: 00103 | C114: EE1450358087 | D114: 난연제어케이블 | E114: F-CVV 5Cx2.5㎟ | F114: m | G114: 142 | Q114: 제 24호 | AC114: =G114*H114 -> 0
A115: 6310A147401 | B115: 00103 | C115: E63100147401 | D115: 신호 제어기 | E115: 경보제어기, 전자회로 | F115: 대 | G115: 2 | Q115: 제 26호
A116: 5975A427102 | B116: 00103 | C116: E59750427102 | D116: 접지봉 | E116: 14Φ×1000 mm | F116: 개 | G116: 3 | Q116: 제 27호
A117: 56959000004 | B117: 00103 | C117: EMM300041326 | D117: 케이블표지시트 | E117: 0.23x400 | F117: m | G117: 136 | Q117: 제 29호
A118: MM647590406 | B118: 00103 | C118: 391115ZZ801Z2008 | D118: 레미콘 | E118: 25-210-8 | F118: ㎥ | G118: 6.783
A119: 56930220040 | B119: 00103 | C119: ABB103100000 | D119: 터파기(기계90%,인력10%) | E119: 보통토사 | F119: ㎥ | G119: 86.376 | Q119: 제 1호
A120: 56930220053 | B120: 00103 | C120: ABB104100000 | D120: 되메우기(기계90%,인력10%) | E120: 보통토사 | F120: ㎥ | G120: 79.593 | Q120: 제 2호
A121: 56930220102 | B121: 00103 | C121: ABC112700000 | D121: 인력잔토처리 | E121: 현장처리 | F121: ㎥ | G121: 6.783 | Q121: 제 3호
A122: 56930310010 | B122: 00103 | C122: ADF202100000 | D122: 레미콘타설 | E122: 무근(미할증) | F122: ㎥ | G122: 6.783 | Q122: 제 4호
A123: 56930370040 | B123: 00103 | C123: ADA220110000 | D123: 합판거푸집 | E123: 4회 | F123: ㎡ | G123: 24 | Q123: 제 5호
A124: MM389225346 | B124: 00103 | C124: 391359ZZ701Z0100 | D124: 차량등보호금구 | F124: 개 | G124: 6
A125: MM693428504 | B125: 00103 | C125: 391387ZZ701Z0100 | D125: 철주 앙카 | E125: Φ200x1.8m | F125: 개 | G125: 3
A126: 56959000009 | B126: 00103 | C126: EMM666919038 | D126: 케이블 포설(가로등) | E126: 6㎟/2C*1열 | F126: m | G126: 112 | Q126: 제 39호 | AC126: =G126*H126 -> 0
A127: 56959000023 | B127: 00103 | C127: EMM999447446 | D127: 교통신호등 | E127: 1면3색(LED Φ300) | F127: 개 | G127: 6 | Q127: 제 56호
...
