Workbook

Sheet 원가
A1: 원 가 계 산 서
A3: 공사명: | C3: 화성 청원지구 전기공사_(지구내) | E3: 공사기간: 32 개월
A4: 비 목 | C4: 구 분 | D4: 금 액 | E4: 구 성 비 | I4: 요율 | J4: 수량 | K4: 금액 | L4: 이윤 | M4: 끝자리 맞추기
B5: 재 료 비 | C5: 직 접 재 료 비 | D5: =옵션!$B$2 -> 0 | J5: 1 | K5: =D5*J5 -> 0
C6: 간 접 재 료 비 | K6: =D6*J6 -> 0
C7: ( 소 계 ) | D7: =SUM(D5:D6) -> 0 | K7: =D7*J7 -> 0
A8: 순 | B8: 노 무 비 | C8: 직 접 노 무 비 | D8: =옵션!$C$2 -> 0 | J8: 1 | K8: =D8*J8 -> 0
C9: 간 접 노 무 비 | D9: =TRUNC(D8*I9/100) -> 0 | E9: (직접 노무비) * 16.7 % | I9: 16.7 | J9: 1 | K9: =D9*J9 -> 0
C10: ( 소 계 ) | D10: =SUM(D8:D9) -> 0 | K10: =D10*J10 -> 0
C11: 기 계 경 비 | D11: =옵션!$D$2 -> 0 | J11: 1 | K11: =D11*J11 -> 0
C12: 산 재 보 험 료 | D12: =TRUNC(D10*I12/100) -> 0 | E12: (노무비) * 3.56 % | I12: 3.56 | J12: 1 | K12: =D12*J12 -> 0
A13: 공 | C13: 고 용 보 험 료 | D13: =TRUNC(D10*I13/100) -> 0 | E13: (노무비) * 1.01 % | I13: 1.01 | J13: 1 | K13: =D13*J13 -> 0
B14: 경 | C14: 퇴 직 금 공 제 | D14: =TRUNC(D8*I14/100) -> 0 | E14: (직접 노무비) * 2.3 % | I14: 2.3 | J14: 1 | K14: =D14*J14 -> 0
C15: 안 전 관 리 비 | D15: =TRUNC((D7+D8)*I15/100) -> 0 | E15: (재료+직노) * 2.07 % | I15: 2.07 | J15: 1 | K15: =D15*J15 -> 0
C16: 기 타 경 비 | D16: =TRUNC((D7+D10)*I16/100) -> 0 | E16: (재료+노무) * 5.3 % | H16: =D7+D10 -> 0 | I16: 5.3 | J16: 1 | K16: =D16*J16 -> 0
C17: 건 강 보 험 료 | D17: =TRUNC(D8*I17/100) -> 0 | E17: (직접 노무비) * 3.595 % | I17: 3.595 | J17: 1 | K17: =D17*J17 -> 0
A18: 사 | C18: 연 금 보 험 료 | D18: =TRUNC(D8*I18/100) -> 0 | E18: (직접 노무비) * 4.75 % | I18: 4.75 | J18: 1 | K18: =D18*J18 -> 0
C19: 노인장기요양보험 | D19: =TRUNC(D17*I19/100) -> 0 | E19: (건강 보험료) * 13.14 % | I19: 13.14 | J19: 1 | K19: =D19*J19 -> 0
C20: 석면분담금 | D20: =TRUNC(D10*I20/100) -> 0 | E20: (노무비) * 0.006 % | I20: 0.006 | J20: 1 | K20: =D20*J20 -> 0
C21: 임금채권부담금 | D21: =TRUNC(D10*I21/100) -> 0 | E21: (노무비) * 0.09 % | I21: 0.09 | J21: 1 | K21: =D21*J21 -> 0
B22: 비 | K22: =D22*J22 -> 0
A23: 비 | K23: =D23*J23 -> 0
K24: =D24*J24 -> 0
C25: ( 소 계 ) | D25: =SUM(D11:D24) -> 0 | K25: =D25*J25 -> 0
B26: ( 순 공 사 비 계 ) | D26: =D7+D10+D25 -> 0 | K26: =D26*J26 -> 0
A27: 일 반 관 리 비 | D27: =TRUNC((D7+D10+D25)*I27/100) -> 0 | E27: (재료+노무+경비) * 6.5 % | H27: =D7+D10+D25 -> 0 | I27: 6.5 | J27: 1 | K27: =D27*J27 -> 0
A28: 이 윤 | D28: =L28-((SUM(K5:K27)+L28-TRUNC((SUM(K5:K27)+L28)/M28)*M28)) -> 0 | E28: (노무+경비+일반관리비) * 15 % | I28: 15 | J28: 1 | K28: =D28*J28 -> 0 | L28: =TRUNC((D10+D25+D27)*I28/100) -> 0 | M28: 100000
A29: ( 총 원 가 ) | D29: =SUM(K5:K28) -> 0 | K29: =D29*J29 -> 0
A30: 부 가 가 치 세 | D30: =TRUNC(D29*I30/100) -> 0 | I30: 10 | J30: 1 | K30: =D30*J30 -> 0
A31: 한 전 수 탁 비 | D31: ='한전인입공사비 (지구내)'!H25 -> 5131000 | J31: 1 | K31: =D31*J31 -> 5131000
K32: =D32*J32 -> 0
K33: =D33*J33 -> 0
K34: =D34*J34 -> 0
A35: ( 총 계 ) | D35: =K35 -> 5131000 | K35: =SUM(K5:K34) -> 5131000

Sheet 총괄표
A1: 총줄수-> | B1: 81 | C1: 2.0 | D1: [ 화성 청원지구 전기공사 ] | AA1: 연속견적가로형식
A2: 번호 | B2: 공종코드 | C2: … | D2: 공 종 명 | E2: 규격 | F2: 단위 | G2: 수량 | H2: 재료비 | J2: 노무비 | M2: 경비 | P2: 계 | Q2: 비고
H3: 단가 | I3: 금액 | J3: 수량 | K3: 단가 | L3: 금액 | M3: 단가 | N3: 금액 | O3: 단가
B4: 공종줄 | D4: [화성 청원지구 전기공사]
B5: 001 | D5: 1. 전기공사 (지구내) | F5: 식 | G5: 1 | H5: =총괄표!I55 -> 0 | I5: =G5*H5 -> 0 | K5: =총괄표!L55 -> 0 | L5: =G5*K5 -> 0 | M5: =총괄표!N55 -> 0 | N5: =G5*M5 -> 0 | P5: =SUM(I5,L5,N5) -> 0
I7: =G7*H7 -> 0 | L7: =G7*K7 -> 0 | N7: =G7*M7 -> 0 | P7: =SUM(I7,L7,N7) -> 0
I8: =G8*H8 -> 0 | L8: =G8*K8 -> 0 | N8: =G8*M8 -> 0 | P8: =SUM(I8,L8,N8) -> 0
I9: =G9*H9 -> 0 | L9: =G9*K9 -> 0 | N9: =G9*M9 -> 0 | P9: =SUM(I9,L9,N9) -> 0
I10: =G10*H10 -> 0 | L10: =G10*K10 -> 0 | N10: =G10*M10 -> 0 | P10: =SUM(I10,L10,N10) -> 0
I11: =G11*H11 -> 0 | L11: =G11*K11 -> 0 | N11: =G11*M11 -> 0 | P11: =SUM(I11,L11,N11) -> 0
I12: =G12*H12 -> 0 | L12: =G12*K12 -> 0 | N12: =G12*M12 -> 0 | P12: =SUM(I12,L12,N12) -> 0
I13: =G13*H13 -> 0 | L13: =G13*K13 -> 0 | N13: =G13*M13 -> 0 | P13: =SUM(I13,L13,N13) -> 0
I14: =G14*H14 -> 0 | L14: =G14*K14 -> 0 | N14: =G14*M14 -> 0 | P14: =SUM(I14,L14,N14) -> 0
I15: =G15*H15 -> 0 | L15: =G15*K15 -> 0 | N15: =G15*M15 -> 0 | P15: =SUM(I15,L15,N15) -> 0
I16: =G16*H16 -> 0 | L16: =G16*K16 -> 0 | N16: =G16*M16 -> 0 | P16: =SUM(I16,L16,N16) -> 0
I17: =G17*H17 -> 0 | L17: =G17*K17 -> 0 | N17: =G17*M17 -> 0 | P17: =SUM(I17,L17,N17) -> 0
I18: =G18*H18 -> 0 | L18: =G18*K18 -> 0 | N18: =G18*M18 -> 0 | P18: =SUM(I18,L18,N18) -> 0
... I28: =G28*H28 -> 0 | L28: =G28*K28 -> 0 | N28: =G28*M28 -> 0 | P28: =SUM(I28,L28,N28) -> 0
C29: Total | D29: ( 합 계 ) | I29: =TRUNC(SUM(I4:I28)) -> 0 | L29: =TRUNC(SUM(L4:L28)) -> 0 | N29: =TRUNC(SUM(N4:N28)) -> 0 | P29: =TRUNC(SUM(P4:P28)) -> 0
B30: 공종줄 | D30: 1.전기공사 (지구내)
B31: 00101 | D31: 1-1.가로등설비공사 | F31: 식 | G31: 1 | H31: =내역서!I55 -> 0 | I31: =G31*H31 -> 0 | K31: =내역서!L55 -> 0 | L31: =G31*K31 -> 0 | M31: =내역서!N55 -> 0 | N31: =G31*M31 -> 0 | P31: =SUM(I31,L31,N31) -> 0
B32: 00102 | D32: 1-2.공원등설비공사 | F32: 식 | G32: 1 | H32: =내역서!I107 -> 0 | I32: =G32*H32 -> 0 | K32: =내역서!L107 -> 0 | L32: =G32*K32 -> 0 | M32: =내역서!N107 -> 0 | N32: =G32*M32 -> 0 | P32: =SUM(I32,L32,N32) -> 0
B33: 00103 | D33: 1-3.신호등설비공사 | F33: 식 | G33: 1 | H33: =내역서!I133 -> 0 | I33: =G33*H33 -> 0 | K33: =내역서!L133 -> 0 | L33: =G33*K33 -> 0 | M33: =내역서!N133 -> 0 | N33: =G33*M33 -> 0 | P33: =SUM(I33,L33,N33) -> 0
B34: 00104 | D34: 1-4.공원 통신설비 공사 | F34: 식 | G34: 1 | H34: =내역서!I185 -> 0 | I34: =G34*H34 -> 0 | K34: =내역서!L185 -> 0 | L34: =G34*K34 -> 0 | M34: =내역서!N185 -> 0 | N34: =G34*M34 -> 0 | P34: =SUM(I34,L34,N34) -> 0
B35: 00105 | D35: 1-5.불법주정차단속시스템 | F35: 식 | G35: 1 | H35: =내역서!I211 -> 0 | I35: =G35*H35 -> 0 | K35: =내역서!L211 -> 0 | L35: =G35*K35 -> 0 | M35: =내역서!N211 -> 0 | N35: =G35*M35 -> 0 | P35: =SUM(I35,L35,N35) -> 0
I36: =G36*H36 -> 0 | L36: =G36*K36 -> 0 | N36: =G36*M36 -> 0 | P36: =SUM(I36,L36,N36) -> 0
I37: =G37*H37 -> 0 | L37: =G37*K37 -> 0 | N37: =G37*M37 -> 0 | P37: =SUM(I37,L37,N37) -> 0
I38: =G38*H38 -> 0 | L38: =G38*K38 -> 0 | N38: =G38*M38 -> 0 | P38: =SUM(I38,L38,N38) -> 0
I39: =G39*H39 -> 0 | L39: =G39*K39 -> 0 | N39: =G39*M39 -> 0 | P39: =SUM(I39,L39,N39) -> 0
I40: =G40*H40 -> 0 | L40: =G40*K40 -> 0 | N40: =G40*M40 -> 0 | P40: =SUM(I40,L40,N40) -> 0
I41: =G41*H41 -> 0 | L41: =G41*K41 -> 0 | N41: =G41*M41 -> 0 | P41: =SUM(I41,L41,N41) -> 0
I42: =G42*H42 -> 0 | L42: =G42*K42 -> 0 | N42: =G42*M42 -> 0 | P42: =SUM(I42,L42,N42) -> 0
I43: =G43*H43 -> 0 | L43: =G43*K43 -> 0 | N43: =G43*M43 -> 0 | P43: =SUM(I43,L43,N43) -> 0
I44: =G44*H44 -> 0 | L44: =G44*K44 -> 0 | N44: =G44*M44 -> 0 | P44: =SUM(I44,L44,N44) -> 0
I45: =G45*H45 -> 0 | L45: =G45*K45 -> 0 | N45: =G45*M45 -> 0 | P45: =SUM(I45,L45,N45) -> 0
I46: =G46*H46 -> 0 | L46: =G46*K46 -> 0 | N46: =G46*M46 -> 0 | P46: =SUM(I46,L46,N46) -> 0
I47: =G47*H47 -> 0 | L47: =G47*K47 -> 0 | N47: =G47*M47 -> 0 | P47: =SUM(I47,L47,N47) -> 0
... I54: =G54*H54 -> 0 | L54: =G54*K54 -> 0 | N54: =G54*M54 -> 0 | P54: =SUM(I54,L54,N54) -> 0
B55: 001 | C55: Total | D55: ( 합 계 ) | I55: =TRUNC(SUM(I30:I54)) -> 0 | L55: =TRUNC(SUM(L30:L54)) -> 0 | N55: =TRUNC(SUM(N30:N54)) -> 0 | P55: =TRUNC(SUM(P30:P54)) -> 0
B56: 공종줄 | D56: 2.전기공사 (지구외)
B57: 00201 | D57: 2-1.가로등설비공사 | F57: 식 | G57: 1 | H57: =내역서!I263 -> 107230642 | I57: =G57*H57 -> 107230642 | K57: =내역서!L263 -> 45325499 | L57: =G57*K57 -> 45325499 | M57: =내역서!N263 -> 1944213 | N57: =G57*M57 -> 1944213 | P57: =SUM(I57,L57,N57) -> 154500354
B58: 00202 | D58: 2-2.신호등설비공사 | F58: 식 | G58: 1 | H58: =내역서!I315 -> 34517753 | I58: =G58*H58 -> 34517753 | K58: =내역서!L315 -> 15392717 | L58: =G58*K58 -> 15392717 | M58: =내역서!N315 -> 100126 | N58: =G58*M58 -> 100126 | P58: =SUM(I58,L58,N58) -> 50010596
B59: 00203 | D59: 2-3.불법주정차단속시스템 | F59: 식 | G59: 1 | H59: =내역서!I341 -> 23670000 | I59: =G59*H59 -> 23670000 | K59: =내역서!L341 -> 0 | L59: =G59*K59 -> 0 | M59: =내역서!N341 -> 0 | N59: =G59*M59 -> 0 | P59: =SUM(I59,L59,N59) -> 23670000
I60: =G60*H60 -> 0 | L60: =G60*K60 -> 0 | N60: =G60*M60 -> 0 | P60: =SUM(I60,L60,N60) -> 0
I61: =G61*H61 -> 0 | L61: =G61*K61 -> 0 | N61: =G61*M61 -> 0 | P61: =SUM(I61,L61,N61) -> 0
I62: =G62*H62 -> 0 | L62: =G62*K62 -> 0 | N62: =G62*M62 -> 0 | P62: =SUM(I62,L62,N62) -> 0
I63: =G63*H63 -> 0 | L63: =G63*K63 -> 0 | N63: =G63*M63 -> 0 | P63: =SUM(I63,L63,N63) -> 0
I64: =G64*H64 -> 0 | L64: =G64*K64 -> 0 | N64: =G64*M64 -> 0 | P64: =SUM(I64,L64,N64) -> 0
I65: =G65*H65 -> 0 | L65: =G65*K65 -> 0 | N65: =G65*M65 -> 0 | P65: =SUM(I65,L65,N65) -> 0
I66: =G66*H66 -> 0 | L66: =G66*K66 -> 0 | N66: =G66*M66 -> 0 | P66: =SUM(I66,L66,N66) -> 0
I67: =G67*H67 -> 0 | L67: =G67*K67 -> 0 | N67: =G67*M67 -> 0 | P67: =SUM(I67,L67,N67) -> 0
I68: =G68*H68 -> 0 | L68: =G68*K68 -> 0 | N68: =G68*M68 -> 0 | P68: =SUM(I68,L68,N68) -> 0
I69: =G69*H69 -> 0 | L69: =G69*K69 -> 0 | N69: =G69*M69 -> 0 | P69: =SUM(I69,L69,N69) -> 0
I70: =G70*H70 -> 0 | L70: =G70*K70 -> 0 | N70: =G70*M70 -> 0 | P70: =SUM(I70,L70,N70) -> 0
I71: =G71*H71 -> 0 | L71: =G71*K71 -> 0 | N71: =G71*M71 -> 0 | P71: =SUM(I71,L71,N71) -> 0
... I80: =G80*H80 -> 0 | L80: =G80*K80 -> 0 | N80: =G80*M80 -> 0 | P80: =SUM(I80,L80,N80) -> 0
B81: 002 | C81: Total | D81: ( 합 계 ) | I81: =TRUNC(SUM(I56:I80)) -> 165418395 | L81: =TRUNC(SUM(L56:L80)) -> 60718216 | N81: =TRUNC(SUM(N56:N80)) -> 2044339 | P81: =TRUNC(SUM(P56:P80)) -> 228180950

Sheet 내역서
A1: 총줄수-> | B1: 341 | C1: 2.0 | D1: [ 화성 청원지구 전기공사 ] | W1: 노임 계산 정보 | AA1: 부속재 및 손료
A2: 번호 | B2: 공종코드 | C2: 코드 | D2: 명 칭 | E2: 규 격 | F2: 단위 | G2: 수량 | H2: 재료비 | J2: 노무비 | M2: 경비 | P2: 계 | Q2: 비고 | W2: 노임계 | X2: 전체(%) | Y2: 공종별(%) | Z2: 노임 소수 | AA2: CD배관재 | AB2: 일반배관재 | AC2: 소모재 | AD2: 자재계 | AE2: 노임계
H3: 단가 | I3: 금액 | J3: 수량 | K3: 단가 | L3: 금액 | M3: 단가 | N3: 금액 | O3: 단가 | AD3: =IF(옵션!$C$11 =0, "1", 옵션!$C$11) -> 1 | AE3: =IF(옵션!$C$12 =0, "1", 옵션!$C$12) -> 1
B4: 공종줄 | D4: 1.전기공사 (지구내)::1-1.가로등설비공사
A5: 5975D077002 | B5: 00101 | C5: E59753077002 | D5: 파상형 폴리에틸렌 전선관 | E5: 40㎜(가로등,신호,구내) | F5: m | G5: 2061 | Q5: 제 11호 | AB5: =G5*H5 -> 0 | AC5: =G5*H5 -> 0
A6: 5975D077003 | B6: 00101 | C6: ECI31100030S | D6: 파상형 폴리에틸렌 전선관 | E6: 50㎜(가로등,신호,구내) | F6: m | G6: 105 | Q6: 제 12호 | AB6: =G6*H6 -> 0 | AC6: =G6*H6 -> 0
A7: E145A927203 | B7: 00101 | C7: EE1450927203 | D7: 접지용비닐절연전선(F-GV)_지중 | E7: 6㎟ | F7: m | G7: 35 | Q7: 제 19호 | AC7: =G7*H7 -> 0
A8: E145A927204 | B8: 00101 | C8: EE1450927204 | D8: 접지용비닐절연전선(F-GV) | E8: 10㎟ | F8: m | G8: 2157 | Q8: 제 20호 | AC8: =G8*H8 -> 0
A9: E145A927205 | B9: 00101 | C9: EE1450927205 | D9: 접지용비닐절연전선(F-GV) | E9: 16㎟ | F9: m | G9: 39 | Q9: 제 21호 | AC9: =G9*H9 -> 0
A10: E145A287521 | B10: 00101 | C10: EE1450287521 | D10: 폴리에틸렌 난연케이블 | E10: 0.6/1kv F-CV 2C×2.5㎟ | F10: m | G10: 780 | Q10: 제 22호 | AC10: =G10*H10 -> 0
A11: GG450287521 | B11: 00101 | C11: 2612162921683904 | D11: 폴리에틸렌 난연케이블(옥외) | E11: 0.6/1kv F-CV 2C×10㎟ | F11: m | G11: 487 | AC11: =G11*H11 -> 0
A12: GG450287523 | B12: 00101 | C12: 2612162921683906 | D12: 폴리에틸렌 난연케이블(옥외) | E12: 0.6/1kv F-CV 2C×25㎟ | F12: m | G12: 105 | AC12: =G12*H12 -> 0
A13: GG450287551 | B13: 00101 | C13: 2612162921683946 | D13: 폴리에틸렌 난연케이블(옥외) | E13: 0.6/1kv F-CV 4C×10㎟ | F13: m | G13: 1565 | AC13: =G13*H13 -> 0
A14: GG450287553 | B14: 00101 | C14: 2612162921683948 | D14: 폴리에틸렌 난연케이블(옥외) | E14: 0.6/1kv F-CV 4C×25㎟ | F14: m | G14: 105 | AC14: =G14*H14 -> 0
A15: 5975A427102 | B15: 00101 | C15: E59750427102 | D15: 접지봉 | E15: 14Φ×1000 mm | F15: 개 | G15: 14 | Q15: 제 27호
A16: E975A427014 | B16: 00101 | C16: EE9750427014 | D16: 접지크램프(IEC 90) | E16: 16sq | F16: 개 | G16: 16 | Q16: 제 28호
A17: 56959000004 | B17: 00101 | C17: EMM300041326 | D17: 케이블표지시트 | E17: 0.23x400 | F17: m | G17: 2005 | Q17: 제 29호
A18: E940A267007 | B18: 00101 | C18: EE9400267007 | D18: 압착단자 | E18: R형동선 나압착 25 ㎟ | F18: 개 | G18: 24 | Q18: 제 31호
A19: 56950010201 | B19: 00101 | C19: EBP110110000 | D19: 가로등 건주 기계화 시공 | E19: 일반 5m-7m | F19: 식 | G19: 2 | Q19: 제 6호
A20: 56950010203 | B20: 00101 | C20: EBP110130000 | D20: 가로등 건주 기계화 시공 | E20: 일반 10m-12m | F20: 식 | G20: 43 | Q20: 제 7호
A21: 56930220040 | B21: 00101 | C21: ABB103100000 | D21: 터파기(기계90%,인력10%) | E21: 보통토사 | F21: ㎥ | G21: 794.591 | Q21: 제 1호
A22: 56930220053 | B22: 00101 | C22: ABB104100000 | D22: 되메우기(기계90%,인력10%) | E22: 보통토사 | F22: ㎥ | G22: 767.46 | Q22: 제 2호
A23: 56930220102 | B23: 00101 | C23: ABC112700000 | D23: 인력잔토처리 | E23: 현장처리 | F23: ㎥ | G23: 27.131 | Q23: 제 3호
A24: 56959000005 | B24: 00101 | C24: EMM408901996 | D24: 전주용입상관 | E24: Φ130*2t*2m | F24: EA | G24: 4 | Q24: 제 35호
A25: MM408901997 | B25: 00101 | C25: 391190ZZ701Z0100 | D25: 반경관취부밴드 | F25: EA | G25: 12
A26: 56959000010 | B26: 00101 | C26: EMM666919040 | D26: 케이블 포설(가로등) | E26: 10㎟/2C*1열 | F26: m | G26: 473 | Q26: 제 40호 | AC26: =G26*H26 -> 0
A27: 56959000012 | B27: 00101 | C27: EMM666919042 | D27: 케이블 포설(가로등) | E27: 25㎟/2C*1열 | F27: m | G27: 114 | Q27: 제 42호 | AC27: =G27*H27 -> 0
A28: GM42C520962 | B28: 00101 | C28: EGM422520962 | D28: 케이블 포설(가로등) | E28: 10㎟/4C*1열 | F28: m | G28: 1520 | Q28: 제 45호 | AC28: =G28*H28 -> 0
A29: GM90A002029 | B29: 00101 | C29: EGM900002029 | D29: 케이블 포설(가로등) | E29: 25㎟/4C*1열 | F29: m | G29: 102 | Q29: 제 46호 | AC29: =G29*H29 -> 0
A30: 56959000014 | B30: 00101 | C30: EMM868935935 | D30: LED 가로등기구 | E30: 100W급 | F30: 개 | G30: 43 | Q30: 제 47호
A31: 56959000015 | B31: 00101 | C31: EMM992900263 | D31: LED 공원등기구 | E31: 50W급(A타입) | F31: 개 | G31: 2 | Q31: 제 48호
A32: 56959000017 | B32: 00101 | C32: EMM992900278 | D32: 가로등기초(직각)기성품 | E32: 500X850X675X700 | F32: 개 | G32: 2 | Q32: 제 50호
A33: 56959000018 | B33: 00101 | C33: EMM811566471 | D33: 가로등기초 | E33: 500x775x1050x1100(E) | F33: 개 | G33: 43 | Q33: 제 51호
A34: 56959000019 | B34: 00101 | C34: EMM811377544 | D34: 가로등 제어반 | E34: 6회로 | F34: 개 | G34: 2 | Q34: 제 52호
A35: MM811377553 | B35: 00101 | C35: 391115ZZ701Z0008 | D35: 가로등주 | E35: 원형테퍼 강관주 10m -1등용 | F35: 개 | G35: 43
A36: 56959000021 | B36: 00101 | C36: EMM811561481 | D36: 가로등 표찰 | E36: STS | F36: 개 | G36: 45 | Q36: 제 54호
A37: 56959000022 | B37: 00101 | C37: EMM992900295 | D37: 공원등주 | E37: 5m-1.0m 1등용(A타입) | F37: 개 | G37: 2 | Q37: 제 55호
A38: 56959000025 | B38: 00101 | C38: EMM811561499 | D38: 방수형 접속함 | E38: 1등용,ELB부 | F38: 개 | G38: 45 | Q38: 제 58호
A39: MM811561501 | B39: 00101 | C39: 391115ZZ701Z0023 | D39: 방수형 접속함 | E39: 격등용 | F39: 개 | G39: 34
A40: MM811567758 | B40: 00101 | C40: 391115ZZ701Z0024 | D40: 백호우 | E40: 0.4㎥ | F40: hr | G40: 21
A41: 56959000033 | B41: 00101 | C41: EMM811561518 | D41: 제어반기초(기성품) | E41: 500x500x800 | F41: 개 | G41: 2 | Q41: 제 66호
A42: 56959000034 | B42: 00101 | C42: EMM811561524 | D42: 핸드홀(기성품) | E42: 600x600x800 | F42: 개 | G42: 6 | Q42: 제 67호
A43: MM811561525 | B43: 00101 | C43: 391115ZZ701Z0063 | D43: 핸드홀뚜껑 | E43: 700x700xt32 | F43: 개 | G43: 6
AE44: =TRUNC(SUM(AE4:AE43)) -> 0
B55: 합계줄 | D55: ( 합 계 )
B56: 공종줄 | D56: 1.전기공사 (지구내)::1-2.공원등설비공사
A57: 5975D077002 | B57: 00102 | C57: E59753077002 | D57: 파상형 폴리에틸렌 전선관 | E57: 40㎜(가로등,신호,구내) | F57: m | G57: 558 | Q57: 제 11호 | AB57: =G57*H57 -> 0 | AC57: =G57*H57 -> 0
A58: E145A927203 | B58: 00102 | C58: EE1450927203 | D58: 접지용비닐절연전선(F-GV)_지중 | E58: 6㎟ | F58: m | G58: 528 | Q58: 제 19호 | AC58: =G58*H58 -> 0
A59: E145A927205 | B59: 00102 | C59: EE1450927205 | D59: 접지용비닐절연전선(F-GV) | E59: 16㎟ | F59: m | G59: 19 | Q59: 제 21호 | AC59: =G59*H59 -> 0
A60: E145A287521 | B60: 00102 | C60: EE1450287521 | D60: 폴리에틸렌 난연케이블 | E60: 0.6/1kv F-CV 2C×2.5㎟ | F60: m | G60: 132 | Q60: 제 22호 | AC60: =G60*H60 -> 0
A61: GG450287520 | B61: 00102 | C61: 2612162921683903 | D61: 폴리에틸렌 난연케이블(옥외) | E61: 0.6/1kv F-CV 2C×6㎟ | F61: m | G61: 109 | AC61: =G61*H61 -> 0
A62: GG450287522 | B62: 00102 | C62: 2612162921683905 | D62: 폴리에틸렌 난연케이블(옥외) | E62: 0.6/1kv F-CV 2C×16㎟ | F62: m | G62: 105 | AC62: =G62*H62 -> 0
A63: GG450287550 | B63: 00102 | C63: 2612162921683945 | D63: 폴리에틸렌 난연케이블(옥외) | E63: 0.6/1kv F-CV 4C×6㎟ | F63: m | G63: 387 | AC63: =G63*H63 -> 0
A64: 5975A427102 | B64: 00102 | C64: E59750427102 | D64: 접지봉 | E64: 14Φ×1000 mm | F64: 개 | G64: 27 | Q64: 제 27호
A65: E975A427014 | B65: 00102 | C65: EE9750427014 | D65: 접지크램프(IEC 90) | E65: 16sq | F65: 개 | G65: 8 | Q65: 제 28호
A66: 56959000004 | B66: 00102 | C66: EMM300041326 | D66: 케이블표지시트 | E66: 0.23x400 | F66: m | G66: 498 | Q66: 제 29호
A67: E940A267006 | B67: 00102 | C67: EE9400267006 | D67: 압착단자 | E67: R형동선 나압착 16 ㎟ | F67: 개 | G67: 4 | Q67: 제 30호
A68: E940A267007 | B68: 00102 | C68: EE9400267007 | D68: 압착단자 | E68: R형동선 나압착 25 ㎟ | F68: 개 | G68: 4 | Q68: 제 31호
A69: 56950010201 | B69: 00102 | C69: EBP110110000 | D69: 가로등 건주 기계화 시공 | E69: 일반 5m-7m | F69: 식 | G69: 21 | Q69: 제 6호
A70: 56930220040 | B70: 00102 | C70: ABB103100000 | D70: 터파기(기계90%,인력10%) | E70: 보통토사 | F70: ㎥ | G70: 176.48 | Q70: 제 1호
A71: 56930220053 | B71: 00102 | C71: ABB104100000 | D71: 되메우기(기계90%,인력10%) | E71: 보통토사 | F71: ㎥ | G71: 175.42 | Q71: 제 2호
A72: 56930220102 | B72: 00102 | C72: ABC112700000 | D72: 인력잔토처리 | E72: 현장처리 | F72: ㎥ | G72: 1.06 | Q72: 제 3호
A73: 56959000005 | B73: 00102 | C73: EMM408901996 | D73: 전주용입상관 | E73: Φ130*2t*2m | F73: EA | G73: 2 | Q73: 제 35호
A74: MM408901997 | B74: 00102 | C74: 391190ZZ701Z0100 | D74: 반경관취부밴드 | F74: EA | G74: 6
A75: 56959000009 | B75: 00102 | C75: EMM666919038 | D75: 케이블 포설(가로등) | E75: 6㎟/2C*1열 | F75: m | G75: 106 | Q75: 제 39호 | AC75: =G75*H75 -> 0
A76: 56959000011 | B76: 00102 | C76: EMM666919041 | D76: 케이블 포설(가로등) | E76: 16㎟/2C*1열 | F76: m | G76: 114 | Q76: 제 41호 | AC76: =G76*H76 -> 0
A77: GM90A002155 | B77: 00102 | C77: EGM900002155 | D77: 케이블 포설(가로등) | E77: 6㎟/4C*1열 | F77: m | G77: 376 | Q77: 제 44호 | AC77: =G77*H77 -> 0
A78: 56959000015 | B78: 00102 | C78: EMM992900263 | D78: LED 공원등기구 | E78: 50W급(A타입) | F78: 개 | G78: 21 | Q78: 제 48호
A79: 56959000017 | B79: 00102 | C79: EMM992900278 | D79: 가로등기초(직각)기성품 | E79: 500X850X675X700 | F79: 개 | G79: 21 | Q79: 제 50호
A80: 56959000019 | B80: 00102 | C80: EMM811377544 | D80: 가로등 제어반 | E80: 6회로 | F80: 개 | G80: 2 | Q80: 제 52호
A81: 56959000021 | B81: 00102 | C81: EMM811561481 | D81: 가로등 표찰 | E81: STS | F81: 개 | G81: 21 | Q81: 제 54호
A82: 56959000022 | B82: 00102 | C82: EMM992900295 | D82: 공원등주 | E82: 5m-1.0m 1등용(A타입) | F82: 개 | G82: 21 | Q82: 제 55호
A83: 56959000025 | B83: 00102 | C83: EMM811561499 | D83: 방수형 접속함 | E83: 1등용,ELB부 | F83: 개 | G83: 21 | Q83: 제 58호
A84: MM811561501 | B84: 00102 | C84: 391115ZZ701Z0023 | D84: 방수형 접속함 | E84: 격등용 | F84: 개 | G84: 16
A85: MM811567758 | B85: 00102 | C85: 391115ZZ701Z0024 | D85: 백호우 | E85: 0.4㎥ | F85: hr | G85: 9
A86: 56959000033 | B86: 00102 | C86: EMM811561518 | D86: 제어반기초(기성품) | E86: 500x500x800 | F86: 개 | G86: 2 | Q86: 제 66호
A87: 56959000034 | B87: 00102 | C87: EMM811561524 | D87: 핸드홀(기성품) | E87: 600x600x800 | F87: 개 | G87: 2 | Q87: 제 67호
A88: MM811561525 | B88: 00102 | C88: 391115ZZ701Z0063 | D88: 핸드홀뚜껑 | E88: 700x700xt32 | F88: 개 | G88: 2
AE89: =TRUNC(SUM(AE56:AE88)) -> 0
B107: 합계줄 | D107: ( 합 계 )
B108: 공종줄 | D108: 1.전기공사 (지구내)::1-3.신호등설비공사
A109: 5975D077003 | B109: 00103 | C109: ECI31100030S | D109: 파상형 폴리에틸렌 전선관 | E109: 50㎜(가로등,신호,구내) | F109: m | G109: 119 | Q109: 제 12호 | AB109: =G109*H109 -> 0 | AC109: =G109*H109 -> 0
A110: 5975D077005 | B110: 00103 | C110: ECI31100040S | D110: 파상형 폴리에틸렌 전선관 | E110: 80㎜(가로등,신호,구내) | F110: m | G110: 11 | Q110: 제 14호 | AB110: =G110*H110 -> 0 | AC110: =G110*H110 -> 0
A111: 5975D077006 | B111: 00103 | C111: ECI31100050S | D111: 파상형 폴리에틸렌 전선관 | E111: 100㎜(가로등,신호,구내) | F111: m | G111: 51 | Q111: 제 15호 | AB111: =G111*H111 -> 0 | AC111: =G111*H111 -> 0
A112: E145A927203 | B112: 00103 | C112: EE1450927203 | D112: 접지용비닐절연전선(F-GV)_지중 | E112: 6㎟ | F112: m | G112: 60 | Q112: 제 19호 | AC112: =G112*H112 -> 0
A113: GG450287520 | B113: 00103 | C113: 2612162921683903 | D113: 폴리에틸렌 난연케이블(옥외) | E113: 0.6/1kv F-CV 2C×6㎟ | F113: m | G113: 115 | AC113: =G113*H113 -> 0
A114: E145A358087 | B114: 00103 | C114: EE1450358087 | D114: 난연제어케이블 | E114: F-CVV 5Cx2.5㎟ | F114: m | G114: 142 | Q114: 제 24호 | AC114: =G114*H114 -> 0
A115: 6310A147401 | B115: 00103 | C115: E63100147401 | D115: 신호 제어기 | E115: 경보제어기, 전자회로 | F115: 대 | G115: 2 | Q115: 제 26호
A116: 5975A427102 | B116: 00103 | C116: E59750427102 | D116: 접지봉 | E116: 14Φ×1000 mm | F116: 개 | G116: 3 | Q116: 제 27호
A117: 56959000004 | B117: 00103 | C117: EMM300041326 | D117: 케이블표지시트 | E117: 0.23x400 | F117: m | G117: 136 | Q117: 제 29호
A118: MM647590406 | B118: 00103 | C118: 391115ZZ801Z2008 | D118: 레미콘 | E118: 25-210-8 | F118: ㎥ | G118: 6.783
A119: 56930220040 | B119: 00103 | C119: ABB103100000 | D119: 터파기(기계90%,인력10%) | E119: 보통토사 | F119: ㎥ | G119: 86.376 | Q119: 제 1호
A120: 56930220053 | B120: 00103 | C120: ABB104100000 | D120: 되메우기(기계90%,인력10%) | E120: 보통토사 | F120: ㎥ | G120: 79.593 | Q120: 제 2호
A121: 56930220102 | B121: 00103 | C121: ABC112700000 | D121: 인력잔토처리 | E121: 현장처리 | F121: ㎥ | G121: 6.783 | Q121: 제 3호
A122: 56930310010 | B122: 00103 | C122: ADF202100000 | D122: 레미콘타설 | E122: 무근(미할증) | F122: ㎥ | G122: 6.783 | Q122: 제 4호
A123: 56930370040 | B123: 00103 | C123: ADA220110000 | D123: 합판거푸집 | E123: 4회 | F123: ㎡ | G123: 24 | Q123: 제 5호
A124: MM389225346 | B124: 00103 | C124: 391359ZZ701Z0100 | D124: 차량등보호금구 | F124: 개 | G124: 6
A125: MM693428504 | B125: 00103 | C125: 391387ZZ701Z0100 | D125: 철주 앙카 | E125: Φ200x1.8m | F125: 개 | G125: 3
A126: 56959000009 | B126: 00103 | C126: EMM666919038 | D126: 케이블 포설(가로등) | E126: 6㎟/2C*1열 | F126: m | G126: 112 | Q126: 제 39호 | AC126: =G126*H126 -> 0
A127: 56959000023 | B127: 00103 | C127: EMM999447446 | D127: 교통신호등 | E127: 1면3색(LED Φ300) | F127: 개 | G127: 6 | Q127: 제 56호
...

Sheet 한전인입공사비 (지구내)
A1: ■ 한전인입 공사비
A3: 1. 공사비 산출근거 (한국전력공사 전기공급 약관 별표4 표준공사비 단가표)
A4: 1) 기본공사비 (부가가치세 불포함)
A5: 구 분 | H5: 금 액 | L5: 비 고
H6: 가공공급 | J6: 지중공급
A7: 저 압 | C7: 매 1계약에 대하여 계약전력 5kW까지 | H7: 306000 | J7: 588000
C8: 계약전력 5kW 초과분의 매 1kW에 대하여 | H8: 121000 | J8: 141000
A9: 고압 또는 특별고압 | C9: 신증설 계약전력 매 1kW에 대하여 | H9: 24000 | J9: 50000
A10: 2) 거리공사비 (부가가치세 불포함)
A11: 구 분 | H11: 가공공급 | J11: 지중공급 | L11: 비 고
H12: 단상 | I12: 삼상
A13: 신설거리 공사비 | C13: 기본거리를 초과하는 신설거리 매 1m에 대하여 | G13: 저압 | H13: 48000 | I13: 53000 | J13: 75000
G14: 특별고압 | H14: 53000 | J14: 137000
A15: 첨가거리 공사비 | C15: 기본거리를 초과하는 첨가거리 매 1m에 대하여 | G15: 저압 | H15: 7000 | J15: -
G16: 특별고압 | H16: 12000 | J16: -
A17: 기본거리 : 가공배전선로 (200M), 지중배전선로 (50M)
A18: ■ 한전인입 및 사용전공사비 적용
A19: 구 분 | C19: 개 요 | H19: 소 계 | J19: 비 고
A20: 한전 인입공사비 | C20: 특고압수전 | H20: =K54 -> 0
A21: 한전 인입공사비 | C21: 저압수전 | H21: =K45 -> 4290000
A22: 사용전 검사비 | H22: ='사용전검사비 (지구내)'!K23 -> 841000
A24: 계 | H24: =SUM(H20:H23) -> 5131000 | J24: 부가가치세포함
A25: 적용 | H25: =TRUNC(H24,-3) -> 5131000 | J25: 천단위이하 절사
A26: ■ 한전인입 공사비
A27: 구 분 | B27: 예상수전점 까지의거리 | C27: 시설용량 (kW) | D27: 기본공사비 | J27: 거리공사비 | K27: 소 계 | L27: 비 고
D28: 수전 개소 | E28: 계약전력 5kW까지 | F28: 계약전력 5kW초과분의 매 1kW에 대하여 | I28: 계 | J28: 기본거리 50m (지중), 200m (가공)
A30: [가로등 저압]
A31: 가로등-1 | B31: 50 | C31: 3 | D31: 1 | E31: =$H$7*D31 -> 306000 | F31: =IF(C31>5*D31,C31-5*D31,0) -> 0 | G31: =IF(F31=0,0,$J$8) -> 0 | H31: =F31*G31 -> 0 | I31: =E31+H31 -> 306000 | J31: =IF(L31="가공",IF(B31<200,"0",IF(B31>=200,(B31-200)*$H$14)),IF(L31="지중",IF(B31<50,"0",IF(B31>=50,(B31-50)*$J$13)))) -> 0 | K31: =I31+J31 -> 306000 | L31: 가공
A32: 가로등-2 | B32: 50 | C32: 3 | D32: 1 | E32: =$H$7*D32 -> 306000 | F32: =IF(C32>5*D32,C32-5*D32,0) -> 0 | G32: =IF(F32=0,0,$J$8) -> 0 | H32: =F32*G32 -> 0 | I32: =E32+H32 -> 306000 | J32: =IF(L32="가공",IF(B32<200,"0",IF(B32>=200,(B32-200)*$H$14)),IF(L32="지중",IF(B32<50,"0",IF(B32>=50,(B32-50)*$J$13)))) -> 0 | K32: =I32+J32 -> 306000 | L32: 가공
A33: 공원등-1 | B33: 50 | C33: 3 | D33: 1 | E33: =$H$7*D33 -> 306000 | F33: =IF(C33>5*D33,C33-5*D33,0) -> 0 | G33: =IF(F33=0,0,$J$8) -> 0 | H33: =F33*G33 -> 0 | I33: =E33+H33 -> 306000 | J33: =IF(L33="가공",IF(B33<200,"0",IF(B33>=200,(B33-200)*$H$14)),IF(L33="지중",IF(B33<50,"0",IF(B33>=50,(B33-50)*$J$13)))) -> 0 | K33: =I33+J33 -> 306000 | L33: 가공
A34: 공원등-2 | B34: 50 | C34: 3 | D34: 1 | E34: =$H$7*D34 -> 306000 | F34: =IF(C34>5*D34,C34-5*D34,0) -> 0 | G34: =IF(F34=0,0,$J$8) -> 0 | H34: =F34*G34 -> 0 | I34: =E34+H34 -> 306000 | J34: =IF(L34="가공",IF(B34<200,"0",IF(B34>=200,(B34-200)*$H$14)),IF(L34="지중",IF(B34<50,"0",IF(B34>=50,(B34-50)*$J$13)))) -> 0 | K34: =I34+J34 -> 306000 | L34: 가공
A36: [신호등 저압]
A37: 신호등 | B37: 50 | C37: 1 | D37: 2 | E37: =$H$7*D37 -> 612000 | F37: =IF(C37>5*D37,C37-5*D37,0) -> 0 | G37: =IF(F37=0,0,$J$8) -> 0 | H37: =F37*G37 -> 0 | I37: =E37+H37 -> 612000 | J37: =IF(L37="가공",IF(B37<200,"0",IF(B37>=200,(B37-200)*$H$14)),IF(L37="지중",IF(B37<50,"0",IF(B37>=50,(B37-50)*$J$13)))) -> 0 | K37: =I37+J37 -> 612000 | L37: 가공
A39: [오수처리 및 비점처리 저압]
A40: 오수처리 | B40: 50 | C40: 10 | D40: 1 | E40: =$H$7*D40 -> 306000 | F40: =IF(C40>5*D40,C40-5*D40,0) -> 5 | G40: =IF(F40=0,0,$J$8) -> 141000 | H40: =F40*G40 -> 705000 | I40: =E40+H40 -> 1011000 | J40: =IF(L40="가공",IF(B40<200,"0",IF(B40>=200,(B40-200)*$H$14)),IF(L40="지중",IF(B40<50,"0",IF(B40>=50,(B40-50)*$J$13)))) -> 0 | K40: =I40+J40 -> 1011000 | L40: 가공
A41: 비점처리시설 | B41: 50 | C41: 10 | D41: 1 | E41: =$H$7*D41 -> 306000 | F41: =IF(C41>5*D41,C41-5*D41,0) -> 5 | G41: =IF(F41=0,0,$J$8) -> 141000 | H41: =F41*G41 -> 705000 | I41: =E41+H41 -> 1011000 | J41: =IF(L41="가공",IF(B41<200,"0",IF(B41>=200,(B41-200)*$H$14)),IF(L41="지중",IF(B41<50,"0",IF(B41>=50,(B41-50)*$J$13)))) -> 0 | K41: =I41+J41 -> 1011000 | L41: 가공
A43: 소 계 | K43: =ROUNDUP(SUM(K31:K42)/100000,0)*100000 -> 3900000
A44: VAT | K44: =K43*0.1 -> 390000 | L44: 10%
A45: 계 | K45: =SUM(K43:K44) -> 4290000
K57: =K45+'사용전검사비 (지구내)'!K23 -> 5131000

Sheet 사용전검사비 (지구내)
A1: ■ 사용전검사비
A3: 1. 공사비 산출근거 (한국전기안전공사)
A4: [수용설비 설치공사, 단위 : 원/VAT별도]
A5: 구 분 | C5: 기본료 | E5: 용 량 별 금 액 | I5: 비 고
A6: 저압 | C6: 94000 | H6: 391 | I6: 구내배전설비 검사시는 기본료에 kw당 요금의 2배합산 적용
A7: 고압 300kw 까지 | C7: 298000 | H7: 660
A8: 고압 300kw 초과 | C8: 559000 | E8: 1,000kw 미만 | H8: 315
A9: 고압 1000kw 이상 | C9: 678000 | E9: 1,000kw까지 | H9: 268
E10: 1,001~100,000kw까지 | H10: 152
E11: 100,000kw초과 | H11: 32
A13: 2. 사용전 검사비 적용 | O13: =ROUNDDOWN(N13,-3) -> 0
O14: =ROUNDDOWN(N14,-3) -> 0
A15: 구 분 | B15: 계약 전압 | D15: 시설용량 (kW) | E15: 기본공사비 | H15: KW 당 요금 | K15: 소 계 | L15: 비 고 | O15: =ROUNDDOWN(N15,-3) -> 0
O16: =ROUNDDOWN(N16,-3) -> 0
A17: 가로등 | B17: 가로등,공원등, 저압(4개소) | D17: ='한전인입공사비 (지구내)'!C31+'한전인입공사비 (지구내)'!C32+'한전인입공사비 (지구내)'!C33+'한전인입공사비 (지구내)'!C34 -> 12 | E17: =C6*4 -> 376000 | H17: =D17*$H$6 -> 4692 | K17: =H17+E17 -> 380692
A18: 신호등 | B18: 신호등, 저압(1개소) | D18: ='한전인입공사비 (지구내)'!C37*1 -> 1 | E18: =C6*'한전인입공사비 (지구내)'!D37 -> 188000 | H18: =D18*$H$6 -> 391 | K18: =H18+E18 -> 188391
A19: 관계시설 | B19: 저류지 및 하수처리, 저압(2개소) | D19: ='한전인입공사비 (지구내)'!C40+'한전인입공사비 (지구내)'!C41 -> 20 | E19: =C6*2 -> 188000 | H19: =D19*$H$6 -> 7820 | K19: =H19+E19 -> 195820
A21: 소 계 | K21: =SUM(K17:K20) -> 764903 | N21: =K21-900000 -> -135097
A22: VAT | B22: 0.1 | K22: =K21*0.1 -> 76490.3
A23: 계 | E23: =$J$7 -> 0 | H23: =$J$7 -> 0 | K23: =TRUNC(SUM(K21:K22),-3) -> 841000 | N23: =K23-1000000 -> -159000 | O23: =SUM(O13:O22) -> 0

Sheet 일대목차
A1: 총줄수-> | B1: 81 | C1: [ 화성 청원지구 전기공사 ] - 일위대가목차
A2: 번호 | B2: … | C2: 코드 | D2: 명 칭 | E2: 규 격 | F2: 단위 | G2: 수량 | H2: 재료비 | J2: 노무비 | M2: 경비 | O2: 계 | P2: 계 | Q2: 비고
H3: 단가 | I3: 금액 | J3: 수량 | K3: 단가 | L3: 금액 | M3: 단가 | N3: 금액 | O3: 단가
A4: 56930220040 | B4: ABB103100000 | C4: 제 1호 | D4: 터파기(기계90%,인력10%) | E4: 보통토사 | F4: ㎥ | H4: =일위대가!I7 -> 501 | I4: =H4 -> 501 | K4: =일위대가!L7 -> 4659 | L4: =K4 -> 4659 | M4: =일위대가!N7 -> 483 | N4: =M4 -> 483 | P4: =I4+L4+N4 -> 5643
A5: 56930220053 | B5: ABB104100000 | C5: 제 2호 | D5: 되메우기(기계90%,인력10%) | E5: 보통토사 | F5: ㎥ | H5: =일위대가!I12 -> 449 | I5: =H5 -> 449 | K5: =일위대가!L12 -> 2939 | L5: =K5 -> 2939 | M5: =일위대가!N12 -> 483 | N5: =M5 -> 483 | P5: =I5+L5+N5 -> 3871
A6: 56930220102 | B6: ABC112700000 | C6: 제 3호 | D6: 인력잔토처리 | E6: 현장처리 | F6: ㎥ | H6: =일위대가!I17 -> 1032 | I6: =H6 -> 1032 | K6: =일위대가!L17 -> 34413 | L6: =K6 -> 34413 | M6: =일위대가!N17 -> 0 | N6: =M6 -> 0 | P6: =I6+L6+N6 -> 35445
A7: 56930310010 | B7: ADF202100000 | C7: 제 4호 | D7: 레미콘타설 | E7: 무근(미할증) | F7: ㎥ | H7: =일위대가!I23 -> 1759 | I7: =H7 -> 1759 | K7: =일위대가!L23 -> 58635 | L7: =K7 -> 58635 | M7: =일위대가!N23 -> 0 | N7: =M7 -> 0 | P7: =I7+L7+N7 -> 60394
A8: 56930370040 | B8: ADA220110000 | C8: 제 5호 | D8: 합판거푸집 | E8: 4회 | F8: ㎡ | H8: =일위대가!I32 -> 24425 | I8: =H8 -> 24425 | K8: =일위대가!L32 -> 35498 | L8: =K8 -> 35498 | M8: =일위대가!N32 -> 0 | N8: =M8 -> 0 | P8: =I8+L8+N8 -> 59923
A9: 56950010201 | B9: EBP110110000 | C9: 제 6호 | D9: 가로등 건주 기계화 시공 | E9: 일반 5m-7m | F9: 식 | H9: =일위대가!I38 -> 11653 | I9: =H9 -> 11653 | K9: =일위대가!L38 -> 117311 | L9: =K9 -> 117311 | M9: =일위대가!N38 -> 31713 | N9: =M9 -> 31713 | P9: =I9+L9+N9 -> 160677
A10: 56950010203 | B10: EBP110130000 | C10: 제 7호 | D10: 가로등 건주 기계화 시공 | E10: 일반 10m-12m | F10: 식 | H10: =일위대가!I44 -> 14212 | I10: =H10 -> 14212 | K10: =일위대가!L44 -> 153319 | L10: =K10 -> 153319 | M10: =일위대가!N44 -> 37479 | N10: =M10 -> 37479 | P10: =I10+L10+N10 -> 205010
A11: 56930210010 | B11: ABB111100000 | C11: 제 9호 | D11: 인력터파기 | E11: 보통토사0-1m | F11: ㎥ | H11: =일위대가!I49 -> 1032 | I11: =H11 -> 1032 | K11: =일위대가!L49 -> 34413 | L11: =K11 -> 34413 | M11: =일위대가!N49 -> 0 | N11: =M11 -> 0 | P11: =I11+L11+N11 -> 35445
A12: 56930210021 | B12: ABD100001000 | C12: 제 10호 | D12: 인력되메우기 | E12: 보통토사0-1m | F12: ㎥ | H12: =일위대가!I54 -> 516 | I12: =H12 -> 516 | K12: =일위대가!L54 -> 17206 | L12: =K12 -> 17206 | M12: =일위대가!N54 -> 0 | N12: =M12 -> 0 | P12: =I12+L12+N12 -> 17722
A13: 5975D077002 | B13: E59753077002 | C13: 제 11호 | D13: 파상형 폴리에틸렌 전선관 | E13: 40㎜(가로등,신호,구내) | F13: M | H13: =일위대가!I64 -> 945 | I13: =H13 -> 945 | K13: =일위대가!L64 -> 9002 | L13: =K13 -> 9002 | M13: =일위대가!N64 -> 0 | N13: =M13 -> 0 | P13: =I13+L13+N13 -> 9947
A14: 5975D077003 | B14: ECI31100030S | C14: 제 12호 | D14: 파상형 폴리에틸렌 전선관 | E14: 50㎜(가로등,신호,구내) | F14: M | H14: =일위대가!I74 -> 1170 | I14: =H14 -> 1170 | K14: =일위대가!L74 -> 9002 | L14: =K14 -> 9002 | M14: =일위대가!N74 -> 0 | N14: =M14 -> 0 | P14: =I14+L14+N14 -> 10172
A15: 5975D077004 | B15: E59753077004 | C15: 제 13호 | D15: 파상형 폴리에틸렌 전선관 | E15: 65㎜(가로등,신호,구내) | F15: M | H15: =일위대가!I84 -> 1825 | I15: =H15 -> 1825 | K15: =일위대가!L84 -> 11280 | L15: =K15 -> 11280 | M15: =일위대가!N84 -> 0 | N15: =M15 -> 0 | P15: =I15+L15+N15 -> 13105
A16: 5975D077005 | B16: ECI31100040S | C16: 제 14호 | D16: 파상형 폴리에틸렌 전선관 | E16: 80㎜(가로등,신호,구내) | F16: M | H16: =일위대가!I94 -> 2296 | I16: =H16 -> 2296 | K16: =일위대가!L94 -> 11280 | L16: =K16 -> 11280 | M16: =일위대가!N94 -> 0 | N16: =M16 -> 0 | P16: =I16+L16+N16 -> 13576
A17: 5975D077006 | B17: ECI31100050S | C17: 제 15호 | D17: 파상형 폴리에틸렌 전선관 | E17: 100㎜(가로등,신호,구내) | F17: M | H17: =일위대가!I104 -> 3128 | I17: =H17 -> 3128 | K17: =일위대가!L104 -> 16761 | L17: =K17 -> 16761 | M17: =일위대가!N104 -> 0 | N17: =M17 -> 0 | P17: =I17+L17+N17 -> 19889
A18: 5975D178002 | B18: E59753178002 | C18: 제 16호 | D18: 파상형 폴리에틸렌 전선관 | E18: 40㎜ | F18: M | H18: =일위대가!I114 -> 855 | I18: =H18 -> 855 | K18: =일위대가!L114 -> 6001 | L18: =K18 -> 6001 | M18: =일위대가!N114 -> 0 | N18: =M18 -> 0 | P18: =I18+L18+N18 -> 6856
A19: 5975D178003 | B19: E59753178003 | C19: 제 17호 | D19: 파상형 폴리에틸렌 전선관 | E19: 50㎜ | F19: M | H19: =일위대가!I124 -> 1080 | I19: =H19 -> 1080 | K19: =일위대가!L124 -> 6001 | L19: =K19 -> 6001 | M19: =일위대가!N124 -> 0 | N19: =M19 -> 0 | P19: =I19+L19+N19 -> 7081
A20: 56959000002 | B20: EMM300000108 | C20: 제 18호 | D20: 광케블내외관일체형전선관 | E20: COD 36-4 공 | F20: M | H20: =일위대가!I134 -> 34596 | I20: =H20 -> 34596 | K20: =일위대가!L134 -> 10206 | L20: =K20 -> 10206 | M20: =일위대가!N134 -> 0 | N20: =M20 -> 0 | P20: =I20+L20+N20 -> 44802
A21: E145A927203 | B21: EE1450927203 | C21: 제 19호 | D21: 접지용비닐절연전선(F-GV)_지중 | E21: 6㎟ | F21: M | H21: =일위대가!I142 -> 1879 | I21: =H21 -> 1879 | K21: =일위대가!L142 -> 2463 | L21: =K21 -> 2463 | M21: =일위대가!N142 -> 0 | N21: =M21 -> 0 | P21: =I21+L21+N21 -> 4342
A22: E145A927204 | B22: EE1450927204 | C22: 제 20호 | D22: 접지용비닐절연전선(F-GV) | E22: 10㎟ | F22: M | H22: =일위대가!I150 -> 3116 | I22: =H22 -> 3116 | K22: =일위대가!L150 -> 2463 | L22: =K22 -> 2463 | M22: =일위대가!N150 -> 0 | N22: =M22 -> 0 | P22: =I22+L22+N22 -> 5579
A23: E145A927205 | B23: EE1450927205 | C23: 제 21호 | D23: 접지용비닐절연전선(F-GV) | E23: 16㎟ | F23: M | H23: =일위대가!I158 -> 4094 | I23: =H23 -> 4094 | K23: =일위대가!L158 -> 2873 | L23: =K23 -> 2873 | M23: =일위대가!N158 -> 0 | N23: =M23 -> 0 | P23: =I23+L23+N23 -> 6967
A24: E145A287521 | B24: EE1450287521 | C24: 제 22호 | D24: 폴리에틸렌 난연케이블 | E24: 0.6/1kv F-CV 2C×2.5㎟ | F24: M | H24: =일위대가!I166 -> 2116 | I24: =H24 -> 2116 | K24: =일위대가!L166 -> 4258 | L24: =K24 -> 4258 | M24: =일위대가!N166 -> 0 | N24: =M24 -> 0 | P24: =I24+L24+N24 -> 6374
A25: E145A287540 | B25: EE1450287540 | C25: 제 23호 | D25: 폴리에틸렌 난연케이블 | E25: 0.6/1kv F-CV 3C×6㎟ | F25: M | H25: =일위대가!I174 -> 5289 | I25: =H25 -> 5289 | K25: =일위대가!L174 -> 7908 | L25: =K25 -> 7908 | M25: =일위대가!N174 -> 0 | N25: =M25 -> 0 | P25: =I25+L25+N25 -> 13197
A26: E145A358087 | B26: EE1450358087 | C26: 제 24호 | D26: 난연제어케이블 | E26: F-CVV 5Cx2.5㎟ | F26: M | H26: =일위대가!I182 -> 3832 | I26: =H26 -> 3832 | K26: =일위대가!L182 -> 9732 | L26: =K26 -> 9732 | M26: =일위대가!N182 -> 0 | N26: =M26 -> 0 | P26: =I26+L26+N26 -> 13564
A27: 56959000003 | B27: EMM525000002 | C27: 제 25호 | D27: 광케이블(옥외용) | E27: SM 9/125, 4c | F27: M | H27: =일위대가!I191 -> 1211 | I27: =H27 -> 1211 | K27: =일위대가!L191 -> 5376 | L27: =K27 -> 5376 | M27: =일위대가!N191 -> 0 | N27: =M27 -> 0 | P27: =I27+L27+N27 -> 6587
A28: 6310A147401 | B28: E63100147401 | C28: 제 26호 | D28: 신호 제어기 | E28: 경보제어기, 전자회로 | F28: 대 | H28: =일위대가!I198 -> 202876 | I28: =H28 -> 202876 | K28: =일위대가!L198 -> 95868 | L28: =K28 -> 95868 | M28: =일위대가!N198 -> 0 | N28: =M28 -> 0 | P28: =I28+L28+N28 -> 298744
A29: 5975A427102 | B29: E59750427102 | C29: 제 27호 | D29: 접지봉 | E29: 14Φ×1000 mm | F29: 개 | H29: =일위대가!I205 -> 7096 | I29: =H29 -> 7096 | K29: =일위대가!L205 -> 43869 | L29: =K29 -> 43869 | M29: =일위대가!N205 -> 0 | N29: =M29 -> 0 | P29: =I29+L29+N29 -> 50965
A30: E975A427014 | B30: EE9750427014 | C30: 제 28호 | D30: 접지크램프(IEC 90) | E30: 16sq | F30: 개 | H30: =일위대가!I211 -> 721 | I30: =H30 -> 721 | K30: =일위대가!L211 -> 7389 | L30: =K30 -> 7389 | M30: =일위대가!N211 -> 0 | N30: =M30 -> 0 | P30: =I30+L30+N30 -> 8110
A31: 56959000004 | B31: EMM300041326 | C31: 제 29호 | D31: 케이블표지시트 | E31: 0.23x400 | F31: m | H31: =일위대가!I218 -> 187 | I31: =H31 -> 187 | K31: =일위대가!L218 -> 237 | L31: =K31 -> 237 | M31: =일위대가!N218 -> 0 | N31: =M31 -> 0 | P31: =I31+L31+N31 -> 424
A32: E940A267006 | B32: EE9400267006 | C32: 제 30호 | D32: 압착단자 | E32: R형동선 나압착 16 ㎟ | F32: 개 | H32: =일위대가!I224 -> 1086 | I32: =H32 -> 1086 | K32: =일위대가!L224 -> 29563 | L32: =K32 -> 29563 | M32: =일위대가!N224 -> 0 | N32: =M32 -> 0 | P32: =I32+L32+N32 -> 30649
A33: E940A267007 | B33: EE9400267007 | C33: 제 31호 | D33: 압착단자 | E33: R형동선 나압착 25 ㎟ | F33: 개 | H33: =일위대가!I230 -> 1343 | I33: =H33 -> 1343 | K33: =일위대가!L230 -> 36133 | L33: =K33 -> 36133 | M33: =일위대가!N230 -> 0 | N33: =M33 -> 0 | P33: =I33+L33+N33 -> 37476
A34: E940A267008 | B34: EE9400267008 | C34: 제 32호 | D34: 압착단자 | E34: R형동선 나압착 35 ㎟ | F34: 개 | H34: =일위대가!I236 -> 1498 | I34: =H34 -> 1498 | K34: =일위대가!L236 -> 39418 | L34: =K34 -> 39418 | M34: =일위대가!N236 -> 0 | N34: =M34 -> 0 | P34: =I34+L34+N34 -> 40916
A35: 5630A217281 | B35: E56300217281 | C35: 제 33호 | D35: 핸드홀 | E35: 수공1호 | F35: 조 | H35: =일위대가!I245 -> 121913 | I35: =H35 -> 121913 | K35: =일위대가!L245 -> 397128 | L35: =K35 -> 397128 | M35: =일위대가!N245 -> 0 | N35: =M35 -> 0 | P35: =I35+L35+N35 -> 519041
A36: 5680A447433 | B36: E56800447433 | C36: 제 34호 | D36: 핸드홀카바 | E36: 통신용 | F36: 기 | H36: =일위대가!I252 -> 380691 | I36: =H36 -> 380691 | K36: =일위대가!L252 -> 356382 | L36: =K36 -> 356382 | M36: =일위대가!N252 -> 0 | N36: =M36 -> 0 | P36: =I36+L36+N36 -> 737073
A37: 56959000005 | B37: EMM408901996 | C37: 제 35호 | D37: 전주용입상관 | E37: Φ130*2t*2m | F37: EA | H37: =일위대가!I259 -> 38396 | I37: =H37 -> 38396 | K37: =일위대가!L259 -> 110220 | L37: =K37 -> 110220 | M37: =일위대가!N259 -> 0 | N37: =M37 -> 0 | P37: =I37+L37+N37 -> 148616
A38: 56959000006 | B38: EMM474327364 | C38: 제 36호 | D38: 보행철주 기초앙카 | E38: Φ125×1.4m | F38: 본 | H38: =일위대가!I265 -> 38940 | I38: =H38 -> 38940 | K38: =일위대가!L265 -> 131364 | L38: =K38 -> 131364 | M38: =일위대가!N265 -> 0 | N38: =M38 -> 0 | P38: =I38+L38+N38 -> 170304
A39: 56959000007 | B39: EMM389225351 | C39: 제 37호 | D39: 신호등용 맨홀(주철뚜껑) | E39: 600x600x600,경찰청규격 | F39: 개 | H39: =일위대가!I272 -> 354509 | I39: =H39 -> 354509 | K39: =일위대가!L272 -> 150304 | L39: =K39 -> 150304 | M39: =일위대가!N272 -> 0 | N39: =M39 -> 0 | P39: =I39+L39+N39 -> 504813
A40: 56959000008 | B40: EMM579245673 | C40: 제 38호 | D40: 신호 제어기 설치 | E40: 교통신호제어기, 3거리 | F40: 대 | H40: =일위대가!I282 -> 21063 | I40: =H40 -> 21063 | K40: =일위대가!L282 -> 702133 | L40: =K40 -> 702133 | M40: =일위대가!N282 -> 0 | N40: =M40 -> 0 | P40: =I40+L40+N40 -> 723196
A41: 56959000009 | B41: EMM666919038 | C41: 제 39호 | D41: 케이블 포설(가로등) | E41: 6㎟/2C*1열 | F41: M | H41: =일위대가!I289 -> 125 | I41: =H41 -> 125 | K41: =일위대가!L289 -> 4181 | L41: =K41 -> 4181 | M41: =일위대가!N289 -> 0 | N41: =M41 -> 0 | P41: =I41+L41+N41 -> 4306
A42: 56959000010 | B42: EMM666919040 | C42: 제 40호 | D42: 케이블 포설(가로등) | E42: 10㎟/2C*1열 | F42: M | H42: =일위대가!I296 -> 131 | I42: =H42 -> 131 | K42: =일위대가!L296 -> 4381 | L42: =K42 -> 4381 | M42: =일위대가!N296 -> 0 | N42: =M42 -> 0 | P42: =I42+L42+N42 -> 4512
A43: 56959000011 | B43: EMM666919041 | C43: 제 41호 | D43: 케이블 포설(가로등) | E43: 16㎟/2C*1열 | F43: M | H43: =일위대가!I303 -> 143 | I43: =H43 -> 143 | K43: =일위대가!L303 -> 4776 | L43: =K43 -> 4776 | M43: =일위대가!N303 -> 0 | N43: =M43 -> 0 | P43: =I43+L43+N43 -> 4919
A44: 56959000012 | B44: EMM666919042 | C44: 제 42호 | D44: 케이블 포설(가로등) | E44: 25㎟/2C*1열 | F44: M | H44: =일위대가!I310 -> 165 | I44: =H44 -> 165 | K44: =일위대가!L310 -> 5509 | L44: =K44 -> 5509 | M44: =일위대가!N310 -> 0 | N44: =M44 -> 0 | P44: =I44+L44+N44 -> 5674
A45: 56959000013 | B45: EMM666919043 | C45: 제 43호 | D45: 케이블 포설(가로등) | E45: 35㎟/2C*1열 | F45: M | H45: =일위대가!I317 -> 178 | I45: =H45 -> 178 | K45: =일위대가!L317 -> 5952 | L45: =K45 -> 5952 | M45: =일위대가!N317 -> 0 | N45: =M45 -> 0 | P45: =I45+L45+N45 -> 6130
A46: GM90A002155 | B46: EGM900002155 | C46: 제 44호 | D46: 케이블 포설(가로등) | E46: 6㎟/4C*1열 | F46: M | H46: =일위대가!I324 -> 204 | I46: =H46 -> 204 | K46: =일위대가!L324 -> 6819 | L46: =K46 -> 6819 | M46: =일위대가!N324 -> 0 | N46: =M46 -> 0 | P46: =I46+L46+N46 -> 7023
A47: GM42C520962 | B47: EGM422520962 | C47: 제 45호 | D47: 케이블 포설(가로등) | E47: 10㎟/4C*1열 | F47: M | H47: =일위대가!I331 -> 214 | I47: =H47 -> 214 | K47: =일위대가!L331 -> 7143 | L47: =K47 -> 7143 | M47: =일위대가!N331 -> 0 | N47: =M47 -> 0 | P47: =I47+L47+N47 -> 7357
A48: GM90A002029 | B48: EGM900002029 | C48: 제 46호 | D48: 케이블 포설(가로등) | E48: 25㎟/4C*1열 | F48: M | H48: =일위대가!I338 -> 269 | I48: =H48 -> 269 | K48: =일위대가!L338 -> 8991 | L48: =K48 -> 8991 | M48: =일위대가!N338 -> 0 | N48: =M48 -> 0 | P48: =I48+L48+N48 -> 9260
A49: 56959000014 | B49: EMM868935935 | C49: 제 47호 | D49: LED 가로등기구 | E49: 100W급 | F49: 개 | H49: =일위대가!I345 -> 622655 | I49: =H49 -> 622655 | K49: =일위대가!L345 -> 88522 | L49: =K49 -> 88522 | M49: =일위대가!N345 -> 0 | N49: =M49 -> 0 | P49: =I49+L49+N49 -> 711177
A50: 56959000015 | B50: EMM992900263 | C50: 제 48호 | D50: LED 공원등기구 | E50: 50W급(A타입) | F50: 개 | H50: =일위대가!I351 -> 501502 | I50: =H50 -> 501502 | K50: =일위대가!L351 -> 50082 | L50: =K50 -> 50082 | M50: =일위대가!N351 -> 0 | N50: =M50 -> 0 | P50: =I50+L50+N50 -> 551584
A51: 56959000016 | B51: EMM896650533 | C51: 제 49호 | D51: UPS 부착대 | F51: 개 | H51: =일위대가!I357 -> 551707 | I51: =H51 -> 551707 | K51: =일위대가!L357 -> 56924 | L51: =K51 -> 56924 | M51: =일위대가!N357 -> 0 | N51: =M51 -> 0 | P51: =I51+L51+N51 -> 608631
A52: 56959000017 | B52: EMM992900278 | C52: 제 50호 | D52: 가로등기초(직각)기성품 | E52: 500X850X675X700 | F52: 개 | H52: =일위대가!I364 -> 105637 | I52: =H52 -> 105637 | K52: =일위대가!L364 -> 54586 | L52: =K52 -> 54586 | M52: =일위대가!N364 -> 0 | N52: =M52 -> 0 | P52: =I52+L52+N52 -> 160223
A53: 56959000018 | B53: EMM811566471 | C53: 제 51호 | D53: 가로등기초 | E53: 500x775x1050x1100(E) | F53: 개 | H53: =일위대가!I371 -> 309437 | I53: =H53 -> 309437 | K53: =일위대가!L371 -> 54586 | L53: =K53 -> 54586 | M53: =일위대가!N371 -> 0 | N53: =M53 -> 0 | P53: =I53+L53+N53 -> 364023
A54: 56959000019 | B54: EMM811377544 | C54: 제 52호 | D54: 가로등 제어반 | E54: 6회로 | F54: 개 | H54: =일위대가!I377 -> 6294374 | I54: =H54 -> 6294374 | K54: =일위대가!L377 -> 279149 | L54: =K54 -> 279149 | M54: =일위대가!N377 -> 0 | N54: =M54 -> 0 | P54: =I54+L54+N54 -> 6573523
A55: 56959000020 | B55: EMM055024882 | C55: 제 53호 | D55: 가로등 제어반 | E55: 8회로 | F55: 개 | H55: =일위대가!I383 -> 6440351 | I55: =H55 -> 6440351 | K55: =일위대가!L383 -> 11700 | L55: =K55 -> 11700 | M55: =일위대가!N383 -> 0 | N55: =M55 -> 0 | P55: =I55+L55+N55 -> 6452051
A56: 56959000021 | B56: EMM811561481 | C56: 제 54호 | D56: 가로등 표찰 | E56: STS | F56: 개 | H56: =일위대가!I389 -> 10351 | I56: =H56 -> 10351 | K56: =일위대가!L389 -> 11700 | L56: =K56 -> 11700 | M56: =일위대가!N389 -> 0 | N56: =M56 -> 0 | P56: =I56+L56+N56 -> 22051
A57: 56959000022 | B57: EMM992900295 | C57: 제 55호 | D57: 공원등주 | E57: 5m-1.0m 1등용(A타입) | F57: 개 | H57: =일위대가!I395 -> 1194545 | I57: =H57 -> 1194545 | K57: =일위대가!L395 -> 84839 | L57: =K57 -> 84839 | M57: =일위대가!N395 -> 0 | N57: =M57 -> 0 | P57: =I57+L57+N57 -> 1279384
A58: 56959000023 | B58: EMM999447446 | C58: 제 56호 | D58: 교통신호등 | E58: 1면3색(LED Φ300) | F58: 개 | H58: =일위대가!I402 -> 371518 | I58: =H58 -> 371518 | K58: =일위대가!L402 -> 383962 | L58: =K58 -> 383962 | M58: =일위대가!N402 -> 0 | N58: =M58 -> 0 | P58: =I58+L58+N58 -> 755480
A59: 56959000024 | B59: EMM999447447 | C59: 제 57호 | D59: 교통신호등 | E59: 1면4색(LED Φ300) | F59: 개 | H59: =일위대가!I409 -> 531518 | I59: =H59 -> 531518 | K59: =일위대가!L409 -> 383962 | L59: =K59 -> 383962 | M59: =일위대가!N409 -> 0 | N59: =M59 -> 0 | P59: =I59+L59+N59 -> 915480
A60: 56959000025 | B60: EMM811561499 | C60: 제 58호 | D60: 방수형 접속함 | E60: 1등용,ELB부 | F60: 개 | H60: =일위대가!I415 -> 56559 | I60: =H60 -> 56559 | K60: =일위대가!L415 -> 51998 | L60: =K60 -> 51998 | M60: =일위대가!N415 -> 0 | N60: =M60 -> 0 | P60: =I60+L60+N60 -> 108557
A61: 56959000026 | B61: EMM868935945 | C61: 제 59호 | D61: 보행등 잔여시간표시기 | F61: 개 | H61: =일위대가!I422 -> 506592 | I61: =H61 -> 506592 | K61: =일위대가!L422 -> 219757 | L61: =K61 -> 219757 | M61: =일위대가!N422 -> 0 | N61: =M61 -> 0 | P61: =I61+L61+N61 -> 726349
A62: 56959000027 | B62: EMM959881804 | C62: 제 60호 | D62: 보행등주 | E62: Φ125x4m | F62: 개 | H62: =일위대가!I429 -> 463981 | I62: =H62 -> 463981 | K62: =일위대가!L429 -> 466065 | L62: =K62 -> 466065 | M62: =일위대가!N429 -> 0 | N62: =M62 -> 0 | P62: =I62+L62+N62 -> 930046
A63: 56959000028 | B63: EMM999447454 | C63: 제 61호 | D63: 보행신호등 | E63: 1면2색(LED) | F63: 개 | H63: =일위대가!I436 -> 168495 | I63: =H63 -> 168495 | K63: =일위대가!L436 -> 116516 | L63: =K63 -> 116516 | M63: =일위대가!N436 -> 0 | N63: =M63 -> 0 | P63: =I63+L63+N63 -> 285011
A64: 56959000029 | B64: EMM055024915 | C64: 제 62호 | D64: 와이어리스철주 | E64: Φ200,부착5m | F64: 개 | H64: =일위대가!I443 -> 2011917 | I64: =H64 -> 2011917 | K64: =일위대가!L443 -> 397253 | L64: =K64 -> 397253 | M64: =일위대가!N443 -> 0 | N64: =M64 -> 0 | P64: =I64+L64+N64 -> 2409170
A65: 56959000030 | B65: EMM999446803 | C65: 제 63호 | D65: 와이어리스철주 | E65: Φ200,부착7m, 7m | F65: 개 | H65: =일위대가!I450 -> 2016684 | I65: =H65 -> 2016684 | K65: =일위대가!L450 -> 556154 | L65: =K65 -> 556154 | M65: =일위대가!N450 -> 0 | N65: =M65 -> 0 | P65: =I65+L65+N65 -> 2572838
A66: 56959000031 | B66: EMM868935949 | C66: 제 64호 | D66: 와이어리스철주 | E66: Φ200,부착7m | F66: 개 | H66: =일위대가!I457 -> 2011917 | I66: =H66 -> 2011917 | K66: =일위대가!L457 -> 397253 | L66: =K66 -> 397253 | M66: =일위대가!N457 -> 0 | N66: =M66 -> 0 | P66: =I66+L66+N66 -> 2409170
A67: 56959000032 | B67: EMM868935952 | C67: 제 65호 | D67: 음향 유도기 | F67: 개 | H67: =일위대가!I464 -> 653495 | I67: =H67 -> 653495 | K67: =일위대가!L464 -> 116516 | L67: =K67 -> 116516 | M67: =일위대가!N464 -> 0 | N67: =M67 -> 0 | P67: =I67+L67+N67 -> 770011
A68: 56959000033 | B68: EMM811561518 | C68: 제 66호 | D68: 제어반기초(기성품) | E68: 500x500x800 | F68: 개 | H68: =일위대가!I471 -> 141637 | I68: =H68 -> 141637 | K68: =일위대가!L471 -> 54586 | L68: =K68 -> 54586 | M68: =일위대가!N471 -> 0 | N68: =M68 -> 0 | P68: =I68+L68+N68 -> 196223
A69: 56959000034 | B69: EMM811561524 | C69: 제 67호 | D69: 핸드홀(기성품) | E69: 600x600x800 | F69: 개 | H69: =일위대가!I478 -> 444509 | I69: =H69 -> 444509 | K69: =일위대가!L478 -> 150304 | L69: =K69 -> 150304 | M69: =일위대가!N478 -> 0 | N69: =M69 -> 0 | P69: =I69+L69+N69 -> 594813

Sheet 일위대가
A1: 총줄수-> | B1: 497 | D1: [ 화성 청원지구 전기공사 ] - 일위대가표 | W1: 노임 계산 정보 | AA1: 부속재 및 손료
A2: 번호 | B2: 목차코드 | C2: 코드 | D2: 명 칭 | E2: 규 격 | F2: 단위 | G2: 수량 | H2: 재료비 | J2: 노무비 | M2: 경비 | P2: 계 | Q2: 비고 | W2: 노임계 | X2: 전체(%) | Y2: 공종별(%) | Z2: 노임 소수 | AA2: CD배관재 | AB2: 일반배관재 | AC2: 소모재 | AD2: 자재계 | AE2: 노임계
H3: 단가 | I3: 금액 | J3: 수량 | K3: 단가 | L3: 금액 | M3: 단가 | N3: 금액 | O3: 단가 | AD3: 1 | AE3: 1
A4: 56930220040 | B4: 일목줄 | C4: ABB103100000 | D4: [제 1호] 터파기(기계90%,인력10%) 보통토사 [㎥]
A5: 56930210010 | B5: 제 1호 | C5: ABB111100000 | D5: 인력터파기 | E5: 보통토사0-1m | F5: ㎥ | G5: 0.1 | H5: =일대목차!H11 -> 1032 | I5: =IF(G5*H5<>0, TRUNC(G5*H5,1),"") -> 103.2 | J5: 0.1 | K5: =일대목차!K11 -> 34413 | L5: =IF(G5*K5<>0, TRUNC(G5*K5,1),"") -> 3441.3 | M5: =일대목차!M11 -> 0 | N5: =IF(G5*M5<>0, TRUNC(G5*M5,1),"") | P5: =IF(SUM(I5,L5,N5)<>0,TRUNC(SUM(I5,L5,N5),1),"") -> 3544.5 | Q5: 제 9호 | R5: ILD
A6: CA565826042 | B6: 제 1호 | C6: ECA565826042 | D6: 기계터파기 | E6: 보통토사(0.6㎥) | F6: ㎥ | G6: 0.9 | H6: =합산자재!H112 -> 442 | I6: =IF(G6*H6<>0, TRUNC(G6*H6,1),"") -> 397.8 | J6: 0.9 | K6: =합산자재!I112 -> 1354 | L6: =IF(G6*K6<>0, TRUNC(G6*K6,1),"") -> 1218.6 | M6: =합산자재!J112 -> 537 | N6: =IF(G6*M6<>0, TRUNC(G6*M6,1),"") -> 483.3 | P6: =IF(SUM(I6,L6,N6)<>0,TRUNC(SUM(I6,L6,N6),1),"") -> 2099.7 | Q6: 182-하 | R6: ild | Z6: 노임계
B7: 합계줄 | D7: ( 합 계 ) | I7: =TRUNC(SUM(I4:I6)) -> 501 | L7: =TRUNC(SUM(L4:L6)) -> 4659 | N7: =TRUNC(SUM(N4:N6)) -> 483 | P7: =IF(SUM(I7,L7,N7)<>0,TRUNC(SUM(I7,L7,N7),1),"") -> 5643 | AE7: =TRUNC(SUM(AE4:AE6)) -> 0
I8: =IF(G8*H8<>0, TRUNC(G8*H8,1),"") | L8: =IF(G8*K8<>0, TRUNC(G8*K8,1),"") | N8: =IF(G8*M8<>0, TRUNC(G8*M8,1),"") | P8: =IF(SUM(I8,L8,N8)<>0,TRUNC(SUM(I8,L8,N8),1),"")
A9: 56930220053 | B9: 일목줄 | C9: ABB104100000 | D9: [제 2호] 되메우기(기계90%,인력10%) 보통토사 [㎥]
A10: 56930210021 | B10: 제 2호 | C10: ABD100001000 | D10: 인력되메우기 | E10: 보통토사0-1m | F10: ㎥ | G10: 0.1 | H10: =일대목차!H12 -> 516 | I10: =IF(G10*H10<>0, TRUNC(G10*H10,1),"") -> 51.6 | J10: 0.1 | K10: =일대목차!K12 -> 17206 | L10: =IF(G10*K10<>0, TRUNC(G10*K10,1),"") -> 1720.6 | M10: =일대목차!M12 -> 0 | N10: =IF(G10*M10<>0, TRUNC(G10*M10,1),"") | P10: =IF(SUM(I10,L10,N10)<>0,TRUNC(SUM(I10,L10,N10),1),"") -> 1772.2 | Q10: 제 10호 | R10: ILD | Z10: 노임계
A11: CA565826051 | B11: 제 2호 | C11: ECA565826051 | D11: 기계되메우기 | E11: 보통토사(0.6㎥) | F11: ㎥ | G11: 0.9 | H11: =합산자재!H113 -> 442 | I11: =IF(G11*H11<>0, TRUNC(G11*H11,1),"") -> 397.8 | J11: 0.9 | K11: =합산자재!I113 -> 1354 | L11: =IF(G11*K11<>0, TRUNC(G11*K11,1),"") -> 1218.6 | M11: =합산자재!J113 -> 537 | N11: =IF(G11*M11<>0, TRUNC(G11*M11,1),"") -> 483.3 | P11: =IF(SUM(I11,L11,N11)<>0,TRUNC(SUM(I11,L11,N11),1),"") -> 2099.7 | Q11: 182-하 | R11: ild
B12: 합계줄 | D12: ( 합 계 ) | I12: =TRUNC(SUM(I9:I11)) -> 449 | L12: =TRUNC(SUM(L9:L11)) -> 2939 | N12: =TRUNC(SUM(N9:N11)) -> 483 | P12: =IF(SUM(I12,L12,N12)<>0,TRUNC(SUM(I12,L12,N12),1),"") -> 3871 | AE12: =TRUNC(SUM(AE9:AE11)) -> 0
I13: =IF(G13*H13<>0, TRUNC(G13*H13,1),"") | L13: =IF(G13*K13<>0, TRUNC(G13*K13,1),"") | N13: =IF(G13*M13<>0, TRUNC(G13*M13,1),"") | P13: =IF(SUM(I13,L13,N13)<>0,TRUNC(SUM(I13,L13,N13),1),"")
A14: 56930220102 | B14: 일목줄 | C14: ABC112700000 | D14: [제 3호] 인력잔토처리 현장처리 [㎥]
A15: 56900017041 | B15: 제 3호 | C15: L001010101000002 | D15: 노 무 비 | E15: 보통인부 | F15: 인 | G15: =일위노임!G6 -> 0.2 | H15: =합산자재!H124 -> 0 | I15: =IF(G15*H15<>0, TRUNC(G15*H15,1),"") | J15: 0.2 | K15: =합산자재!I124 -> 172068 | L15: =IF(G15*K15<>0, TRUNC(G15*K15,1),"") -> 34413.6 | M15: =합산자재!J124 -> 0 | N15: =IF(G15*M15<>0, TRUNC(G15*M15,1),"") | P15: =IF(SUM(I15,L15,N15)<>0,TRUNC(SUM(I15,L15,N15),1),"") -> 34413.6 | Z15: 노임계 | AE15: =L15 -> 34413.6
A16: A0300000000 | B16: 제 3호 | C16: RENT000000000006 | D16: [ 공 구 손 료 ] | E16: 노무비의 3 % | F16: 식 | G16: 1 | H16: =IF(TRUNC((AD17+AC17)/$AE$3,1)*$AE$3-AD17 <0, AC17, TRUNC((AD17+AC17)/$AE$3,1)*$AE$3-AD17) -> 1032.3 | I16: =H16 -> 1032.3 | J16: 1 | L16: =IF(G16*K16<>0, TRUNC(G16*K16,1),"") | N16: =IF(G16*M16<>0, TRUNC(G16*M16,1),"") | P16: =IF(SUM(I16,L16,N16)<>0,TRUNC(SUM(I16,L16,N16),1),"") -> 1032.3
B17: 합계줄 | D17: ( 합 계 ) | I17: =TRUNC(SUM(I14:I16)) -> 1032 | L17: =TRUNC(SUM(L14:L16)) -> 34413 | N17: =TRUNC(SUM(N14:N16)) -> 0 | P17: =IF(SUM(I17,L17,N17)<>0,TRUNC(SUM(I17,L17,N17),1),"") -> 35445 | AC17: =TRUNC(AE17*옵션!$B$36/100,1) -> 1032.3 | AD17: =TRUNC(SUM(L14:L15)) -> 34413 | AE17: =TRUNC(SUM(AE14:AE16)) -> 34413
I18: =IF(G18*H18<>0, TRUNC(G18*H18,1),"") | L18: =IF(G18*K18<>0, TRUNC(G18*K18,1),"") | N18: =IF(G18*M18<>0, TRUNC(G18*M18,1),"") | P18: =IF(SUM(I18,L18,N18)<>0,TRUNC(SUM(I18,L18,N18),1),"")
A19: 56930310010 | B19: 일목줄 | C19: ADF202100000 | D19: [제 4호] 레미콘타설 무근(미할증) [㎥] | Z19: 노임계
A20: 56900017041 | B20: 제 4호 | C20: L001010101000002 | D20: 노 무 비 | E20: 보통인부 | F20: 인 | G20: =일위노임!G10 -> 0.15 | H20: =합산자재!H124 -> 0 | I20: =IF(G20*H20<>0, TRUNC(G20*H20,1),"") | J20: 0.15 | K20: =합산자재!I124 -> 172068 | L20: =IF(G20*K20<>0, TRUNC(G20*K20,1),"") -> 25810.2 | M20: =합산자재!J124 -> 0 | N20: =IF(G20*M20<>0, TRUNC(G20*M20,1),"") | P20: =IF(SUM(I20,L20,N20)<>0,TRUNC(SUM(I20,L20,N20),1),"") -> 25810.2 | AE20: =L20 -> 25810.2
A21: 56900017108 | B21: 제 4호 | C21: L001010101000013 | D21: 노 무 비 | E21: 콘크리트공 | F21: 인 | G21: =일위노임!G11 -> 0.12 | H21: =합산자재!H129 -> 0 | I21: =IF(G21*H21<>0, TRUNC(G21*H21,1),"") | J21: 0.12 | K21: =합산자재!I129 -> 273540 | L21: =IF(G21*K21<>0, TRUNC(G21*K21,1),"") -> 32824.8 | M21: =합산자재!J129 -> 0 | N21: =IF(G21*M21<>0, TRUNC(G21*M21,1),"") | P21: =IF(SUM(I21,L21,N21)<>0,TRUNC(SUM(I21,L21,N21),1),"") -> 32824.8 | AE21: =L21 -> 32824.8
A22: A0300000000 | B22: 제 4호 | C22: RENT000000000006 | D22: [ 공 구 손 료 ] | E22: 노무비의 3 % | F22: 식 | G22: 1 | H22: =IF(TRUNC((AD23+AC23)/$AE$3,1)*$AE$3-AD23 <0, AC23, TRUNC((AD23+AC23)/$AE$3,1)*$AE$3-AD23) -> 1759 | I22: =H22 -> 1759 | J22: 1 | L22: =IF(G22*K22<>0, TRUNC(G22*K22,1),"") | N22: =IF(G22*M22<>0, TRUNC(G22*M22,1),"") | P22: =IF(SUM(I22,L22,N22)<>0,TRUNC(SUM(I22,L22,N22),1),"") -> 1759 | Z22: 노임계
B23: 합계줄 | D23: ( 합 계 ) | I23: =TRUNC(SUM(I19:I22)) -> 1759 | L23: =TRUNC(SUM(L19:L22)) -> 58635 | N23: =TRUNC(SUM(N19:N22)) -> 0 | P23: =IF(SUM(I23,L23,N23)<>0,TRUNC(SUM(I23,L23,N23),1),"") -> 60394 | AC23: =TRUNC(AE23*옵션!$B$36/100,1) -> 1759 | AD23: =TRUNC(SUM(L19:L21)) -> 58635 | AE23: =TRUNC(SUM(AE19:AE22)) -> 58635
I24: =IF(G24*H24<>0, TRUNC(G24*H24,1),"") | L24: =IF(G24*K24<>0, TRUNC(G24*K24,1),"") | N24: =IF(G24*M24<>0, TRUNC(G24*M24,1),"") | P24: =IF(SUM(I24,L24,N24)<>0,TRUNC(SUM(I24,L24,N24),1),"")
A25: 56930370040 | B25: 일목줄 | C25: ADA220110000 | D25: [제 5호] 합판거푸집 4회 [㎡] | Z25: 노임계
A26: 55300057061 | B26: 제 5호 | C26: 1112200120142458 | D26: 내수합판 | E26: 1급, 12×1220×2440mm | F26: ㎡ | G26: 0.3914 | H26: =합산자재!H37 -> 10900 | I26: =IF(G26*H26<>0, TRUNC(G26*H26,1),"") -> 4266.2 | J26: 0.3914 | K26: =합산자재!I37 -> 0 | L26: =IF(G26*K26<>0, TRUNC(G26*K26,1),"") | M26: =합산자재!J37 -> 0 | N26: =IF(G26*M26<>0, TRUNC(G26*M26,1),"") | P26: =IF(SUM(I26,L26,N26)<>0,TRUNC(SUM(I26,L26,N26),1),"") -> 4266.2
A27: 55100027011 | B27: 제 5호 | C27: 3010369820141038 | D27: 각재(角材) | E27: 외송(㎥) | F27: ㎥ | G27: 0.0144 | H27: =합산자재!H36 -> 1326000 | I27: =IF(G27*H27<>0, TRUNC(G27*H27,1),"") -> 19094.4 | J27: 0.0144 | K27: =합산자재!I36 -> 0 | L27: =IF(G27*K27<>0, TRUNC(G27*K27,1),"") | M27: =합산자재!J36 -> 0 | N27: =IF(G27*M27<>0, TRUNC(G27*M27,1),"") | P27: =IF(SUM(I27,L27,N27)<>0,TRUNC(SUM(I27,L27,N27),1),"") -> 19094.4
A28: MM882214702 | B28: 제 5호 | C28: 391115ZZ701Z0033 | D28: 소모자재(박리재 등) | E28: 주자재비의 9% | F28: 식 | G28: 1 | H28: =합산자재!H88 -> 0 | I28: =IF(G28*H28<>0, TRUNC(G28*H28,1),"") | J28: 1 | K28: =합산자재!I88 -> 0 | L28: =IF(G28*K28<>0, TRUNC(G28*K28,1),"") | M28: =합산자재!J88 -> 0 | N28: =IF(G28*M28<>0, TRUNC(G28*M28,1),"") | P28: =IF(SUM(I28,L28,N28)<>0,TRUNC(SUM(I28,L28,N28),1),"") | Z28: 노임계
A29: 56900017041 | B29: 제 5호 | C29: L001010101000002 | D29: 노 무 비 | E29: 보통인부 | F29: 인 | G29: =일위노임!G15 -> 0.03 | H29: =합산자재!H124 -> 0 | I29: =IF(G29*H29<>0, TRUNC(G29*H29,1),"") | J29: 0.03 | K29: =합산자재!I124 -> 172068 | L29: =IF(G29*K29<>0, TRUNC(G29*K29,1),"") -> 5162 | M29: =합산자재!J124 -> 0 | N29: =IF(G29*M29<>0, TRUNC(G29*M29,1),"") | P29: =IF(SUM(I29,L29,N29)<>0,TRUNC(SUM(I29,L29,N29),1),"") -> 5162 | AE29: =L29 -> 5162
A30: 56900017137 | B30: 제 5호 | C30: L001010101000007 | D30: 노 무 비 | E30: 형틀목공 | F30: 인 | G30: =일위노임!G16 -> 0.11 | H30: =합산자재!H127 -> 0 | I30: =IF(G30*H30<>0, TRUNC(G30*H30,1),"") | J30: 0.11 | K30: =합산자재!I127 -> 275790 | L30: =IF(G30*K30<>0, TRUNC(G30*K30,1),"") -> 30336.9 | M30: =합산자재!J127 -> 0 | N30: =IF(G30*M30<>0, TRUNC(G30*M30,1),"") | P30: =IF(SUM(I30,L30,N30)<>0,TRUNC(SUM(I30,L30,N30),1),"") -> 30336.9 | AE30: =L30 -> 30336.9
A31: A0300000000 | B31: 제 5호 | C31: RENT000000000006 | D31: [ 공 구 손 료 ] | E31: 노무비의 3 % | F31: 식 | G31: 1 | H31: =IF(TRUNC((AD32+AC32)/$AE$3,1)*$AE$3-AD32 <0, AC32, TRUNC((AD32+AC32)/$AE$3,1)*$AE$3-AD32) -> 1064.9 | I31: =H31 -> 1064.9 | J31: 1 | L31: =IF(G31*K31<>0, TRUNC(G31*K31,1),"") | N31: =IF(G31*M31<>0, TRUNC(G31*M31,1),"") | P31: =IF(SUM(I31,L31,N31)<>0,TRUNC(SUM(I31,L31,N31),1),"") -> 1064.9
B32: 합계줄 | D32: ( 합 계 ) | I32: =TRUNC(SUM(I25:I31)) -> 24425 | L32: =TRUNC(SUM(L25:L31)) -> 35498 | N32: =TRUNC(SUM(N25:N31)) -> 0 | P32: =IF(SUM(I32,L32,N32)<>0,TRUNC(SUM(I32,L32,N32),1),"") -> 59923 | Z32: 노임계 | AC32: =TRUNC(AE32*옵션!$B$36/100,1) -> 1064.9 | AD32: =TRUNC(SUM(L25:L30)) -> 35498 | AE32: =TRUNC(SUM(AE25:AE31)) -> 35498
I33: =IF(G33*H33<>0, TRUNC(G33*H33,1),"") | L33: =IF(G33*K33<>0, TRUNC(G33*K33,1),"") | N33: =IF(G33*M33<>0, TRUNC(G33*M33,1),"") | P33: =IF(SUM(I33,L33,N33)<>0,TRUNC(SUM(I33,L33,N33),1),"")
A34: 56950010201 | B34: 일목줄 | C34: EBP110110000 | D34: [제 6호] 가로등 건주 기계화 시공 일반 5m-7m [식]
A35: CA565826045 | B35: 제 6호 | C35: ECA565826045 | D35: 크레인 | E35: 타이어 30 Ton | F35: 분 | G35: 33 | H35: =합산자재!H114 -> 276 | I35: =IF(G35*H35<>0, TRUNC(G35*H35,1),"") -> 9108 | J35: 33 | K35: =합산자재!I114 -> 984 | L35: =IF(G35*K35<>0, TRUNC(G35*K35,1),"") -> 32472 | M35: =합산자재!J114 -> 961 | N35: =IF(G35*M35<>0, TRUNC(G35*M35,1),"") -> 31713 | P35: =IF(SUM(I35,L35,N35)<>0,TRUNC(SUM(I35,L35,N35),1),"") -> 73293 | Q35: 184-하 | R35: ild
A36: 56900017016 | B36: 제 6호 | C36: L001010101000075 | D36: 노 무 비 | E36: 내선전공 | F36: 인 | G36: =일위노임!G19 -> 0.31 | H36: =합산자재!H115 -> 0 | I36: =IF(G36*H36<>0, TRUNC(G36*H36,1),"") | J36: 0.31 | K36: =합산자재!I115 -> 273676 | L36: =IF(G36*K36<>0, TRUNC(G36*K36,1),"") -> 84839.5 | M36: =합산자재!J115 -> 0 | N36: =IF(G36*M36<>0, TRUNC(G36*M36,1),"") | P36: =IF(SUM(I36,L36,N36)<>0,TRUNC(SUM(I36,L36,N36),1),"") -> 84839.5 | AE36: =L36 -> 84839.5
A37: A0300000000 | B37: 제 6호 | C37: RENT000000000006 | D37: [ 공 구 손 료 ] | E37: 노무비의 3 % | F37: 식 | G37: 1 | H37: =IF(TRUNC((AD38+AC38)/$AE$3,1)*$AE$3-AD38 <0, AC38, TRUNC((AD38+AC38)/$AE$3,1)*$AE$3-AD38) -> 2545.1 | I37: =H37 -> 2545.1 | J37: 1 | L37: =IF(G37*K37<>0, TRUNC(G37*K37,1),"") | N37: =IF(G37*M37<>0, TRUNC(G37*M37,1),"") | P37: =IF(SUM(I37,L37,N37)<>0,TRUNC(SUM(I37,L37,N37),1),"") -> 2545.1 | Z37: 노임계
B38: 합계줄 | D38: ( 합 계 ) | I38: =TRUNC(SUM(I34:I37)) -> 11653 | L38: =TRUNC(SUM(L34:L37)) -> 117311 | N38: =TRUNC(SUM(N34:N37)) -> 31713 | P38: =IF(SUM(I38,L38,N38)<>0,TRUNC(SUM(I38,L38,N38),1),"") -> 160677 | AC38: =TRUNC(AE38*옵션!$B$36/100,1) -> 2545.1 | AD38: =TRUNC(SUM(L34:L36)) -> 117311 | AE38: =TRUNC(SUM(AE34:AE37)) -> 84839
I39: =IF(G39*H39<>0, TRUNC(G39*H39,1),"") | L39: =IF(G39*K39<>0, TRUNC(G39*K39,1),"") | N39: =IF(G39*M39<>0, TRUNC(G39*M39,1),"") | P39: =IF(SUM(I39,L39,N39)<>0,TRUNC(SUM(I39,L39,N39),1),"")
A40: 56950010203 | B40: 일목줄 | C40: EBP110130000 | D40: [제 7호] 가로등 건주 기계화 시공 일반 10m-12m [식]
A41: CA565826045 | B41: 제 7호 | C41: ECA565826045 | D41: 크레인 | E41: 타이어 30 Ton | F41: 분 | G41: 39 | H41: =합산자재!H114 -> 276 | I41: =IF(G41*H41<>0, TRUNC(G41*H41,1),"") -> 10764 | J41: 39 | K41: =합산자재!I114 -> 984 | L41: =IF(G41*K41<>0, TRUNC(G41*K41,1),"") -> 38376 | M41: =합산자재!J114 -> 961 | N41: =IF(G41*M41<>0, TRUNC(G41*M41,1),"") -> 37479 | P41: =IF(SUM(I41,L41,N41)<>0,TRUNC(SUM(I41,L41,N41),1),"") -> 86619 | Q41: 184-하 | R41: ild
A42: 56900017016 | B42: 제 7호 | C42: L001010101000075 | D42: 노 무 비 | E42: 내선전공 | F42: 인 | G42: =일위노임!G22 -> 0.42 | H42: =합산자재!H115 -> 0 | I42: =IF(G42*H42<>0, TRUNC(G42*H42,1),"") | J42: 0.42 | K42: =합산자재!I115 -> 273676 | L42: =IF(G42*K42<>0, TRUNC(G42*K42,1),"") -> 114943.9 | M42: =합산자재!J115 -> 0 | N42: =IF(G42*M42<>0, TRUNC(G42*M42,1),"") | P42: =IF(SUM(I42,L42,N42)<>0,TRUNC(SUM(I42,L42,N42),1),"") -> 114943.9 | Z42: 노임계 | AE42: =L42 -> 114943.9
A43: A0300000000 | B43: 제 7호 | C43: RENT000000000006 | D43: [ 공 구 손 료 ] | E43: 노무비의 3 % | F43: 식 | G43: 1 | H43: =IF(TRUNC((AD44+AC44)/$AE$3,1)*$AE$3-AD44 <0, AC44, TRUNC((AD44+AC44)/$AE$3,1)*$AE$3-AD44) -> 3448.2 | I43: =H43 -> 3448.2 | J43: 1 | L43: =IF(G43*K43<>0, TRUNC(G43*K43,1),"") | N43: =IF(G43*M43<>0, TRUNC(G43*M43,1),"") | P43: =IF(SUM(I43,L43,N43)<>0,TRUNC(SUM(I43,L43,N43),1),"") -> 3448.2
B44: 합계줄 | D44: ( 합 계 ) | I44: =TRUNC(SUM(I40:I43)) -> 14212 | L44: =TRUNC(SUM(L40:L43)) -> 153319 | N44: =TRUNC(SUM(N40:N43)) -> 37479 | P44: =IF(SUM(I44,L44,N44)<>0,TRUNC(SUM(I44,L44,N44),1),"") -> 205010 | AC44: =TRUNC(AE44*옵션!$B$36/100,1) -> 3448.2 | AD44: =TRUNC(SUM(L40:L42)) -> 153319 | AE44: =TRUNC(SUM(AE40:AE43)) -> 114943
I45: =IF(G45*H45<>0, TRUNC(G45*H45,1),"") | L45: =IF(G45*K45<>0, TRUNC(G45*K45,1),"") | N45: =IF(G45*M45<>0, TRUNC(G45*M45,1),"") | P45: =IF(SUM(I45,L45,N45)<>0,TRUNC(SUM(I45,L45,N45),1),"")
A46: 56930210010 | B46: 일목줄 | C46: ABB111100000 | D46: [제 9호] 인력터파기 보통토사0-1m [㎥]
A47: 56900017041 | B47: 제 9호 | C47: L001010101000002 | D47: 노 무 비 | E47: 보통인부 | F47: 인 | G47: =일위노임!G25 -> 0.2 | H47: =합산자재!H124 -> 0 | I47: =IF(G47*H47<>0, TRUNC(G47*H47,1),"") | J47: 0.2 | K47: =합산자재!I124 -> 172068 | L47: =IF(G47*K47<>0, TRUNC(G47*K47,1),"") -> 34413.6 | M47: =합산자재!J124 -> 0 | N47: =IF(G47*M47<>0, TRUNC(G47*M47,1),"") | P47: =IF(SUM(I47,L47,N47)<>0,TRUNC(SUM(I47,L47,N47),1),"") -> 34413.6 | Z47: 노임계 | AE47: =L47 -> 34413.6
A48: A0300000000 | B48: 제 9호 | C48: RENT000000000006 | D48: [ 공 구 손 료 ] | E48: 노무비의 3 % | F48: 식 | G48: 1 | H48: =IF(TRUNC((AD49+AC49)/$AE$3,1)*$AE$3-AD49 <0, AC49, TRUNC((AD49+AC49)/$AE$3,1)*$AE$3-AD49) -> 1032.3 | I48: =H48 -> 1032.3 | J48: 1 | L48: =IF(G48*K48<>0, TRUNC(G48*K48,1),"") | N48: =IF(G48*M48<>0, TRUNC(G48*M48,1),"") | P48: =IF(SUM(I48,L48,N48)<>0,TRUNC(SUM(I48,L48,N48),1),"") -> 1032.3
B49: 합계줄 | D49: ( 합 계 ) | I49: =TRUNC(SUM(I46:I48)) -> 1032 | L49: =TRUNC(SUM(L46:L48)) -> 34413 | N49: =TRUNC(SUM(N46:N48)) -> 0 | P49: =IF(SUM(I49,L49,N49)<>0,TRUNC(SUM(I49,L49,N49),1),"") -> 35445 | AC49: =TRUNC(AE49*옵션!$B$36/100,1) -> 1032.3 | AD49: =TRUNC(SUM(L46:L47)) -> 34413 | AE49: =TRUNC(SUM(AE46:AE48)) -> 34413
I50: =IF(G50*H50<>0, TRUNC(G50*H50,1),"") | L50: =IF(G50*K50<>0, TRUNC(G50*K50,1),"") | N50: =IF(G50*M50<>0, TRUNC(G50*M50,1),"") | P50: =IF(SUM(I50,L50,N50)<>0,TRUNC(SUM(I50,L50,N50),1),"")
A51: 56930210021 | B51: 일목줄 | C51: ABD100001000 | D51: [제 10호] 인력되메우기 보통토사0-1m [㎥]
A52: 56900017041 | B52: 제 10호 | C52: L001010101000002 | D52: 노 무 비 | E52: 보통인부 | F52: 인 | G52: =일위노임!G28 -> 0.1 | H52: =합산자재!H124 -> 0 | I52: =IF(G52*H52<>0, TRUNC(G52*H52,1),"") | J52: 0.1 | K52: =합산자재!I124 -> 172068 | L52: =IF(G52*K52<>0, TRUNC(G52*K52,1),"") -> 17206.8 | M52: =합산자재!J124 -> 0 | N52: =IF(G52*M52<>0, TRUNC(G52*M52,1),"") | P52: =IF(SUM(I52,L52,N52)<>0,TRUNC(SUM(I52,L52,N52),1),"") -> 17206.8 | Z52: 노임계 | AE52: =L52 -> 17206.8
A53: A0300000000 | B53: 제 10호 | C53: RENT000000000006 | D53: [ 공 구 손 료 ] | E53: 노무비의 3 % | F53: 식 | G53: 1 | H53: =IF(TRUNC((AD54+AC54)/$AE$3,1)*$AE$3-AD54 <0, AC54, TRUNC((AD54+AC54)/$AE$3,1)*$AE$3-AD54) -> 516.1 | I53: =H53 -> 516.1 | J53: 1 | L53: =IF(G53*K53<>0, TRUNC(G53*K53,1),"") | N53: =IF(G53*M53<>0, TRUNC(G53*M53,1),"") | P53: =IF(SUM(I53,L53,N53)<>0,TRUNC(SUM(I53,L53,N53),1),"") -> 516
B54: 합계줄 | D54: ( 합 계 ) | I54: =TRUNC(SUM(I51:I53)) -> 516 | L54: =TRUNC(SUM(L51:L53)) -> 17206 | N54: =TRUNC(SUM(N51:N53)) -> 0 | P54: =IF(SUM(I54,L54,N54)<>0,TRUNC(SUM(I54,L54,N54),1),"") -> 17722 | AC54: =TRUNC(AE54*옵션!$B$36/100,1) -> 516.1 | AD54: =TRUNC(SUM(L51:L52)) -> 17206 | AE54: =TRUNC(SUM(AE51:AE53)) -> 17206
I55: =IF(G55*H55<>0, TRUNC(G55*H55,1),"") | L55: =IF(G55*K55<>0, TRUNC(G55*K55,1),"") | N55: =IF(G55*M55<>0, TRUNC(G55*M55,1),"") | P55: =IF(SUM(I55,L55,N55)<>0,TRUNC(SUM(I55,L55,N55),1),"")
A56: 5975D077002 | B56: 일목줄 | C56: E59753077002 | D56: [제 11호] 파상형 폴리에틸렌 전선관 40㎜(가로등,신호,구내) [M.]
A57: 59753077002 | B57: 제 11호 | C57: 3913170610035632 | D57: 파상형 폴리에틸렌 전선관 | E57: 40㎜(가로등,신호,구내) | F57: m | G57: 1 | H57: =합산자재!H4 -> 563 | I57: =IF(G57*H57<>0, TRUNC(G57*H57,1),"") -> 563 | J57: 1 | K57: =합산자재!I4 -> 0 | L57: =IF(G57*K57<>0, TRUNC(G57*K57,1),"") | M57: =합산자재!J4 -> 0 | N57: =IF(G57*M57<>0, TRUNC(G57*M57,1),"") | P57: =IF(SUM(I57,L57,N57)<>0,TRUNC(SUM(I57,L57,N57),1),"") -> 563 | R57: ELP | Z57: 노임계 | AB57: =G57*H57 -> 563 | AC57: =G57*H57 -> 563
A58: 59753077002 | B58: 제 11호 | C58: 3913170610035632 | D58: 파상형 폴리에틸렌 전선관 | E58: 40㎜(가로등,신호,구내) | F58: m | G58: 0.03 | H58: =합산자재!H4 -> 563 | I58: =IF(G58*H58<>0, TRUNC(G58*H58,1),"") -> 16.8 | J58: 0.03 | K58: =합산자재!I4 -> 0 | L58: =IF(G58*K58<>0, TRUNC(G58*K58,1),"") | M58: =합산자재!J4 -> 0 | N58: =IF(G58*M58<>0, TRUNC(G58*M58,1),"") | P58: =IF(SUM(I58,L58,N58)<>0,TRUNC(SUM(I58,L58,N58),1),"") -> 16.8 | R58: ELP
A59: A0500000000 | B59: 제 11호 | C59: RENT000000000002 | D59: [ 배관 부속재 ] | E59: 전선관의 15 % | F59: 식 | G59: 1 | H59: =TRUNC(AB59*옵션!$B$31/100,1) -> 84.4 | I59: =IF(G59*H59<>0, TRUNC(G59*H59,1),"") -> 84.4 | J59: 1 | L59: =IF(G59*K59<>0, TRUNC(G59*K59,1),"") | N59: =IF(G59*M59<>0, TRUNC(G59*M59,1),"") | P59: =IF(SUM(I59,L59,N59)<>0,TRUNC(SUM(I59,L59,N59),1),"") -> 84.4 | AB59: =TRUNC(SUM(AB56:AB58)) -> 563
A60: A0100000000 | B60: 제 11호 | C60: RENT000000000003 | D60: [ 소모 잡자재 ] | E60: 전선, 전선관의 2 % | F60: 식 | G60: 1 | H60: =IF(TRUNC((AD60+AC60)/$AD$3,1)*$AD$3-AD60 <0, AC60, TRUNC((AD60+AC60)/$AD$3,1)*$AD$3-AD60) -> 11.2 | I60: =H60 -> 11.2 | J60: 1 | L60: =IF(G60*K60<>0, TRUNC(G60*K60,1),"") | N60: =IF(G60*M60<>0, TRUNC(G60*M60,1),"") | P60: =IF(SUM(I60,L60,N60)<>0,TRUNC(SUM(I60,L60,N60),1),"") -> 11.2 | AC60: =TRUNC(TRUNC(SUM(AC56:AC59))*옵션!$B$33/100,1) -> 11.2 | AD60: =TRUNC(SUM(I56:I59))+TRUNC(SUM(N56:N59)) -> 664
A61: 56900017031 | B61: 제 11호 | C61: L001010101000081 | D61: 노 무 비 | E61: 배전전공 | F61: 인 | G61: =일위노임!G32 -> 0.0105 | H61: =합산자재!H118 -> 0 | I61: =IF(G61*H61<>0, TRUNC(G61*H61,1),"") | J61: 0.0105 | K61: =합산자재!I118 -> 414968 | L61: =IF(G61*K61<>0, TRUNC(G61*K61,1),"") -> 4357.1 | M61: =합산자재!J118 -> 0 | N61: =IF(G61*M61<>0, TRUNC(G61*M61,1),"") | P61: =IF(SUM(I61,L61,N61)<>0,TRUNC(SUM(I61,L61,N61),1),"") -> 4357.1 | AE61: =L61 -> 4357.1
A62: 56900017041 | B62: 제 11호 | C62: L001010101000002 | D62: 노 무 비 | E62: 보통인부 | F62: 인 | G62: =일위노임!G33 -> 0.027 | H62: =합산자재!H124 -> 0 | I62: =IF(G62*H62<>0, TRUNC(G62*H62,1),"") | J62: 0.027 | K62: =합산자재!I124 -> 172068 | L62: =IF(G62*K62<>0, TRUNC(G62*K62,1),"") -> 4645.8 | M62: =합산자재!J124 -> 0 | N62: =IF(G62*M62<>0, TRUNC(G62*M62,1),"") | P62: =IF(SUM(I62,L62,N62)<>0,TRUNC(SUM(I62,L62,N62),1),"") -> 4645.8 | Z62: 노임계 | AE62: =L62 -> 4645.8
A63: A0300000000 | B63: 제 11호 | C63: RENT000000000006 | D63: [ 공 구 손 료 ] | E63: 노무비의 3 % | F63: 식 | G63: 1 | H63: =IF(TRUNC((AD64+AC64)/$AE$3,1)*$AE$3-AD64 <0, AC64, TRUNC((AD64+AC64)/$AE$3,1)*$AE$3-AD64) -> 270 | I63: =H63 -> 270 | J63: 1 | L63: =IF(G63*K63<>0, TRUNC(G63*K63,1),"") | N63: =IF(G63*M63<>0, TRUNC(G63*M63,1),"") | P63: =IF(SUM(I63,L63,N63)<>0,TRUNC(SUM(I63,L63,N63),1),"") -> 270
B64: 합계줄 | D64: ( 합 계 ) | I64: =TRUNC(SUM(I56:I63)) -> 945 | L64: =TRUNC(SUM(L56:L63)) -> 9002 | N64: =TRUNC(SUM(N56:N63)) -> 0 | P64: =IF(SUM(I64,L64,N64)<>0,TRUNC(SUM(I64,L64,N64),1),"") -> 9947 | AC64: =TRUNC(AE64*옵션!$B$36/100,1) -> 270 | AD64: =TRUNC(SUM(L56:L62)) -> 9002 | AE64: =TRUNC(SUM(AE56:AE63)) -> 9002
I65: =IF(G65*H65<>0, TRUNC(G65*H65,1),"") | L65: =IF(G65*K65<>0, TRUNC(G65*K65,1),"") | N65: =IF(G65*M65<>0, TRUNC(G65*M65,1),"") | P65: =IF(SUM(I65,L65,N65)<>0,TRUNC(SUM(I65,L65,N65),1),"")
A66: 5975D077003 | B66: 일목줄 | C66: ECI31100030S | D66: [제 12호] 파상형 폴리에틸렌 전선관 50㎜(가로등,신호,구내) [M.]
A67: 59753077003 | B67: 제 12호 | C67: 3913170610035633 | D67: 파상형 폴리에틸렌 전선관 | E67: 50㎜(가로등,신호,구내) | F67: m | G67: 1 | H67: =합산자재!H5 -> 750 | I67: =IF(G67*H67<>0, TRUNC(G67*H67,1),"") -> 750 | J67: 1 | K67: =합산자재!I5 -> 0 | L67: =IF(G67*K67<>0, TRUNC(G67*K67,1),"") | M67: =합산자재!J5 -> 0 | N67: =IF(G67*M67<>0, TRUNC(G67*M67,1),"") | P67: =IF(SUM(I67,L67,N67)<>0,TRUNC(SUM(I67,L67,N67),1),"") -> 750 | R67: ELP | Z67: 노임계 | AB67: =G67*H67 -> 750 | AC67: =G67*H67 -> 750
A68: 59753077003 | B68: 제 12호 | C68: 3913170610035633 | D68: 파상형 폴리에틸렌 전선관 | E68: 50㎜(가로등,신호,구내) | F68: m | G68: 0.03 | H68: =합산자재!H5 -> 750 | I68: =IF(G68*H68<>0, TRUNC(G68*H68,1),"") -> 22.5 | J68: 0.03 | K68: =합산자재!I5 -> 0 | L68: =IF(G68*K68<>0, TRUNC(G68*K68,1),"") | M68: =합산자재!J5 -> 0 | N68: =IF(G68*M68<>0, TRUNC(G68*M68,1),"") | P68: =IF(SUM(I68,L68,N68)<>0,TRUNC(SUM(I68,L68,N68),1),"") -> 22.5 | R68: ELP
A69: A0500000000 | B69: 제 12호 | C69: RENT000000000002 | D69: [ 배관 부속재 ] | E69: 전선관의 15 % | F69: 식 | G69: 1 | H69: =TRUNC(AB69*옵션!$B$31/100,1) -> 112.5 | I69: =IF(G69*H69<>0, TRUNC(G69*H69,1),"") -> 112.5 | J69: 1 | L69: =IF(G69*K69<>0, TRUNC(G69*K69,1),"") | N69: =IF(G69*M69<>0, TRUNC(G69*M69,1),"") | P69: =IF(SUM(I69,L69,N69)<>0,TRUNC(SUM(I69,L69,N69),1),"") -> 112.5 | AB69: =TRUNC(SUM(AB66:AB68)) -> 750
A70: A0100000000 | B70: 제 12호 | C70: RENT000000000003 | D70: [ 소모 잡자재 ] | E70: 전선, 전선관의 2 % | F70: 식 | G70: 1 | H70: =IF(TRUNC((AD70+AC70)/$AD$3,1)*$AD$3-AD70 <0, AC70, TRUNC((AD70+AC70)/$AD$3,1)*$AD$3-AD70) -> 15 | I70: =H70 -> 15 | J70: 1 | L70: =IF(G70*K70<>0, TRUNC(G70*K70,1),"") | N70: =IF(G70*M70<>0, TRUNC(G70*M70,1),"") | P70: =IF(SUM(I70,L70,N70)<>0,TRUNC(SUM(I70,L70,N70),1),"") -> 15 | AC70: =TRUNC(TRUNC(SUM(AC66:AC69))*옵션!$B$33/100,1) -> 15 | AD70: =TRUNC(SUM(I66:I69))+TRUNC(SUM(N66:N69)) -> 885
A71: 56900017031 | B71: 제 12호 | C71: L001010101000081 | D71: 노 무 비 | E71: 배전전공 | F71: 인 | G71: =일위노임!G37 -> 0.0105 | H71: =합산자재!H118 -> 0 | I71: =IF(G71*H71<>0, TRUNC(G71*H71,1),"") | J71: 0.0105 | K71: =합산자재!I118 -> 414968 | L71: =IF(G71*K71<>0, TRUNC(G71*K71,1),"") -> 4357.1 | M71: =합산자재!J118 -> 0 | N71: =IF(G71*M71<>0, TRUNC(G71*M71,1),"") | P71: =IF(SUM(I71,L71,N71)<>0,TRUNC(SUM(I71,L71,N71),1),"") -> 4357.1 | Z71: 노임계 | AE71: =L71 -> 4357.1
A72: 56900017041 | B72: 제 12호 | C72: L001010101000002 | D72: 노 무 비 | E72: 보통인부 | F72: 인 | G72: =일위노임!G38 -> 0.027 | H72: =합산자재!H124 -> 0 | I72: =IF(G72*H72<>0, TRUNC(G72*H72,1),"") | J72: 0.027 | K72: =합산자재!I124 -> 172068 | L72: =IF(G72*K72<>0, TRUNC(G72*K72,1),"") -> 4645.8 | M72: =합산자재!J124 -> 0 | N72: =IF(G72*M72<>0, TRUNC(G72*M72,1),"") | P72: =IF(SUM(I72,L72,N72)<>0,TRUNC(SUM(I72,L72,N72),1),"") -> 4645.8 | AE72: =L72 -> 4645.8
A73: A0300000000 | B73: 제 12호 | C73: RENT000000000006 | D73: [ 공 구 손 료 ] | E73: 노무비의 3 % | F73: 식 | G73: 1 | H73: =IF(TRUNC((AD74+AC74)/$AE$3,1)*$AE$3-AD74 <0, AC74, TRUNC((AD74+AC74)/$AE$3,1)*$AE$3-AD74) -> 270 | I73: =H73 -> 270 | J73: 1 | L73: =IF(G73*K73<>0, TRUNC(G73*K73,1),"") | N73: =IF(G73*M73<>0, TRUNC(G73*M73,1),"") | P73: =IF(SUM(I73,L73,N73)<>0,TRUNC(SUM(I73,L73,N73),1),"") -> 270
B74: 합계줄 | D74: ( 합 계 ) | I74: =TRUNC(SUM(I66:I73)) -> 1170 | L74: =TRUNC(SUM(L66:L73)) -> 9002 | N74: =TRUNC(SUM(N66:N73)) -> 0 | P74: =IF(SUM(I74,L74,N74)<>0,TRUNC(SUM(I74,L74,N74),1),"") -> 10172 | Z74: 노임계 | AC74: =TRUNC(AE74*옵션!$B$36/100,1) -> 270 | AD74: =TRUNC(SUM(L66:L72)) -> 9002 | AE74: =TRUNC(SUM(AE66:AE73)) -> 9002
I75: =IF(G75*H75<>0, TRUNC(G75*H75,1),"") | L75: =IF(G75*K75<>0, TRUNC(G75*K75,1),"") | N75: =IF(G75*M75<>0, TRUNC(G75*M75,1),"") | P75: =IF(SUM(I75,L75,N75)<>0,TRUNC(SUM(I75,L75,N75),1),"")
A76: 5975D077004 | B76: 일목줄 | C76: E59753077004 | D76: [제 13호] 파상형 폴리에틸렌 전선관 65㎜(가로등,신호,구내) [M.]
A77: 59753077004 | B77: 제 13호 | C77: 3913170610035634 | D77: 파상형 폴리에틸렌 전선관 | E77: 65㎜(가로등,신호,구내) | F77: m | G77: 1 | H77: =합산자재!H6 -> 1239 | I77: =IF(G77*H77<>0, TRUNC(G77*H77,1),"") -> 1239 | J77: 1 | K77: =합산자재!I6 -> 0 | L77: =IF(G77*K77<>0, TRUNC(G77*K77,1),"") | M77: =합산자재!J6 -> 0 | N77: =IF(G77*M77<>0, TRUNC(G77*M77,1),"") | P77: =IF(SUM(I77,L77,N77)<>0,TRUNC(SUM(I77,L77,N77),1),"") -> 1239 | R77: ELP | Z77: 노임계 | AB77: =G77*H77 -> 1239 | AC77: =G77*H77 -> 1239
A78: 59753077004 | B78: 제 13호 | C78: 3913170610035634 | D78: 파상형 폴리에틸렌 전선관 | E78: 65㎜(가로등,신호,구내) | F78: m | G78: 0.03 | H78: =합산자재!H6 -> 1239 | I78: =IF(G78*H78<>0, TRUNC(G78*H78,1),"") -> 37.1 | J78: 0.03 | K78: =합산자재!I6 -> 0 | L78: =IF(G78*K78<>0, TRUNC(G78*K78,1),"") | M78: =합산자재!J6 -> 0 | N78: =IF(G78*M78<>0, TRUNC(G78*M78,1),"") | P78: =IF(SUM(I78,L78,N78)<>0,TRUNC(SUM(I78,L78,N78),1),"") -> 37.1 | R78: ELP
A79: A0500000000 | B79: 제 13호 | C79: RENT000000000002 | D79: [ 배관 부속재 ] | E79: 전선관의 15 % | F79: 식 | G79: 1 | H79: =TRUNC(AB79*옵션!$B$31/100,1) -> 185.8 | I79: =IF(G79*H79<>0, TRUNC(G79*H79,1),"") -> 185.8 | J79: 1 | L79: =IF(G79*K79<>0, TRUNC(G79*K79,1),"") | N79: =IF(G79*M79<>0, TRUNC(G79*M79,1),"") | P79: =IF(SUM(I79,L79,N79)<>0,TRUNC(SUM(I79,L79,N79),1),"") -> 185.8 | AB79: =TRUNC(SUM(AB76:AB78)) -> 1239
A80: A0100000000 | B80: 제 13호 | C80: RENT000000000003 | D80: [ 소모 잡자재 ] | E80: 전선, 전선관의 2 % | F80: 식 | G80: 1 | H80: =IF(TRUNC((AD80+AC80)/$AD$3,1)*$AD$3-AD80 <0, AC80, TRUNC((AD80+AC80)/$AD$3,1)*$AD$3-AD80) -> 24.7 | I80: =H80 -> 24.7 | J80: 1 | L80: =IF(G80*K80<>0, TRUNC(G80*K80,1),"") | N80: =IF(G80*M80<>0, TRUNC(G80*M80,1),"") | P80: =IF(SUM(I80,L80,N80)<>0,TRUNC(SUM(I80,L80,N80),1),"") -> 24.7 | Z80: 노임계 | AC80: =TRUNC(TRUNC(SUM(AC76:AC79))*옵션!$B$33/100,1) -> 24.7 | AD80: =TRUNC(SUM(I76:I79))+TRUNC(SUM(N76:N79)) -> 1461
A81: 56900017031 | B81: 제 13호 | C81: L001010101000081 | D81: 노 무 비 | E81: 배전전공 | F81: 인 | G81: =일위노임!G42 -> 0.0135 | H81: =합산자재!H118 -> 0 | I81: =IF(G81*H81<>0, TRUNC(G81*H81,1),"") | J81: 0.0135 | K81: =합산자재!I118 -> 414968 | L81: =IF(G81*K81<>0, TRUNC(G81*K81,1),"") -> 5602 | M81: =합산자재!J118 -> 0 | N81: =IF(G81*M81<>0, TRUNC(G81*M81,1),"") | P81: =IF(SUM(I81,L81,N81)<>0,TRUNC(SUM(I81,L81,N81),1),"") -> 5602 | AE81: =L81 -> 5602
A82: 56900017041 | B82: 제 13호 | C82: L001010101000002 | D82: 노 무 비 | E82: 보통인부 | F82: 인 | G82: =일위노임!G43 -> 0.033 | H82: =합산자재!H124 -> 0 | I82: =IF(G82*H82<>0, TRUNC(G82*H82,1),"") | J82: 0.033 | K82: =합산자재!I124 -> 172068 | L82: =IF(G82*K82<>0, TRUNC(G82*K82,1),"") -> 5678.2 | M82: =합산자재!J124 -> 0 | N82: =IF(G82*M82<>0, TRUNC(G82*M82,1),"") | P82: =IF(SUM(I82,L82,N82)<>0,TRUNC(SUM(I82,L82,N82),1),"") -> 5678.2 | AE82: =L82 -> 5678.2
A83: A0300000000 | B83: 제 13호 | C83: RENT000000000006 | D83: [ 공 구 손 료 ] | E83: 노무비의 3 % | F83: 식 | G83: 1 | H83: =IF(TRUNC((AD84+AC84)/$AE$3,1)*$AE$3-AD84 <0, AC84, TRUNC((AD84+AC84)/$AE$3,1)*$AE$3-AD84) -> 338.4 | I83: =H83 -> 338.4 | J83: 1 | L83: =IF(G83*K83<>0, TRUNC(G83*K83,1),"") | N83: =IF(G83*M83<>0, TRUNC(G83*M83,1),"") | P83: =IF(SUM(I83,L83,N83)<>0,TRUNC(SUM(I83,L83,N83),1),"") -> 338.4 | Z83: 노임계
B84: 합계줄 | D84: ( 합 계 ) | I84: =TRUNC(SUM(I76:I83)) -> 1825 | L84: =TRUNC(SUM(L76:L83)) -> 11280 | N84: =TRUNC(SUM(N76:N83)) -> 0 | P84: =IF(SUM(I84,L84,N84)<>0,TRUNC(SUM(I84,L84,N84),1),"") -> 13105 | AC84: =TRUNC(AE84*옵션!$B$36/100,1) -> 338.4 | AD84: =TRUNC(SUM(L76:L82)) -> 11280 | AE84: =TRUNC(SUM(AE76:AE83)) -> 11280
I85: =IF(G85*H85<>0, TRUNC(G85*H85,1),"") | L85: =IF(G85*K85<>0, TRUNC(G85*K85,1),"") | N85: =IF(G85*M85<>0, TRUNC(G85*M85,1),"") | P85: =IF(SUM(I85,L85,N85)<>0,TRUNC(SUM(I85,L85,N85),1),"")
A86: 5975D077005 | B86: 일목줄 | C86: ECI31100040S | D86: [제 14호] 파상형 폴리에틸렌 전선관 80㎜(가로등,신호,구내) [M.] | Z86: 노임계
A87: 59753077005 | B87: 제 14호 | C87: 3913170610035635 | D87: 파상형 폴리에틸렌 전선관 | E87: 80㎜(가로등,신호,구내) | F87: m | G87: 1 | H87: =합산자재!H7 -> 1632 | I87: =IF(G87*H87<>0, TRUNC(G87*H87,1),"") -> 1632 | J87: 1 | K87: =합산자재!I7 -> 0 | L87: =IF(G87*K87<>0, TRUNC(G87*K87,1),"") | M87: =합산자재!J7 -> 0 | N87: =IF(G87*M87<>0, TRUNC(G87*M87,1),"") | P87: =IF(SUM(I87,L87,N87)<>0,TRUNC(SUM(I87,L87,N87),1),"") -> 1632 | R87: ELP | AB87: =G87*H87 -> 1632 | AC87: =G87*H87 -> 1632
A88: 59753077005 | B88: 제 14호 | C88: 3913170610035635 | D88: 파상형 폴리에틸렌 전선관 | E88: 80㎜(가로등,신호,구내) | F88: m | G88: 0.03 | H88: =합산자재!H7 -> 1632 | I88: =IF(G88*H88<>0, TRUNC(G88*H88,1),"") -> 48.9 | J88: 0.03 | K88: =합산자재!I7 -> 0 | L88: =IF(G88*K88<>0, TRUNC(G88*K88,1),"") | M88: =합산자재!J7 -> 0 | N88: =IF(G88*M88<>0, TRUNC(G88*M88,1),"") | P88: =IF(SUM(I88,L88,N88)<>0,TRUNC(SUM(I88,L88,N88),1),"") -> 48.9 | R88: ELP
A89: A0500000000 | B89: 제 14호 | C89: RENT000000000002 | D89: [ 배관 부속재 ] | E89: 전선관의 15 % | F89: 식 | G89: 1 | H89: =TRUNC(AB89*옵션!$B$31/100,1) -> 244.8 | I89: =IF(G89*H89<>0, TRUNC(G89*H89,1),"") -> 244.8 | J89: 1 | L89: =IF(G89*K89<>0, TRUNC(G89*K89,1),"") | N89: =IF(G89*M89<>0, TRUNC(G89*M89,1),"") | P89: =IF(SUM(I89,L89,N89)<>0,TRUNC(SUM(I89,L89,N89),1),"") -> 244.8 | AB89: =TRUNC(SUM(AB86:AB88)) -> 1632
A90: A0100000000 | B90: 제 14호 | C90: RENT000000000003 | D90: [ 소모 잡자재 ] | E90: 전선, 전선관의 2 % | F90: 식 | G90: 1 | H90: =IF(TRUNC((AD90+AC90)/$AD$3,1)*$AD$3-AD90 <0, AC90, TRUNC((AD90+AC90)/$AD$3,1)*$AD$3-AD90) -> 32.6 | I90: =H90 -> 32.6 | J90: 1 | L90: =IF(G90*K90<>0, TRUNC(G90*K90,1),"") | N90: =IF(G90*M90<>0, TRUNC(G90*M90,1),"") | P90: =IF(SUM(I90,L90,N90)<>0,TRUNC(SUM(I90,L90,N90),1),"") -> 32.5 | Z90: 노임계 | AC90: =TRUNC(TRUNC(SUM(AC86:AC89))*옵션!$B$33/100,1) -> 32.6 | AD90: =TRUNC(SUM(I86:I89))+TRUNC(SUM(N86:N89)) -> 1925
A91: 56900017031 | B91: 제 14호 | C91: L001010101000081 | D91: 노 무 비 | E91: 배전전공 | F91: 인 | G91: =일위노임!G47 -> 0.0135 | H91: =합산자재!H118 -> 0 | I91: =IF(G91*H91<>0, TRUNC(G91*H91,1),"") | J91: 0.0135 | K91: =합산자재!I118 -> 414968 | L91: =IF(G91*K91<>0, TRUNC(G91*K91,1),"") -> 5602 | M91: =합산자재!J118 -> 0 | N91: =IF(G91*M91<>0, TRUNC(G91*M91,1),"") | P91: =IF(SUM(I91,L91,N91)<>0,TRUNC(SUM(I91,L91,N91),1),"") -> 5602 | AE91: =L91 -> 5602
A92: 56900017041 | B92: 제 14호 | C92: L001010101000002 | D92: 노 무 비 | E92: 보통인부 | F92: 인 | G92: =일위노임!G48 -> 0.033 | H92: =합산자재!H124 -> 0 | I92: =IF(G92*H92<>0, TRUNC(G92*H92,1),"") | J92: 0.033 | K92: =합산자재!I124 -> 172068 | L92: =IF(G92*K92<>0, TRUNC(G92*K92,1),"") -> 5678.2 | M92: =합산자재!J124 -> 0 | N92: =IF(G92*M92<>0, TRUNC(G92*M92,1),"") | P92: =IF(SUM(I92,L92,N92)<>0,TRUNC(SUM(I92,L92,N92),1),"") -> 5678.2 | AE92: =L92 -> 5678.2
A93: A0300000000 | B93: 제 14호 | C93: RENT000000000006 | D93: [ 공 구 손 료 ] | E93: 노무비의 3 % | F93: 식 | G93: 1 | H93: =IF(TRUNC((AD94+AC94)/$AE$3,1)*$AE$3-AD94 <0, AC94, TRUNC((AD94+AC94)/$AE$3,1)*$AE$3-AD94) -> 338.4 | I93: =H93 -> 338.4 | J93: 1 | L93: =IF(G93*K93<>0, TRUNC(G93*K93,1),"") | N93: =IF(G93*M93<>0, TRUNC(G93*M93,1),"") | P93: =IF(SUM(I93,L93,N93)<>0,TRUNC(SUM(I93,L93,N93),1),"") -> 338.4
B94: 합계줄 | D94: ( 합 계 ) | I94: =TRUNC(SUM(I86:I93)) -> 2296 | L94: =TRUNC(SUM(L86:L93)) -> 11280 | N94: =TRUNC(SUM(N86:N93)) -> 0 | P94: =IF(SUM(I94,L94,N94)<>0,TRUNC(SUM(I94,L94,N94),1),"") -> 13576 | AC94: =TRUNC(AE94*옵션!$B$36/100,1) -> 338.4 | AD94: =TRUNC(SUM(L86:L92)) -> 11280 | AE94: =TRUNC(SUM(AE86:AE93)) -> 11280
I95: =IF(G95*H95<>0, TRUNC(G95*H95,1),"") | L95: =IF(G95*K95<>0, TRUNC(G95*K95,1),"") | N95: =IF(G95*M95<>0, TRUNC(G95*M95,1),"") | P95: =IF(SUM(I95,L95,N95)<>0,TRUNC(SUM(I95,L95,N95),1),"") | Z95: 노임계
A96: 5975D077006 | B96: 일목줄 | C96: ECI31100050S | D96: [제 15호] 파상형 폴리에틸렌 전선관 100㎜(가로등,신호,구내) [M.]
A97: 59753077006 | B97: 제 15호 | C97: 3913170610035636 | D97: 파상형 폴리에틸렌 전선관 | E97: 100㎜(가로등,신호,구내) | F97: m | G97: 1 | H97: =합산자재!H8 -> 2188 | I97: =IF(G97*H97<>0, TRUNC(G97*H97,1),"") -> 2188 | J97: 1 | K97: =합산자재!I8 -> 0 | L97: =IF(G97*K97<>0, TRUNC(G97*K97,1),"") | M97: =합산자재!J8 -> 0 | N97: =IF(G97*M97<>0, TRUNC(G97*M97,1),"") | P97: =IF(SUM(I97,L97,N97)<>0,TRUNC(SUM(I97,L97,N97),1),"") -> 2188 | R97: ELP | AB97: =G97*H97 -> 2188 | AC97: =G97*H97 -> 2188
A98: 59753077006 | B98: 제 15호 | C98: 3913170610035636 | D98: 파상형 폴리에틸렌 전선관 | E98: 100㎜(가로등,신호,구내) | F98: m | G98: 0.03 | H98: =합산자재!H8 -> 2188 | I98: =IF(G98*H98<>0, TRUNC(G98*H98,1),"") -> 65.6 | J98: 0.03 | K98: =합산자재!I8 -> 0 | L98: =IF(G98*K98<>0, TRUNC(G98*K98,1),"") | M98: =합산자재!J8 -> 0 | N98: =IF(G98*M98<>0, TRUNC(G98*M98,1),"") | P98: =IF(SUM(I98,L98,N98)<>0,TRUNC(SUM(I98,L98,N98),1),"") -> 65.6 | R98: ELP
A99: A0500000000 | B99: 제 15호 | C99: RENT000000000002 | D99: [ 배관 부속재 ] | E99: 전선관의 15 % | F99: 식 | G99: 1 | H99: =TRUNC(AB99*옵션!$B$31/100,1) -> 328.2 | I99: =IF(G99*H99<>0, TRUNC(G99*H99,1),"") -> 328.2 | J99: 1 | L99: =IF(G99*K99<>0, TRUNC(G99*K99,1),"") | N99: =IF(G99*M99<>0, TRUNC(G99*M99,1),"") | P99: =IF(SUM(I99,L99,N99)<>0,TRUNC(SUM(I99,L99,N99),1),"") -> 328.2 | AB99: =TRUNC(SUM(AB96:AB98)) -> 2188
A100: A0100000000 | B100: 제 15호 | C100: RENT000000000003 | D100: [ 소모 잡자재 ] | E100: 전선, 전선관의 2 % | F100: 식 | G100: 1 | H100: =IF(TRUNC((AD100+AC100)/$AD$3,1)*$AD$3-AD100 <0, AC100, TRUNC((AD100+AC100)/$AD$3,1)*$AD$3-AD100) -> 43.7 | I100: =H100 -> 43.7 | J100: 1 | L100: =IF(G100*K100<>0, TRUNC(G100*K100,1),"") | N100: =IF(G100*M100<>0, TRUNC(G100*M100,1),"") | P100: =IF(SUM(I100,L100,N100)<>0,TRUNC(SUM(I100,L100,N100),1),"") -> 43.6 | Z100: 노임계 | AC100: =TRUNC(TRUNC(SUM(AC96:AC99))*옵션!$B$33/100,1) -> 43.7 | AD100: =TRUNC(SUM(I96:I99))+TRUNC(SUM(N96:N99)) -> 2581
...

Sheet 일위노임
A1: 총줄수-> | B1: 289 | D1: [ 화성 청원지구 전기공사 ] - 일위노임 산출근거(202601-노임) | AA1: 내선전공 | AB1: 저압케이블전공 | AC1: 특고압케이블전공 | AD1: 배전전공 | AE1: 통신케이블공 | AF1: 통신설비공 | AG1: 통신외선공 | AH1: 통신관련산업기사 | AI1: 광케이블설치사 | AJ1: 보통인부 | AK1: 특별인부 | AL1: 비계공 | AM1: 형틀목공 | AN1: 줄눈공 | AO1: 콘크리트공 | AP1: H/W시험사 | AQ1: 작업반장
A2: 번호 | B2: 공종코드 | C2: 코드 | D2: 명 칭 | E2: 규 격 | F2: 단위 | G2: 수량 | K2: 코드 | L2: 공량산출 | P2: 단 위 단 가 산 출 | S2: 품셈근거 | T2: 비고
G3: 결정수량 | H3: 할증 | I3: 산출수량 | J3: 재할% | L3: 명칭 | M3: 품셈 | N3: 할증% | O3: 공량 | P3: 단가 | Q3: 단위단가 | R3: 단위계
B4: 공종줄 | D4: [ 제 3호 ] 인력잔토처리 현장처리 [㎥]
B5: 800 | C5: 391115ZZ701Z0059 | D5: 품셈 산출근거 | E5: 인력잔토처리 현장처리 | F5: 식 | G5: 1 | H5: =IF(I5<>0,G5-I5,"") -> 0 | I5: 1 | K5: 56900017041 | L5: 보통인부 | M5: 0.2 | N5: 100 | O5: =IF(I5*M5=0,"",I5*M5*(N5/100)) -> 0.2 | S5: 토목3-1-3-1 | AJ5: =O5 -> 0.2
B6: 800 | C6: L001010101000002 | D6: 노 무 비 | E6: 보통인부 | F6: 인 | G6: =IF(H6*I6/100+0.000005 <1, TRUNC(H6*I6/100+0.000005, 옵션!$E$13), TRUNC(H6*I6/100+0.000005, 옵션!$E$13)) -> 0.2 | H6: =옵션!$B$13 -> 100 | I6: =SUM(AJ5:AJ5) -> 0.2 | O6: =IF(I6*M6=0,"",I6*M6*(N6/100)) | AJ6: =SUM(AJ5:AJ5) -> 0.2
B7: 공종줄 | D7: [ 제 4호 ] 레미콘타설 무근(미할증) [㎥]
B8: 800 | C8: 391115ZZ701Z0057 | D8: 품셈 산출근거 | E8: 레미콘타설 무근(미할증) | F8: 식 | G8: 1 | H8: =IF(I8<>0,G8-I8,"") -> 0 | I8: 1 | K8: 56900017108 | L8: 콘크리트공 | M8: 0.12 | N8: 100 | O8: =IF(I8*M8=0,"",I8*M8*(N8/100)) -> 0.12 | S8: 토목6-1-1-1 | AO8: =O8 -> 0.12
B9: 800 | C9: 391115ZZ701Z0057 | G9: 1 | H9: =IF(I9<>0,G9-I9,"") -> 0 | I9: 1 | K9: 56900017041 | L9: 보통인부 | M9: 0.15 | N9: 100 | O9: =IF(I9*M9=0,"",I9*M9*(N9/100)) -> 0.15 | S9: 토목6-1-1-1 | AJ9: =O9 -> 0.15
B10: 800 | C10: L001010101000002 | D10: 노 무 비 | E10: 보통인부 | F10: 인 | G10: =IF(H10*I10/100+0.000005 <1, TRUNC(H10*I10/100+0.000005, 옵션!$E$13), TRUNC(H10*I10/100+0.000005, 옵션!$E$13)) -> 0.15 | H10: =옵션!$B$13 -> 100 | I10: =SUM(AJ8:AJ9) -> 0.15 | O10: =IF(I10*M10=0,"",I10*M10*(N10/100)) | AJ10: =SUM(AJ8:AJ9) -> 0.15 | AO10: =SUM(AO8:AO9) -> 0.12
B11: 800 | C11: L001010101000013 | D11: 노 무 비 | E11: 콘크리트공 | F11: 인 | G11: =IF(H11*I11/100+0.000005 <1, TRUNC(H11*I11/100+0.000005, 옵션!$E$13), TRUNC(H11*I11/100+0.000005, 옵션!$E$13)) -> 0.12 | H11: =옵션!$B$13 -> 100 | I11: =SUM(AO8:AO9) -> 0.12 | O11: =IF(I11*M11=0,"",I11*M11*(N11/100))
B12: 공종줄 | D12: [ 제 5호 ] 합판거푸집 4회 [㎡]
B13: 800 | C13: 391115ZZ701Z0061 | D13: 품셈 산출근거 | E13: 합판거푸집 4회(보통) | F13: 식 | G13: 1 | H13: =IF(I13<>0,G13-I13,"") -> 0 | I13: 1 | K13: 56900017137 | L13: 형틀목공 | M13: 0.11 | N13: 100 | O13: =IF(I13*M13=0,"",I13*M13*(N13/100)) -> 0.11 | AM13: =O13 -> 0.11
B14: 800 | C14: 391115ZZ701Z0061 | G14: 1 | H14: =IF(I14<>0,G14-I14,"") -> 0 | I14: 1 | K14: 56900017041 | L14: 보통인부 | M14: 0.03 | N14: 100 | O14: =IF(I14*M14=0,"",I14*M14*(N14/100)) -> 0.03 | AJ14: =O14 -> 0.03
B15: 800 | C15: L001010101000002 | D15: 노 무 비 | E15: 보통인부 | F15: 인 | G15: =IF(H15*I15/100+0.000005 <1, TRUNC(H15*I15/100+0.000005, 옵션!$E$13), TRUNC(H15*I15/100+0.000005, 옵션!$E$13)) -> 0.03 | H15: =옵션!$B$13 -> 100 | I15: =SUM(AJ13:AJ14) -> 0.03 | O15: =IF(I15*M15=0,"",I15*M15*(N15/100)) | AJ15: =SUM(AJ13:AJ14) -> 0.03 | AM15: =SUM(AM13:AM14) -> 0.11
B16: 800 | C16: L001010101000007 | D16: 노 무 비 | E16: 형틀목공 | F16: 인 | G16: =IF(H16*I16/100+0.000005 <1, TRUNC(H16*I16/100+0.000005, 옵션!$E$13), TRUNC(H16*I16/100+0.000005, 옵션!$E$13)) -> 0.11 | H16: =옵션!$B$13 -> 100 | I16: =SUM(AM13:AM14) -> 0.11 | O16: =IF(I16*M16=0,"",I16*M16*(N16/100))
B17: 공종줄 | D17: [ 제 6호 ] 가로등 건주 기계화 시공 일반 5m-7m [식]
B18: 800 | C18: 391115ZZ701Z0056 | D18: 품셈 산출근거 | E18: 건주 기계화 일반 5m-7m | F18: 식 | G18: 1 | H18: =IF(I18<>0,G18-I18,"") -> 0 | I18: 1 | K18: 56900017016 | L18: 내선전공 | M18: 0.31 | N18: 100 | O18: =IF(I18*M18=0,"",I18*M18*(N18/100)) -> 0.31 | S18: 전기5-27-나 | AA18: =O18 -> 0.31
B19: 800 | C19: L001010101000075 | D19: 노 무 비 | E19: 내선전공 | F19: 인 | G19: =IF(H19*I19/100+0.000005 <1, TRUNC(H19*I19/100+0.000005, 옵션!$E$13), TRUNC(H19*I19/100+0.000005, 옵션!$E$13)) -> 0.31 | H19: =옵션!$B$13 -> 100 | I19: =SUM(AA18:AA18) -> 0.31 | O19: =IF(I19*M19=0,"",I19*M19*(N19/100)) | AA19: =SUM(AA18:AA18) -> 0.31
B20: 공종줄 | D20: [ 제 7호 ] 가로등 건주 기계화 시공 일반 10m-12m [식]
B21: 800 | C21: 391115ZZ701Z0055 | D21: 품셈 산출근거 | E21: 건주 기계화 일반 10m-12m | F21: 식 | G21: 1 | H21: =IF(I21<>0,G21-I21,"") -> 0 | I21: 1 | K21: 56900017016 | L21: 내선전공 | M21: 0.42 | N21: 100 | O21: =IF(I21*M21=0,"",I21*M21*(N21/100)) -> 0.42 | S21: 전기5-27-나 | AA21: =O21 -> 0.42
B22: 800 | C22: L001010101000075 | D22: 노 무 비 | E22: 내선전공 | F22: 인 | G22: =IF(H22*I22/100+0.000005 <1, TRUNC(H22*I22/100+0.000005, 옵션!$E$13), TRUNC(H22*I22/100+0.000005, 옵션!$E$13)) -> 0.42 | H22: =옵션!$B$13 -> 100 | I22: =SUM(AA21:AA21) -> 0.42 | O22: =IF(I22*M22=0,"",I22*M22*(N22/100)) | AA22: =SUM(AA21:AA21) -> 0.42
B23: 공종줄 | D23: [ 제 9호 ] 인력터파기 보통토사0-1m [㎥]
B24: 800 | C24: 391115ZZ701Z0060 | D24: 품셈 산출근거 | E24: 인력터파기 보통토사 0-1M | F24: 식 | G24: 1 | H24: =IF(I24<>0,G24-I24,"") -> 0 | I24: 1 | K24: 56900017041 | L24: 보통인부 | M24: 0.2 | N24: 100 | O24: =IF(I24*M24=0,"",I24*M24*(N24/100)) -> 0.2 | S24: 토목3-1-3-1 | AJ24: =O24 -> 0.2
B25: 800 | C25: L001010101000002 | D25: 노 무 비 | E25: 보통인부 | F25: 인 | G25: =IF(H25*I25/100+0.000005 <1, TRUNC(H25*I25/100+0.000005, 옵션!$E$13), TRUNC(H25*I25/100+0.000005, 옵션!$E$13)) -> 0.2 | H25: =옵션!$B$13 -> 100 | I25: =SUM(AJ24:AJ24) -> 0.2 | O25: =IF(I25*M25=0,"",I25*M25*(N25/100)) | AJ25: =SUM(AJ24:AJ24) -> 0.2
B26: 공종줄 | D26: [ 제 10호 ] 인력되메우기 보통토사0-1m [㎥]
B27: 800 | C27: 391115ZZ701Z0058 | D27: 품셈 산출근거 | E27: 인력되메우기 보통토사 0-1M | F27: 식 | G27: 1 | H27: =IF(I27<>0,G27-I27,"") -> 0 | I27: 1 | K27: 56900017041 | L27: 보통인부 | M27: 0.1 | N27: 100 | O27: =IF(I27*M27=0,"",I27*M27*(N27/100)) -> 0.1 | S27: 토목3-1-3-1 | AJ27: =O27 -> 0.1
B28: 800 | C28: L001010101000002 | D28: 노 무 비 | E28: 보통인부 | F28: 인 | G28: =IF(H28*I28/100+0.000005 <1, TRUNC(H28*I28/100+0.000005, 옵션!$E$13), TRUNC(H28*I28/100+0.000005, 옵션!$E$13)) -> 0.1 | H28: =옵션!$B$13 -> 100 | I28: =SUM(AJ27:AJ27) -> 0.1 | O28: =IF(I28*M28=0,"",I28*M28*(N28/100)) | AJ28: =SUM(AJ27:AJ27) -> 0.1
B29: 공종줄 | D29: [ 제 11호 ] 파상형 폴리에틸렌 전선관 40㎜(가로등,신호,구내) [M.]
B30: 800 | C30: 3913170610035632 | D30: 파상형 폴리에틸렌 전선관 | E30: 40㎜(가로등,신호,구내) | F30: m | G30: 1 | H30: =IF(I30<>0,G30-I30,"") -> 0 | I30: 1 | K30: 56900017031 | L30: 배전전공 | M30: 0.007 | N30: 150 | O30: =IF(I30*M30=0,"",I30*M30*(N30/100)) -> 0.0105 | S30: 전기4-31 | AD30: =O30 -> 0.0105
B31: 800 | C31: 3913170610035632 | G31: 1 | H31: =IF(I31<>0,G31-I31,"") -> 0 | I31: 1 | K31: 56900017041 | L31: 보통인부 | M31: 0.018 | N31: 150 | O31: =IF(I31*M31=0,"",I31*M31*(N31/100)) -> 0.027 | S31: 전기4-31 | AJ31: =O31 -> 0.027
B32: 800 | C32: L001010101000081 | D32: 노 무 비 | E32: 배전전공 | F32: 인 | G32: =IF(H32*I32/100+0.000005 <1, TRUNC(H32*I32/100+0.000005, 옵션!$E$13), TRUNC(H32*I32/100+0.000005, 옵션!$E$13)) -> 0.0105 | H32: =옵션!$B$13 -> 100 | I32: =SUM(AD30:AD31) -> 0.0105 | O32: =IF(I32*M32=0,"",I32*M32*(N32/100)) | AD32: =SUM(AD30:AD31) -> 0.0105 | AJ32: =SUM(AJ30:AJ31) -> 0.027
B33: 800 | C33: L001010101000002 | D33: 노 무 비 | E33: 보통인부 | F33: 인 | G33: =IF(H33*I33/100+0.000005 <1, TRUNC(H33*I33/100+0.000005, 옵션!$E$13), TRUNC(H33*I33/100+0.000005, 옵션!$E$13)) -> 0.027 | H33: =옵션!$B$13 -> 100 | I33: =SUM(AJ30:AJ31) -> 0.027 | O33: =IF(I33*M33=0,"",I33*M33*(N33/100))
B34: 공종줄 | D34: [ 제 12호 ] 파상형 폴리에틸렌 전선관 50㎜(가로등,신호,구내) [M.]
B35: 800 | C35: 3913170610035633 | D35: 파상형 폴리에틸렌 전선관 | E35: 50㎜(가로등,신호,구내) | F35: m | G35: 1 | H35: =IF(I35<>0,G35-I35,"") -> 0 | I35: 1 | K35: 56900017031 | L35: 배전전공 | M35: 0.007 | N35: 150 | O35: =IF(I35*M35=0,"",I35*M35*(N35/100)) -> 0.0105 | S35: 전기4-31 | AD35: =O35 -> 0.0105
B36: 800 | C36: 3913170610035633 | G36: 1 | H36: =IF(I36<>0,G36-I36,"") -> 0 | I36: 1 | K36: 56900017041 | L36: 보통인부 | M36: 0.018 | N36: 150 | O36: =IF(I36*M36=0,"",I36*M36*(N36/100)) -> 0.027 | S36: 전기4-31 | AJ36: =O36 -> 0.027
B37: 800 | C37: L001010101000081 | D37: 노 무 비 | E37: 배전전공 | F37: 인 | G37: =IF(H37*I37/100+0.000005 <1, TRUNC(H37*I37/100+0.000005, 옵션!$E$13), TRUNC(H37*I37/100+0.000005, 옵션!$E$13)) -> 0.0105 | H37: =옵션!$B$13 -> 100 | I37: =SUM(AD35:AD36) -> 0.0105 | O37: =IF(I37*M37=0,"",I37*M37*(N37/100)) | AD37: =SUM(AD35:AD36) -> 0.0105 | AJ37: =SUM(AJ35:AJ36) -> 0.027
B38: 800 | C38: L001010101000002 | D38: 노 무 비 | E38: 보통인부 | F38: 인 | G38: =IF(H38*I38/100+0.000005 <1, TRUNC(H38*I38/100+0.000005, 옵션!$E$13), TRUNC(H38*I38/100+0.000005, 옵션!$E$13)) -> 0.027 | H38: =옵션!$B$13 -> 100 | I38: =SUM(AJ35:AJ36) -> 0.027 | O38: =IF(I38*M38=0,"",I38*M38*(N38/100))
B39: 공종줄 | D39: [ 제 13호 ] 파상형 폴리에틸렌 전선관 65㎜(가로등,신호,구내) [M.]
B40: 800 | C40: 3913170610035634 | D40: 파상형 폴리에틸렌 전선관 | E40: 65㎜(가로등,신호,구내) | F40: m | G40: 1 | H40: =IF(I40<>0,G40-I40,"") -> 0 | I40: 1 | K40: 56900017031 | L40: 배전전공 | M40: 0.009 | N40: 150 | O40: =IF(I40*M40=0,"",I40*M40*(N40/100)) -> 0.0135 | S40: 전기4-31 | AD40: =O40 -> 0.0135
B41: 800 | C41: 3913170610035634 | G41: 1 | H41: =IF(I41<>0,G41-I41,"") -> 0 | I41: 1 | K41: 56900017041 | L41: 보통인부 | M41: 0.022 | N41: 150 | O41: =IF(I41*M41=0,"",I41*M41*(N41/100)) -> 0.033 | S41: 전기4-31 | AJ41: =O41 -> 0.033
B42: 800 | C42: L001010101000081 | D42: 노 무 비 | E42: 배전전공 | F42: 인 | G42: =IF(H42*I42/100+0.000005 <1, TRUNC(H42*I42/100+0.000005, 옵션!$E$13), TRUNC(H42*I42/100+0.000005, 옵션!$E$13)) -> 0.0135 | H42: =옵션!$B$13 -> 100 | I42: =SUM(AD40:AD41) -> 0.0135 | O42: =IF(I42*M42=0,"",I42*M42*(N42/100)) | AD42: =SUM(AD40:AD41) -> 0.0135 | AJ42: =SUM(AJ40:AJ41) -> 0.033
B43: 800 | C43: L001010101000002 | D43: 노 무 비 | E43: 보통인부 | F43: 인 | G43: =IF(H43*I43/100+0.000005 <1, TRUNC(H43*I43/100+0.000005, 옵션!$E$13), TRUNC(H43*I43/100+0.000005, 옵션!$E$13)) -> 0.033 | H43: =옵션!$B$13 -> 100 | I43: =SUM(AJ40:AJ41) -> 0.033 | O43: =IF(I43*M43=0,"",I43*M43*(N43/100))
B44: 공종줄 | D44: [ 제 14호 ] 파상형 폴리에틸렌 전선관 80㎜(가로등,신호,구내) [M.]
B45: 800 | C45: 3913170610035635 | D45: 파상형 폴리에틸렌 전선관 | E45: 80㎜(가로등,신호,구내) | F45: m | G45: 1 | H45: =IF(I45<>0,G45-I45,"") -> 0 | I45: 1 | K45: 56900017031 | L45: 배전전공 | M45: 0.009 | N45: 150 | O45: =IF(I45*M45=0,"",I45*M45*(N45/100)) -> 0.0135 | S45: 전기4-31 | AD45: =O45 -> 0.0135
B46: 800 | C46: 3913170610035635 | G46: 1 | H46: =IF(I46<>0,G46-I46,"") -> 0 | I46: 1 | K46: 56900017041 | L46: 보통인부 | M46: 0.022 | N46: 150 | O46: =IF(I46*M46=0,"",I46*M46*(N46/100)) -> 0.033 | S46: 전기4-31 | AJ46: =O46 -> 0.033
B47: 800 | C47: L001010101000081 | D47: 노 무 비 | E47: 배전전공 | F47: 인 | G47: =IF(H47*I47/100+0.000005 <1, TRUNC(H47*I47/100+0.000005, 옵션!$E$13), TRUNC(H47*I47/100+0.000005, 옵션!$E$13)) -> 0.0135 | H47: =옵션!$B$13 -> 100 | I47: =SUM(AD45:AD46) -> 0.0135 | O47: =IF(I47*M47=0,"",I47*M47*(N47/100)) | AD47: =SUM(AD45:AD46) -> 0.0135 | AJ47: =SUM(AJ45:AJ46) -> 0.033
B48: 800 | C48: L001010101000002 | D48: 노 무 비 | E48: 보통인부 | F48: 인 | G48: =IF(H48*I48/100+0.000005 <1, TRUNC(H48*I48/100+0.000005, 옵션!$E$13), TRUNC(H48*I48/100+0.000005, 옵션!$E$13)) -> 0.033 | H48: =옵션!$B$13 -> 100 | I48: =SUM(AJ45:AJ46) -> 0.033 | O48: =IF(I48*M48=0,"",I48*M48*(N48/100))
B49: 공종줄 | D49: [ 제 15호 ] 파상형 폴리에틸렌 전선관 100㎜(가로등,신호,구내) [M.]
B50: 800 | C50: 3913170610035636 | D50: 파상형 폴리에틸렌 전선관 | E50: 100㎜(가로등,신호,구내) | F50: m | G50: 1 | H50: =IF(I50<>0,G50-I50,"") -> 0 | I50: 1 | K50: 56900017031 | L50: 배전전공 | M50: 0.012 | N50: 150 | O50: =IF(I50*M50=0,"",I50*M50*(N50/100)) -> 0.018 | S50: 전기4-31 | AD50: =O50 -> 0.018
B51: 800 | C51: 3913170610035636 | G51: 1 | H51: =IF(I51<>0,G51-I51,"") -> 0 | I51: 1 | K51: 56900017041 | L51: 보통인부 | M51: 0.036 | N51: 150 | O51: =IF(I51*M51=0,"",I51*M51*(N51/100)) -> 0.054 | S51: 전기4-31 | AJ51: =O51 -> 0.054
B52: 800 | C52: L001010101000081 | D52: 노 무 비 | E52: 배전전공 | F52: 인 | G52: =IF(H52*I52/100+0.000005 <1, TRUNC(H52*I52/100+0.000005, 옵션!$E$13), TRUNC(H52*I52/100+0.000005, 옵션!$E$13)) -> 0.018 | H52: =옵션!$B$13 -> 100 | I52: =SUM(AD50:AD51) -> 0.018 | O52: =IF(I52*M52=0,"",I52*M52*(N52/100)) | AD52: =SUM(AD50:AD51) -> 0.018 | AJ52: =SUM(AJ50:AJ51) -> 0.054
B53: 800 | C53: L001010101000002 | D53: 노 무 비 | E53: 보통인부 | F53: 인 | G53: =IF(H53*I53/100+0.000005 <1, TRUNC(H53*I53/100+0.000005, 옵션!$E$13), TRUNC(H53*I53/100+0.000005, 옵션!$E$13)) -> 0.054 | H53: =옵션!$B$13 -> 100 | I53: =SUM(AJ50:AJ51) -> 0.054 | O53: =IF(I53*M53=0,"",I53*M53*(N53/100))
B54: 공종줄 | D54: [ 제 16호 ] 파상형 폴리에틸렌 전선관 40㎜ [M.]
B55: 800 | C55: 3913170610045632 | D55: 파상형 폴리에틸렌 전선관 | E55: 40㎜ | F55: m | G55: 1 | H55: =IF(I55<>0,G55-I55,"") -> 0 | I55: 1 | K55: 56900017031 | L55: 배전전공 | M55: 0.007 | N55: 100 | O55: =IF(I55*M55=0,"",I55*M55*(N55/100)) -> 0.007 | S55: 전기4-31 | AD55: =O55 -> 0.007
B56: 800 | C56: 3913170610045632 | G56: 1 | H56: =IF(I56<>0,G56-I56,"") -> 0 | I56: 1 | K56: 56900017041 | L56: 보통인부 | M56: 0.018 | N56: 100 | O56: =IF(I56*M56=0,"",I56*M56*(N56/100)) -> 0.018 | S56: 전기4-31 | AJ56: =O56 -> 0.018
B57: 800 | C57: L001010101000081 | D57: 노 무 비 | E57: 배전전공 | F57: 인 | G57: =IF(H57*I57/100+0.000005 <1, TRUNC(H57*I57/100+0.000005, 옵션!$E$13), TRUNC(H57*I57/100+0.000005, 옵션!$E$13)) -> 0.007 | H57: =옵션!$B$13 -> 100 | I57: =SUM(AD55:AD56) -> 0.007 | O57: =IF(I57*M57=0,"",I57*M57*(N57/100)) | AD57: =SUM(AD55:AD56) -> 0.007 | AJ57: =SUM(AJ55:AJ56) -> 0.018
B58: 800 | C58: L001010101000002 | D58: 노 무 비 | E58: 보통인부 | F58: 인 | G58: =IF(H58*I58/100+0.000005 <1, TRUNC(H58*I58/100+0.000005, 옵션!$E$13), TRUNC(H58*I58/100+0.000005, 옵션!$E$13)) -> 0.018 | H58: =옵션!$B$13 -> 100 | I58: =SUM(AJ55:AJ56) -> 0.018 | O58: =IF(I58*M58=0,"",I58*M58*(N58/100))
B59: 공종줄 | D59: [ 제 17호 ] 파상형 폴리에틸렌 전선관 50㎜ [M.]
B60: 800 | C60: 3913170610045633 | D60: 파상형 폴리에틸렌 전선관 | E60: 50㎜ | F60: m | G60: 1 | H60: =IF(I60<>0,G60-I60,"") -> 0 | I60: 1 | K60: 56900017031 | L60: 배전전공 | M60: 0.007 | N60: 100 | O60: =IF(I60*M60=0,"",I60*M60*(N60/100)) -> 0.007 | S60: 전기4-31 | AD60: =O60 -> 0.007
B61: 800 | C61: 3913170610045633 | G61: 1 | H61: =IF(I61<>0,G61-I61,"") -> 0 | I61: 1 | K61: 56900017041 | L61: 보통인부 | M61: 0.018 | N61: 100 | O61: =IF(I61*M61=0,"",I61*M61*(N61/100)) -> 0.018 | S61: 전기4-31 | AJ61: =O61 -> 0.018
B62: 800 | C62: L001010101000081 | D62: 노 무 비 | E62: 배전전공 | F62: 인 | G62: =IF(H62*I62/100+0.000005 <1, TRUNC(H62*I62/100+0.000005, 옵션!$E$13), TRUNC(H62*I62/100+0.000005, 옵션!$E$13)) -> 0.007 | H62: =옵션!$B$13 -> 100 | I62: =SUM(AD60:AD61) -> 0.007 | O62: =IF(I62*M62=0,"",I62*M62*(N62/100)) | AD62: =SUM(AD60:AD61) -> 0.007 | AJ62: =SUM(AJ60:AJ61) -> 0.018
B63: 800 | C63: L001010101000002 | D63: 노 무 비 | E63: 보통인부 | F63: 인 | G63: =IF(H63*I63/100+0.000005 <1, TRUNC(H63*I63/100+0.000005, 옵션!$E$13), TRUNC(H63*I63/100+0.000005, 옵션!$E$13)) -> 0.018 | H63: =옵션!$B$13 -> 100 | I63: =SUM(AJ60:AJ61) -> 0.018 | O63: =IF(I63*M63=0,"",I63*M63*(N63/100))
B64: 공종줄 | D64: [ 제 18호 ] 광케블내외관일체형전선관 COD 36-4 공 [M.]
B65: 800 | C65: 3913170620175668 | D65: 광케블내외관일체형전선관 | E65: COD 36-4 공 | F65: m | G65: 1 | H65: =IF(I65<>0,G65-I65,"") -> 0 | I65: 1 | K65: 56900017115 | L65: 통신외선공 | M65: 0.0173 | N65: 100 | O65: =IF(I65*M65=0,"",I65*M65*(N65/100)) -> 0.0173 | S65: 통신4-1-1 | AG65: =O65 -> 0.0173
B66: 800 | C66: 3913170620175668 | G66: 1 | H66: =IF(I66<>0,G66-I66,"") -> 0 | I66: 1 | K66: 56900017041 | L66: 보통인부 | M66: 0.0182 | N66: 100 | O66: =IF(I66*M66=0,"",I66*M66*(N66/100)) -> 0.0182 | S66: 통신4-1-1 | AJ66: =O66 -> 0.0182
B67: 800 | C67: L001010101000088 | D67: 노 무 비 | E67: 통신외선공 | F67: 인 | G67: =IF(H67*I67/100+0.000005 <1, TRUNC(H67*I67/100+0.000005, 옵션!$E$13), TRUNC(H67*I67/100+0.000005, 옵션!$E$13)) -> 0.0173 | H67: =옵션!$B$13 -> 100 | I67: =SUM(AG65:AG66) -> 0.0173 | O67: =IF(I67*M67=0,"",I67*M67*(N67/100)) | AG67: =SUM(AG65:AG66) -> 0.0173 | AJ67: =SUM(AJ65:AJ66) -> 0.0182
B68: 800 | C68: L001010101000002 | D68: 노 무 비 | E68: 보통인부 | F68: 인 | G68: =IF(H68*I68/100+0.000005 <1, TRUNC(H68*I68/100+0.000005, 옵션!$E$13), TRUNC(H68*I68/100+0.000005, 옵션!$E$13)) -> 0.0182 | H68: =옵션!$B$13 -> 100 | I68: =SUM(AJ65:AJ66) -> 0.0182 | O68: =IF(I68*M68=0,"",I68*M68*(N68/100))
B69: 공종줄 | D69: [ 제 19호 ] 접지용비닐절연전선(F-GV)_지중 6㎟ [M]
B70: 800 | C70: 2612152420683697 | D70: 접지용비닐절연전선(F-GV)_지중 | E70: 6㎟ | F70: m | G70: 1 | H70: =IF(I70<>0,G70-I70,"") -> 0 | I70: 1 | K70: 56900017016 | L70: 내선전공 | M70: 0.006 | N70: 150 | O70: =IF(I70*M70=0,"",I70*M70*(N70/100)) -> 0.009 | S70: 전기3-38 | AA70: =O70 -> 0.009
B71: 800 | C71: L001010101000075 | D71: 노 무 비 | E71: 내선전공 | F71: 인 | G71: =IF(H71*I71/100+0.000005 <1, TRUNC(H71*I71/100+0.000005, 옵션!$E$13), TRUNC(H71*I71/100+0.000005, 옵션!$E$13)) -> 0.009 | H71: =옵션!$B$13 -> 100 | I71: =SUM(AA70:AA70) -> 0.009 | O71: =IF(I71*M71=0,"",I71*M71*(N71/100)) | AA71: =SUM(AA70:AA70) -> 0.009
B72: 공종줄 | D72: [ 제 20호 ] 접지용비닐절연전선(F-GV) 10㎟ [M]
B73: 800 | C73: 2612152420683698 | D73: 접지용비닐절연전선(F-GV) | E73: 10㎟ | F73: m | G73: 1 | H73: =IF(I73<>0,G73-I73,"") -> 0 | I73: 1 | K73: 56900017016 | L73: 내선전공 | M73: 0.006 | N73: 150 | O73: =IF(I73*M73=0,"",I73*M73*(N73/100)) -> 0.009 | S73: 전기3-38 | AA73: =O73 -> 0.009
B74: 800 | C74: L001010101000075 | D74: 노 무 비 | E74: 내선전공 | F74: 인 | G74: =IF(H74*I74/100+0.000005 <1, TRUNC(H74*I74/100+0.000005, 옵션!$E$13), TRUNC(H74*I74/100+0.000005, 옵션!$E$13)) -> 0.009 | H74: =옵션!$B$13 -> 100 | I74: =SUM(AA73:AA73) -> 0.009 | O74: =IF(I74*M74=0,"",I74*M74*(N74/100)) | AA74: =SUM(AA73:AA73) -> 0.009
B75: 공종줄 | D75: [ 제 21호 ] 접지용비닐절연전선(F-GV) 16㎟ [M]
B76: 800 | C76: 2612152420683699 | D76: 접지용비닐절연전선(F-GV) | E76: 16㎟ | F76: m | G76: 1 | H76: =IF(I76<>0,G76-I76,"") -> 0 | I76: 1 | K76: 56900017016 | L76: 내선전공 | M76: 0.007 | N76: 150 | O76: =IF(I76*M76=0,"",I76*M76*(N76/100)) -> 0.0105 | S76: 전기3-38 | AA76: =O76 -> 0.0105
B77: 800 | C77: L001010101000075 | D77: 노 무 비 | E77: 내선전공 | F77: 인 | G77: =IF(H77*I77/100+0.000005 <1, TRUNC(H77*I77/100+0.000005, 옵션!$E$13), TRUNC(H77*I77/100+0.000005, 옵션!$E$13)) -> 0.0105 | H77: =옵션!$B$13 -> 100 | I77: =SUM(AA76:AA76) -> 0.0105 | O77: =IF(I77*M77=0,"",I77*M77*(N77/100)) | AA77: =SUM(AA76:AA76) -> 0.0105
B78: 공종줄 | D78: [ 제 22호 ] 폴리에틸렌 난연케이블 0.6/1kv F-CV 2C×2.5㎟ [M]
B79: 800 | C79: 2612162920683902 | D79: 폴리에틸렌 난연케이블 | E79: 0.6/1kv F-CV 2C×2.5㎟ | F79: m | G79: 1 | H79: =IF(I79<>0,G79-I79,"") -> 0 | I79: 1 | K79: 56900017076 | L79: 저압케이블전공 | M79: 0.014 | N79: 100 | O79: =IF(I79*M79=0,"",I79*M79*(N79/100)) -> 0.014 | S79: 전기5-13 | AB79: =O79 -> 0.014
B80: 800 | C80: L001010101000078 | D80: 노 무 비 | E80: 저압케이블전공 | F80: 인 | G80: =IF(H80*I80/100+0.000005 <1, TRUNC(H80*I80/100+0.000005, 옵션!$E$13), TRUNC(H80*I80/100+0.000005, 옵션!$E$13)) -> 0.014 | H80: =옵션!$B$13 -> 100 | I80: =SUM(AB79:AB79) -> 0.014 | O80: =IF(I80*M80=0,"",I80*M80*(N80/100)) | AB80: =SUM(AB79:AB79) -> 0.014
B81: 공종줄 | D81: [ 제 23호 ] 폴리에틸렌 난연케이블 0.6/1kv F-CV 3C×6㎟ [M]
B82: 800 | C82: 2612162920683923 | D82: 폴리에틸렌 난연케이블 | E82: 0.6/1kv F-CV 3C×6㎟ | F82: m | G82: 1 | H82: =IF(I82<>0,G82-I82,"") -> 0 | I82: 1 | K82: 56900017076 | L82: 저압케이블전공 | M82: 0.026 | N82: 100 | O82: =IF(I82*M82=0,"",I82*M82*(N82/100)) -> 0.026 | S82: 전기5-13 | AB82: =O82 -> 0.026
B83: 800 | C83: L001010101000078 | D83: 노 무 비 | E83: 저압케이블전공 | F83: 인 | G83: =IF(H83*I83/100+0.000005 <1, TRUNC(H83*I83/100+0.000005, 옵션!$E$13), TRUNC(H83*I83/100+0.000005, 옵션!$E$13)) -> 0.026 | H83: =옵션!$B$13 -> 100 | I83: =SUM(AB82:AB82) -> 0.026 | O83: =IF(I83*M83=0,"",I83*M83*(N83/100)) | AB83: =SUM(AB82:AB82) -> 0.026
B84: 공종줄 | D84: [ 제 24호 ] 난연제어케이블 F-CVV 5Cx2.5㎟ [M]
B85: 800 | C85: 2612160320684239 | D85: 난연제어케이블 | E85: F-CVV 5Cx2.5㎟ | F85: m | G85: 1 | H85: =IF(I85<>0,G85-I85,"") -> 0 | I85: 1 | K85: 56900017076 | L85: 저압케이블전공 | M85: 0.032 | N85: 100 | O85: =IF(I85*M85=0,"",I85*M85*(N85/100)) -> 0.032 | S85: 전기5-13 | AB85: =O85 -> 0.032
B86: 800 | C86: L001010101000078 | D86: 노 무 비 | E86: 저압케이블전공 | F86: 인 | G86: =IF(H86*I86/100+0.000005 <1, TRUNC(H86*I86/100+0.000005, 옵션!$E$13), TRUNC(H86*I86/100+0.000005, 옵션!$E$13)) -> 0.032 | H86: =옵션!$B$13 -> 100 | I86: =SUM(AB85:AB85) -> 0.032 | O86: =IF(I86*M86=0,"",I86*M86*(N86/100)) | AB86: =SUM(AB85:AB85) -> 0.032
B87: 공종줄 | D87: [ 제 25호 ] 광케이블(옥외용) SM 9/125, 4c [M]
B88: 800 | C88: 2612163720177109 | D88: 광케이블(옥외용) | E88: SM 9/125, 4c | F88: m | G88: 1 | H88: =IF(I88<>0,G88-I88,"") -> 0 | I88: 1 | K88: 56900017011 | L88: 광케이블설치사 | M88: 0.0092 | N88: 100 | O88: =IF(I88*M88=0,"",I88*M88*(N88/100)) -> 0.0092 | S88: 통신4-1-3 | AI88: =O88 -> 0.0092
B89: 800 | C89: 2612163720177109 | G89: 1 | H89: =IF(I89<>0,G89-I89,"") -> 0 | I89: 1 | K89: 56900017118 | L89: 특별인부 | M89: 0.0046 | N89: 100 | O89: =IF(I89*M89=0,"",I89*M89*(N89/100)) -> 0.0046 | S89: 통신4-1-3 | AK89: =O89 -> 0.0046
B90: 800 | C90: L001010201000092 | D90: 노 무 비 | E90: 광케이블설치사 | F90: 인 | G90: =IF(H90*I90/100+0.000005 <1, TRUNC(H90*I90/100+0.000005, 옵션!$E$13), TRUNC(H90*I90/100+0.000005, 옵션!$E$13)) -> 0.0092 | H90: =옵션!$B$13 -> 100 | I90: =SUM(AI88:AI89) -> 0.0092 | O90: =IF(I90*M90=0,"",I90*M90*(N90/100)) | AI90: =SUM(AI88:AI89) -> 0.0092 | AK90: =SUM(AK88:AK89) -> 0.0046
B91: 800 | C91: L001010101000003 | D91: 노 무 비 | E91: 특별인부 | F91: 인 | G91: =IF(H91*I91/100+0.000005 <1, TRUNC(H91*I91/100+0.000005, 옵션!$E$13), TRUNC(H91*I91/100+0.000005, 옵션!$E$13)) -> 0.0046 | H91: =옵션!$B$13 -> 100 | I91: =SUM(AK88:AK89) -> 0.0046 | O91: =IF(I91*M91=0,"",I91*M91*(N91/100))
B92: 공종줄 | D92: [ 제 26호 ] 신호 제어기 경보제어기, 전자회로 [대]
B93: 800 | C93: 4616150420191801 | D93: 신호 제어기 | E93: 경보제어기, 전자회로 | F93: 대 | G93: 1 | H93: =IF(I93<>0,G93-I93,"") -> 0 | I93: 1 | K93: 56900017016 | L93: 내선전공 | M93: 0.3 | N93: 100 | O93: =IF(I93*M93=0,"",I93*M93*(N93/100)) -> 0.3 | S93: 전기5-46(가) | AA93: =O93 -> 0.3
B94: 800 | C94: 4616150420191801 | G94: 1 | H94: =IF(I94<>0,G94-I94,"") -> 0 | I94: 1 | K94: 56900017041 | L94: 보통인부 | M94: 0.08 | N94: 100 | O94: =IF(I94*M94=0,"",I94*M94*(N94/100)) -> 0.08 | S94: 전기5-46(가) | AJ94: =O94 -> 0.08
B95: 800 | C95: L001010101000075 | D95: 노 무 비 | E95: 내선전공 | F95: 인 | G95: =IF(H95*I95/100+0.000005 <1, TRUNC(H95*I95/100+0.000005, 옵션!$E$13), TRUNC(H95*I95/100+0.000005, 옵션!$E$13)) -> 0.3 | H95: =옵션!$B$13 -> 100 | I95: =SUM(AA93:AA94) -> 0.3 | O95: =IF(I95*M95=0,"",I95*M95*(N95/100)) | AA95: =SUM(AA93:AA94) -> 0.3 | AJ95: =SUM(AJ93:AJ94) -> 0.08
B96: 800 | C96: L001010101000002 | D96: 노 무 비 | E96: 보통인부 | F96: 인 | G96: =IF(H96*I96/100+0.000005 <1, TRUNC(H96*I96/100+0.000005, 옵션!$E$13), TRUNC(H96*I96/100+0.000005, 옵션!$E$13)) -> 0.08 | H96: =옵션!$B$13 -> 100 | I96: =SUM(AJ93:AJ94) -> 0.08 | O96: =IF(I96*M96=0,"",I96*M96*(N96/100))
B97: 공종줄 | D97: [ 제 27호 ] 접지봉 14Φ×1000 mm [개]
B98: 800 | C98: 3912161310034844 | D98: 접지봉 | E98: 14Φ×1000 mm | F98: 개 | G98: 1 | H98: =IF(I98<>0,G98-I98,"") -> 0 | I98: 1 | K98: 56900017016 | L98: 내선전공 | M98: 0.11 | N98: 100 | O98: =IF(I98*M98=0,"",I98*M98*(N98/100)) -> 0.11 | S98: 전기3-38 | AA98: =O98 -> 0.11
B99: 800 | C99: 3912161310034844 | G99: 1 | H99: =IF(I99<>0,G99-I99,"") -> 0 | I99: 1 | K99: 56900017041 | L99: 보통인부 | M99: 0.08 | N99: 100 | O99: =IF(I99*M99=0,"",I99*M99*(N99/100)) -> 0.08 | S99: 전기3-38 | AJ99: =O99 -> 0.08
B100: 800 | C100: L001010101000075 | D100: 노 무 비 | E100: 내선전공 | F100: 인 | G100: =IF(H100*I100/100+0.000005 <1, TRUNC(H100*I100/100+0.000005, 옵션!$E$13), TRUNC(H100*I100/100+0.000005, 옵션!$E$13)) -> 0.11 | H100: =옵션!$B$13 -> 100 | I100: =SUM(AA98:AA99) -> 0.11 | O100: =IF(I100*M100=0,"",I100*M100*(N100/100)) | AA100: =SUM(AA98:AA99) -> 0.11 | AJ100: =SUM(AJ98:AJ99) -> 0.08
...

Sheet 단가조사
A1: 총줄수-> | B1: 153 | D1: [ 화성 청원지구 전기공사 ] - 단가조사서(1/6단가:2026년02월)
A2: 번호 | B2: 공종코드 | C2: 코드 | D2: 명 칭 | E2: 규 격 | F2: 단위 | G2: 적용단가 | H2: 시설단가 | J2: 거래가격 | L2: 물가정보 | N2: 물가자료 | P2: 조사단가1 | R2: 조사단가2 | T2: 비고
H3: 단가 | I3: 코드 | J3: 단가 | K3: PAGE | L3: 단가 | M3: PAGE | N3: 단가 | O3: PAGE | P3: 단가 | Q3: PAGE | R3: 단가 | S3: PAGE
C4: 3913170610035632 | D4: 파상형 폴리에틸렌 전선관 | E4: 40㎜(가로등,신호,구내) | F4: m | G4: =MIN(H4,J4,L4,N4,P4) -> 563 | J4: 563 | K4: 1025 | L4: 607 | M4: 1-1203
C5: 3913170610035633 | D5: 파상형 폴리에틸렌 전선관 | E5: 50㎜(가로등,신호,구내) | F5: m | G5: =MIN(H5,J5,L5,N5,P5) -> 750 | J5: 750 | K5: 1025 | L5: 860 | M5: 1-1203
C6: 3913170610035634 | D6: 파상형 폴리에틸렌 전선관 | E6: 65㎜(가로등,신호,구내) | F6: m | G6: =MIN(H6,J6,L6,N6,P6) -> 1239 | J6: 1250 | K6: 1025 | L6: 1239 | M6: 1-1203
C7: 3913170610035635 | D7: 파상형 폴리에틸렌 전선관 | E7: 80㎜(가로등,신호,구내) | F7: m | G7: =MIN(H7,J7,L7,N7,P7) -> 1632 | J7: 1719 | K7: 1025 | L7: 1632 | M7: 1-1203
C8: 3913170610035636 | D8: 파상형 폴리에틸렌 전선관 | E8: 100㎜(가로등,신호,구내) | F8: m | G8: =MIN(H8,J8,L8,N8,P8) -> 2188 | J8: 2188 | K8: 1025 | L8: 2214 | M8: 1-1203
C9: 3913170610045632 | D9: 파상형 폴리에틸렌 전선관 | E9: 40㎜ | F9: m | G9: =MIN(H9,J9,L9,N9,P9) -> 563 | J9: 563 | K9: 1025 | L9: 607 | M9: 1-1203
C10: 3913170610045633 | D10: 파상형 폴리에틸렌 전선관 | E10: 50㎜ | F10: m | G10: =MIN(H10,J10,L10,N10,P10) -> 750 | J10: 750 | K10: 1025 | L10: 860 | M10: 1-1203
C11: 3913170620175668 | D11: 광케블내외관일체형전선관 | E11: COD 36-4 공 | F11: m | G11: =MIN(H11,J11,L11,N11,P11) -> 27000 | J11: 27000 | K11: 1024 | L11: 27000 | M11: 1-1200
C12: 2612152420683697 | D12: 접지용비닐절연전선(F-GV)_지중 | E12: 6㎟ | F12: m | G12: =MIN(H12,J12,L12,N12,P12) -> 1612 | J12: 1658 | K12: 994 | L12: 1612 | M12: 1-1165
C13: 2612152420683698 | D13: 접지용비닐절연전선(F-GV) | E13: 10㎟ | F13: m | G13: =MIN(H13,J13,L13,N13,P13) -> 2717 | L13: 2717 | M13: 1-1165
C14: 2612152420683699 | D14: 접지용비닐절연전선(F-GV) | E14: 16㎟ | F14: m | G14: =MIN(H14,J14,L14,N14,P14) -> 3579 | J14: 3579 | K14: 994 | L14: 3710 | M14: 1-1165
C15: 2612162920683902 | D15: 폴리에틸렌 난연케이블 | E15: 0.6/1kv F-CV 2C×2.5㎟ | F15: m | G15: =MIN(H15,J15,L15,N15,P15) -> 1859 | J15: 2002 | K15: 993 | L15: 1859 | M15: 1-1168
C16: 2612162921683903 | D16: 폴리에틸렌 난연케이블(옥외) | E16: 0.6/1kv F-CV 2C×6㎟ | F16: m | G16: =MIN(H16,J16,L16,N16,P16) -> 2907 | J16: 3561 | K16: 993 | L16: 2907 | M16: 1-1164
C17: 2612162921683904 | D17: 폴리에틸렌 난연케이블(옥외) | E17: 0.6/1kv F-CV 2C×10㎟ | F17: m | G17: =MIN(H17,J17,L17,N17,P17) -> 4423 | J17: 5417 | K17: 993 | L17: 4423 | M17: 1-1164
C18: 2612162921683905 | D18: 폴리에틸렌 난연케이블(옥외) | E18: 0.6/1kv F-CV 2C×16㎟ | F18: m | G18: =MIN(H18,J18,L18,N18,P18) -> 6915 | J18: 7689 | K18: 993 | L18: 6915 | M18: 1-1164
C19: 2612162921683906 | D19: 폴리에틸렌 난연케이블(옥외) | E19: 0.6/1kv F-CV 2C×25㎟ | F19: m | G19: =MIN(H19,J19,L19,N19,P19) -> 10580 | J19: 11765 | K19: 993 | L19: 10580 | M19: 1-1164
C20: 2612162921683907 | D20: 폴리에틸렌 난연케이블(옥외) | E20: 0.6/1kv F-CV 2C×35㎟ | F20: m | G20: =MIN(H20,J20,L20,N20,P20) -> 14046 | J20: 15619 | K20: 993 | L20: 14046 | M20: 1-1164
C21: 2612162920683923 | D21: 폴리에틸렌 난연케이블 | E21: 0.6/1kv F-CV 3C×6㎟ | F21: m | G21: =MIN(H21,J21,L21,N21,P21) -> 4722 | J21: 5086 | K21: 993 | L21: 4722 | M21: 1-1168
C22: 2612162921683945 | D22: 폴리에틸렌 난연케이블(옥외) | E22: 0.6/1kv F-CV 4C×6㎟ | F22: m | G22: =MIN(H22,J22,L22,N22,P22) -> 5058 | J22: 6193 | K22: 993 | L22: 5058 | M22: 1-1164
C23: 2612162921683946 | D23: 폴리에틸렌 난연케이블(옥외) | E23: 0.6/1kv F-CV 4C×10㎟ | F23: m | G23: =MIN(H23,J23,L23,N23,P23) -> 8027 | J23: 9830 | K23: 993 | L23: 8027 | M23: 1-1164
C24: 2612162921683948 | D24: 폴리에틸렌 난연케이블(옥외) | E24: 0.6/1kv F-CV 4C×25㎟ | F24: m | G24: =MIN(H24,J24,L24,N24,P24) -> 19933 | J24: 22165 | K24: 993 | L24: 19933 | M24: 1-1164
C25: 2612160320684239 | D25: 난연제어케이블 | E25: F-CVV 5Cx2.5㎟ | F25: m | G25: =MIN(H25,J25,L25,N25,P25) -> 3309 | J25: 3309 | K25: 995 | L25: 4340 | M25: 1-1171
C26: 2612163720177109 | D26: 광케이블(옥외용) | E26: SM 9/125, 4c | F26: m | G26: =MIN(H26,J26,L26,N26,P26) -> 1000 | L26: 1457 | M26: 1170 | N26: 1000 | O26: 1081
C27: 4616150420191801 | D27: 신호 제어기 | E27: 경보제어기, 전자회로 | F27: 대 | G27: =MIN(H27,J27,L27,N27,P27) -> 200000 | L27: 250000 | M27: 1301 | N27: 200000 | O27: 1240
C28: 3912161310034844 | D28: 접지봉 | E28: 14Φ×1000 mm | F28: 개 | G28: =MIN(H28,J28,L28,N28,P28) -> 5780 | L28: 6500 | M28: 1-1271 | N28: 5780 | O28: 1198
C29: 3912161320937692 | D29: 접지크램프(IEC 90) | E29: 16sq | F29: 개 | G29: =MIN(H29,J29,L29,N29,P29) -> 500 | L29: 600 | M29: 1272 | N29: 500 | O29: 1198
C30: 3912218220173434 | D30: 케이블표지시트 | E30: 0.23x400 | F30: m | G30: =MIN(H30,J30,L30,N30,P30) -> 180 | N30: 180 | O30: 747
C31: 3912143221650911 | D31: 압착단자 | E31: R형동선 나압착 16 ㎟ | F31: 개 | G31: =MIN(H31,J31,L31,N31,P31) -> 200 | J31: 200 | K31: 1019 | L31: 528 | M31: 1-1231
C32: 3912143221650912 | D32: 압착단자 | E32: R형동선 나압착 25 ㎟ | F32: 개 | G32: =MIN(H32,J32,L32,N32,P32) -> 260 | J32: 260 | K32: 1019 | L32: 647 | M32: 1-1231
C33: 3912143221650913 | D33: 압착단자 | E33: R형동선 나압착 35 ㎟ | F33: 개 | G33: =MIN(H33,J33,L33,N33,P33) -> 316 | J33: 316 | K33: 1019 | L33: 822 | M33: 1-1231
C34: 3012169821869021 | D34: 핸드홀 | E34: 수공1호 | F34: 조 | G34: =MIN(H34,J34,L34,N34,P34) -> 110000 | L34: 110000 | M34: 1-208
C35: 3012169821869024 | D35: 핸드홀카바 | E35: 통신용 | F35: 기 | G35: =MIN(H35,J35,L35,N35,P35) -> 370000 | L35: 370000 | M35: 206
C36: 3010369820141038 | D36: 각재(角材) | E36: 외송(㎥) | F36: ㎥ | G36: =MIN(H36,J36,L36,N36,P36) -> 1326000 | L36: 1326000
C37: 1112200120142458 | D37: 내수합판 | E37: 1급, 12×1220×2440mm | F37: ㎡ | G37: =MIN(H37,J37,L37,N37,P37) -> 10900 | L37: 10900 | M37: 1-587
C38: 391115ZZ801Z2008 | D38: 레미콘 | E38: 25-210-8 | F38: ㎥ | G38: =MIN(H38,J38,L38,N38,P38) -> 101280 | N38: 101280 | O38: 71
C39: 391189ZZ701Z0100 | D39: 전주용입상관 | E39: Φ130*2t*2m | F39: EA | G39: =MIN(H39,J39,L39,N39,P39) -> 35090 | L39: 35090 | M39: 1165
C40: 391190ZZ701Z0100 | D40: 반경관취부밴드 | F40: EA | G40: =MIN(H40,J40,L40,N40,P40) -> 2424 | L40: 2424 | M40: 1164
C41: 391359ZZ701Z0100 | D41: 차량등보호금구 | F41: 개 | G41: =MIN(H41,J41,L41,N41,P41) -> 35000 | L41: 35000 | M41: 1301 | N41: 65000 | O41: 1240
C42: 391366ZZ701Z0100 | D42: 보행철주 기초앙카 | E42: Φ125×1.4m | F42: 본 | G42: =MIN(H42,J42,L42,N42,P42) -> 35000 | L42: 35000 | M42: 1308
C43: 391370ZZ701Z0100 | D43: 신호등용 맨홀(주철뚜껑) | E43: 600x600x600,경찰청규격 | F43: 개 | G43: =MIN(H43,J43,L43,N43,P43) -> 350000 | L43: 430000 | M43: 1303 | N43: 350000 | O43: 1240
C44: 391377ZZ701Z0100 | D44: 신호 제어기 설치 | E44: 교통신호제어기, 3거리 | F44: 대
C45: 391378ZZ701Z0100 | D45: UPS(교통신호제어) | E45: 철주설치 | F45: 개 | G45: =MIN(H45,J45,L45,N45,P45) -> 5200000 | L45: 5200000 | M45: 1306
C46: 391387ZZ701Z0100 | D46: 철주 앙카 | E46: Φ200x1.8m | F46: 개 | G46: =MIN(H46,J46,L46,N46,P46) -> 370000 | L46: 370000 | M46: 1302 | N46: 500000 | O46: 1240
C47: 391115ZZ701Z2111 | D47: 관통형분기접속재 | E47: 6-4㎟ | F47: 개 | G47: =MIN(H47,J47,L47,N47,P47) -> 8400 | L47: 9000 | M47: 1194 | N47: 8400 | O47: 1095
C48: 2612164020686347 | D48: 케이블 포설(가로등) | E48: 6㎟/2C*1열 | F48: m
C49: 2612164020686347 | D49: 케이블 포설(가로등) | E49: 10㎟/2C*1열 | F49: m
C50: 2612164020686347 | D50: 케이블 포설(가로등) | E50: 16㎟/2C*1열 | F50: m
C51: 2612164020686393 | D51: 케이블 포설(가로등) | E51: 25㎟/2C*1열 | F51: m
C52: 2612164020686394 | D52: 케이블 포설(가로등) | E52: 35㎟/2C*1열 | F52: m
C53: 2612164020686390 | D53: 케이블 포설(가로등) | E53: 6㎟/4C*1열 | F53: m
C54: 2612164020686391 | D54: 케이블 포설(가로등) | E54: 10㎟/4C*1열 | F54: m
C55: 2612164020686393 | D55: 케이블 포설(가로등) | E55: 25㎟/4C*1열 | F55: m
C56: 391115ZZ701Z0001 | D56: LED 가로등기구 | E56: 100W급 | F56: 개 | G56: =MIN(H56,J56,L56,N56,P56) -> 620000 | L56: 620000 | M56: 1327 | N56: 826000 | O56: 1216
C57: 391115ZZ701Z0002 | D57: LED 공원등기구 | E57: 50W급(A타입) | F57: 개 | G57: =MIN(H57,J57,L57,N57,P57) -> 500000 | L57: 500000 | M57: 1327 | N57: 580000 | O57: 1217
C58: 391115ZZ701Z0003 | D58: UPS 부착대 | F58: 개 | G58: =MIN(H58,J58,L58,N58,P58) -> 550000 | L58: 550000 | M58: 1306 | N58: 550000 | O58: 1264
C59: 391115ZZ701Z0004 | D59: 가로등기초(직각)기성품 | E59: 500X850X675X700 | F59: 개 | G59: =MIN(H59,J59,L59,N59,P59) -> 104000 | L59: 104000 | M59: 23002674 | N59: 124000 | O59: 23683389
C60: 391115ZZ701Z0005 | D60: 가로등기초 | E60: 500x775x1050x1100(E) | F60: 개 | G60: =MIN(H60,J60,L60,N60,P60) -> 307800 | L60: 307800 | M60: 1336 | N60: 378000 | O60: 1230
C61: 391115ZZ701Z0006 | D61: 가로등 제어반 | E61: 6회로 | F61: 개 | G61: =MIN(H61,J61,L61,N61,P61) -> 6286000 | J61: =INT(W61*1.4) -> 6286000 | K61: 세하전기 | W61: 4490000 | X61: 21447191
C62: 391115ZZ701Z0007 | D62: 가로등 제어반 | E62: 8회로 | F62: 개 | G62: =MIN(H62,J62,L62,N62,P62) -> 6440000 | J62: =INT(W62*1.4) -> 6440000 | K62: 세하전기 | W62: 4600000 | X62: 21818663
C63: 391115ZZ701Z0008 | D63: 가로등주 | E63: 원형테퍼 강관주 10m -1등용 | F63: 개 | G63: =MIN(H63,J63,L63,N63,P63) -> 1500000 | L63: 1500000 | M63: 1334 | N63: 2146000 | O63: 1234
C64: 391115ZZ701Z0009 | D64: 가로등 표찰 | E64: STS | F64: 개 | G64: =MIN(H64,J64,L64,N64,P64) -> 10000 | L64: 10000 | M64: 인터넷
C65: 391115ZZ701Z0010 | D65: 공원등주 | E65: 5m-1.0m 1등용(A타입) | F65: 개 | G65: =MIN(H65,J65,L65,N65,P65) -> 1192000 | L65: 1207000 | M65: 1328 | N65: 1192000 | O65: 1234
C66: 391115ZZ701Z0014 | D66: 교통신호등 | E66: 1면3색(LED Φ300) | F66: 개 | G66: =MIN(H66,J66,L66,N66,P66) -> 360000 | L66: 570000 | M66: 1341 | N66: 360000 | O66: 1240
C67: 391115ZZ701Z0015 | D67: 교통신호등 | E67: 1면4색(LED Φ300) | F67: 개 | G67: =MIN(H67,J67,L67,N67,P67) -> 520000 | J67: 1600000 | K67: 1136 | L67: 750000 | M67: 1305 | N67: 520000 | O67: 1240
C68: 391115ZZ701Z0016 | D68: 교통신호제어기 부착대 | F68: 개 | G68: =MIN(H68,J68,L68,N68,P68) -> 550000 | L68: 550000 | M68: 1306 | N68: 550000 | O68: 1264
C69: 391115ZZ701Z0022 | D69: 방수형 접속함 | E69: 1등용,ELB부 | F69: 개 | G69: =MIN(H69,J69,L69,N69,P69) -> 55000 | L69: 55000 | M69: 1330 | N69: 55000 | O69: 1262
C70: 391115ZZ701Z0023 | D70: 방수형 접속함 | E70: 격등용 | F70: 개 | G70: =MIN(H70,J70,L70,N70,P70) -> 15000 | L70: 15000 | M70: 1330 | N70: 15000 | O70: 1262
C71: 391115ZZ701Z0024 | D71: 백호우 | E71: 0.4㎥ | F71: hr | G71: 재료 | H71: 14230 | I71: 재료 | J71: 56783 | K71: 노무 | L71: 16378 | M71: 경비 | T71: 물가자료부록164
D72: 크레인트럭 | E72: 20ton | F72: hr | G72: 재료 | H72: 15976 | I72: 재료 | J72: 48663 | K72: 노무 | L72: 29487 | M72: 경비 | T72: 물가자료부록166
C73: 391115ZZ701Z0027 | D73: 보행등 잔여시간표시기 | F73: 개 | G73: =MIN(H73,J73,L73,N73,P73) -> 500000 | L73: 500000 | M73: 1305 | N73: 800000 | O73: 1242
C74: 391115ZZ701Z0028 | D74: 보행등주 | E74: Φ125x4m | F74: 개 | G74: =MIN(H74,J74,L74,N74,P74) -> 450000 | L74: 450000 | M74: 1305 | N74: 450000 | O74: 1264
C75: 391115ZZ701Z0029 | D75: 보행신호등 | E75: 1면2색(LED) | F75: 개 | G75: =MIN(H75,J75,L75,N75,P75) -> 165000 | J75: 165000 | L75: 165000
C76: 391115ZZ701Z0030 | D76: 불법주정차단속시스템 | F76: SET | G76: =MIN(H76,J76,L76,N76,P76) -> 23670000 | J76: 23670000 | K76: 렉스젠
C77: 391115ZZ701Z0033 | D77: 소모자재(박리재 등) | E77: 주자재비의 9% | F77: 식
C78: 391115ZZ701Z0034 | D78: 슬림형교통신호제어기(경찰청표준규격) | F78: 개 | G78: =MIN(H78,J78,L78,N78,P78) -> 9000000 | L78: 9000000 | M78: 1306 | N78: 9300000 | O78: 1266
C79: 391115ZZ701Z0038 | D79: 와이어리스 부착대 5m | F79: 개 | G79: =MIN(H79,J79,L79,N79,P79) -> 900000 | L79: 900000 | M79: 1305
C80: 391115ZZ701Z0039 | D80: 와이어리스 부착대 7m | F80: 개 | G80: =MIN(H80,J80,L80,N80,P80) -> 1200000 | L80: 1200000 | M80: 1305
C81: 391115ZZ701Z0040 | D81: 와이어리스철주 | E81: Φ200,부착5m | F81: 개 | G81: =MIN(H81,J81,L81,N81,P81) -> 2000000 | L81: 2000000 | M81: 1305
C82: 391115ZZ701Z0041 | D82: 와이어리스철주 | E82: Φ200,부착7m, 7m | F82: 개 | G82: =MIN(H82,J82,L82,N82,P82) -> 2000000 | L82: 2000000 | M82: 1305
C83: 391115ZZ701Z0042 | D83: 와이어리스철주 | E83: Φ200,부착7m | F83: 개 | G83: =MIN(H83,J83,L83,N83,P83) -> 2000000 | L83: 2000000 | M83: 1305
C84: 391115ZZ701Z0043 | D84: 위성시보수신기(GPS) | F84: 개 | G84: =MIN(H84,J84,L84,N84,P84) -> 650000 | J84: 650000 | K84: 1136 | L84: 650000 | M84: 1309 | N84: 900000 | O84: 1241
C85: 391115ZZ701Z0044 | D85: 음향 유도기 | F85: 개 | G85: =MIN(H85,J85,L85,N85,P85) -> 650000 | L85: 650000 | M85: 1312 | N85: 650000 | O85: 1240
C86: 391115ZZ701Z0051 | D86: 제어반기초(기성품) | E86: 500x500x800 | F86: 개 | G86: =MIN(H86,J86,L86,N86,P86) -> 140000 | N86: 140000 | O86: 1253
C87: 391115ZZ701Z0062 | D87: 핸드홀(기성품) | E87: 600x600x800 | F87: 개 | G87: =MIN(H87,J87,L87,N87,P87) -> 440000 | L87: 440000 | M87: 1341 | N87: 440000 | O87: 1264
C88: 391115ZZ701Z0063 | D88: 핸드홀뚜껑 | E88: 700x700xt32 | F88: 개 | G88: =MIN(H88,J88,L88,N88,P88) -> 280000 | L88: 280000 | M88: 1340
C89: 391115ZZ701Z0011 | D89: 광분배함 | E89: 4C | F89: 개 | G89: 72520 | J89: =INT(W89*1.45) -> 105154 | K89: 에스카 | L89: =INT(Y89*1.45) -> 105154 | M89: 미르텍 | N89: =INT(AA89*1.45) -> 105154 | O89: 두원전자 | W89: 72520 | X89: 에스카 | Y89: 72520 | Z89: 미르텍 | AA89: 72520 | AB89: 두원전자
C90: 391115ZZ701Z0012 | D90: 광송수신모듈 | E90: SFP-LX | F90: 개 | G90: 58260 | J90: =INT(W90*1.45) -> 84477 | K90: 에스카 | L90: =INT(Y90*1.45) -> 84477 | M90: 미르텍 | N90: =INT(AA90*1.45) -> 95700 | O90: 두원전자 | W90: 58260 | X90: 에스카 | Y90: 58260 | Z90: 미르텍 | AA90: 66000 | AB90: 두원전자
C91: 391115ZZ701Z0013 | D91: 광점퍼코드 | E91: SM-3, 피그테일 포함 | F91: 개 | G91: 8720 | J91: =INT(W91*1.45) -> 12644 | K91: 에스카 | L91: =INT(Y91*1.45) -> 12644 | M91: 미르텍 | N91: =INT(AA91*1.45) -> 12644 | O91: 두원전자 | W91: 8720 | X91: 에스카 | Y91: 8720 | Z91: 미르텍 | AA91: 8720 | AB91: 두원전자
C92: 391115ZZ701Z0017 | D92: 금속기둥 | E92: Ø76.3x1000mm | F92: 개 | G92: 573000 | J92: =INT(W92*1.45) -> 1055600 | K92: 에스카 | L92: =INT(Y92*1.45) -> 830850 | M92: 미르텍 | N92: =INT(AA92*1.45) -> 1055600 | O92: 두원전자 | W92: 728000 | X92: 에스카 | Y92: 573000 | Z92: 미르텍 | AA92: 728000 | AB92: 두원전자
C93: 391115ZZ701Z0018 | D93: 금속상자 | E93: 400*500*300mm | F93: 개 | G93: 1082000 | J93: =INT(W93*1.45) -> 1568900 | K93: 에스카 | L93: =INT(Y93*1.45) -> 1568900 | M93: 미르텍 | N93: =INT(AA93*1.45) -> 1573250 | O93: 두원전자 | W93: 1082000 | X93: 에스카 | Y93: 1082000 | Z93: 미르텍 | AA93: 1085000 | AB93: 두원전자
C94: 391115ZZ701Z0019 | D94: 네트워크스위치 | E94: 8PORT(PoE), 2PORT(SFP) | F94: 개 | G94: 890000 | J94: =INT(W94*1.45) -> 1924150 | K94: 에스카 | L94: =INT(Y94*1.45) -> 1290500 | M94: 미르텍 | N94: =INT(AA94*1.45) -> 1812500 | O94: 두원전자 | W94: 1327000 | X94: 에스카 | Y94: 890000 | Z94: 미르텍 | AA94: 1250000 | AB94: 두원전자
C95: 391115ZZ701Z0020 | D95: 네트워크케이블 | E95: UTP CAT.5 4P | F95: 개 | G95: 2740 | J95: =INT(W95*1.45) -> 3973 | K95: 에스카 | L95: =INT(Y95*1.45) -> 3973 | M95: 미르텍 | N95: =INT(AA95*1.45) -> 3973 | O95: 두원전자 | W95: 2740 | X95: 에스카 | Y95: 2740 | Z95: 미르텍 | AA95: 2740 | AB95: 두원전자
C96: 391115ZZ701Z0021 | D96: 누전차단기 | E96: 20A | F96: 개 | G96: 159000 | J96: =INT(W96*1.45) -> 346550 | K96: 에스카 | L96: =INT(Y96*1.45) -> 271150 | M96: 미르텍 | N96: =INT(AA96*1.45) -> 230550 | O96: 두원전자 | W96: 239000 | X96: 에스카 | Y96: 187000 | Z96: 미르텍 | AA96: 159000 | AB96: 두원전자
C97: 391115ZZ701Z0025 | D97: 보안용카메라(BULLET) | E97: 5M, IP, IR 0Lux | F97: 개 | G97: 1761000 | J97: =INT(W97*1.45) -> 3033400 | K97: 에스카 | L97: =INT(Y97*1.45) -> 2553450 | M97: 미르텍 | N97: =INT(AA97*1.45) -> 3443750 | O97: 두원전자 | W97: 2092000 | X97: 에스카 | Y97: 1761000 | Z97: 미르텍 | AA97: 2375000 | AB97: 두원전자
C98: 391115ZZ701Z0026 | D98: 보안용카메라(SPEEDDOME) | E98: 4M, IP, IR 0Lux | F98: 개 | G98: 4722000 | J98: =INT(W98*1.45) -> 7975000 | K98: 에스카 | L98: =INT(Y98*1.45) -> 6846900 | M98: 미르텍 | N98: =INT(AA98*1.45) -> 7540000 | O98: 두원전자 | W98: 5500000 | X98: 에스카 | Y98: 4722000 | Z98: 미르텍 | AA98: 5200000 | AB98: 두원전자
C99: 391115ZZ701Z0031 | D99: 서지흡수기 | E99: 신호용 | F99: 개 | G99: 243620 | J99: =INT(W99*1.45) -> 353249 | K99: 에스카 | L99: =INT(Y99*1.45) -> 353249 | M99: 미르텍 | N99: =INT(AA99*1.45) -> 353249 | O99: 두원전자 | W99: 243620 | X99: 에스카 | Y99: 243620 | Z99: 미르텍 | AA99: 243620 | AB99: 두원전자
C100: 391115ZZ701Z0032 | D100: 서지흡수기 | E100: 전원용 | F100: 개 | G100: 274300 | J100: =INT(W100*1.45) -> 397735 | K100: 에스카 | L100: =INT(Y100*1.45) -> 397735 | M100: 미르텍 | N100: =INT(AA100*1.45) -> 397735 | O100: 두원전자 | W100: 274300 | X100: 에스카 | Y100: 274300 | Z100: 미르텍 | AA100: 274300 | AB100: 두원전자
...

Sheet 이후출력안함

Sheet 옵션
B1: 재료비 | C1: 노무비 | D1: 경비 | F1: 계
A2: 총 급 액 | B2: =총괄표!I29 -> 0 | C2: =총괄표!L29 -> 0 | D2: =총괄표!N29 -> 0 | F2: =SUM(B2,C2,D2) -> 0
A3: 관급 자재비 | F3: =SUM(B3,C3,D3) -> 0 | H3: 금액조정이 안되나요?
H6: 이지테크에서 변환할 때 2번 옵션을 지정하여 다시 해보세요
H9: 시트를 삭제할 때 에러가 뜨면 1번 옵션으로 하면 됩니다.
B10: 적용율(%) | C10: 끝자리 | D10: 적용율(%)/100 | E10: 일위대가소수
A11: 전체자재 적용율(%)(공종/일위대가) | B11: 100 | C11: 1 | D11: =$B$11/100 -> 1
A12: 전체노임 적용율(%)(공종) | B12: 100 | C12: 1 | D12: =$B$12/100 -> 1 | E12: 2 | H12: 2번 옵션으로 변환했을 때에는 결과값이 다를 수 있습니다.
A13: 전체노임 적용율(%)(일위대가) | B13: 100 | C13: 1 | D13: =$B$13/100 -> 1 | E13: 5
A20: *(그룹별 자재 단가 추가 할증)* | B20: 적용율(%) | D20: 적용율(%)/100
A21: Cable(CAB) 할증(%) | B21: =B11 -> 100 | D21: =$B$21/100 -> 1
A22: Wire (WIR) 할증(%) | B22: =B11 -> 100 | D22: =$B$22/100 -> 1
A23: Pipe (PIP) 할증(%) | B23: =B11 -> 100 | D23: =$B$23/100 -> 1
A24: 제 4그룹 할증(%) | B24: =B11 -> 100 | D24: =$B$24/100 -> 1
A25: 제 5그룹 할증(%) | B25: =B11 -> 100 | D25: =$B$25/100 -> 1
A30: *(그룹별 노임 추가 할증)* | B30: 적용율(%) | C30: 자동부속재(전기) | D30: 자동부속재(통신)
A31: 배관부속재(%) | B31: 15 | C31: 15 | D31: 20
A32: CD관부속재(%) | B32: 40 | C32: 40 | D32: 40
A33: 소모잡자재(%) | B33: 2 | H33: 본 파일은 이지테크에서 2번 옵션으로 만들었습니다.
A34: 방폭할증(%)
A35: 고소할증(%) | B35: 2
A36: 공구손료(%) | B36: 3
A40: *(공종별 노임 적용율(%))* | B40: 적용율(%) | C40: 소수자릿수
A41: 1-1.가로등설비공사 | B41: 100 | C41: 3
A42: 1-2.공원등설비공사 | B42: 100 | C42: 3
A43: 1-3.신호등설비공사 | B43: 100 | C43: 3
A44: 1-4.공원 통신설비 공사 | B44: 100 | C44: 3
A45: 1-5.불법주정차단속시스템 | B45: 100 | C45: 3
A46: 2-1.가로등설비공사 | B46: 100 | C46: 3
A47: 2-2.신호등설비공사 | B47: 100 | C47: 3
A48: 2-3.불법주정차단속시스템 | B48: 100 | C48: 3

Sheet 사용설명
B1: ** 반드시 다음 사항을 숙지하신 다음 수정 작업을 하십시오 **
A2: 1. | B2: 속성이 숫자인 셀을 삭제할 때는 반드시 'Delete' 키를 사용하십시오.
B3: **주의:'Space Bar' 로 지웠을 때는 '#Value' Error가 발생됩니다.
A4: 2. | B4: 일위대가(을지)는 소수점 처리 때문에 셀 속성을 '일반'으로 하였습니다.(소수점 능동 처리)
B5: **참고: (수량*단가)의 결과는 소수 한자리, 금액을 취합한 소계는 1원 이하 절사입니다.
A6: 3. | B6: 내역서에서는 수량에만 셀 속성을 '일반'으로 하였습니다.(소수점 능동 처리)
A7: 4. | B7: 단가수정은 '단가조사서'시트 에서 하십시오.
B8: a)표지와 원가 -> 총괄표 -> 내역서 ->일위대가와 합산자재 ->단가조사서 를 참조하고
B9: 있으므로 단가조사서의 결정단가를 수정하면 전체 금액이 갱신됩니다.
B10: **주의: 금액란은 공식이 걸려있으므로 조심하여 수정하십시오.
B11: b)전체 자재를 일정 요율(%)로 변경할 때는 옵션시트의 자재 적용율을 조정하면 됩니다.
A12: 5. | B12: 노임 단가는 '단가조사서'시트에서 품셈은 '노임근거'시트에서 수정하십시오.
B13: a)전체 노임을 일정 요율(%)로 변경할 때는 '옵션시트'의 전체노임 적용율을 조정하면 됩니다.
B14: b)공종별로 노임을 수정하려면 '옵션시트'의 공종별 노임 적용율을 조정하면 됩니다.
B15: c)케이블 및 전선 자재 단가를 추가로 조정하려면 그룹별 자재 적용율을 조정하면 됩니다.
B16: 그룹은 견적 프로그램에서 엑셀파일이 만들어질때 지정됩니다.
A17: 6. | B17: 겉표지의 모든 정보는 표지를 참조하였습니다.(정보 수정은 표지에서만 하시면 됩니다.)
A18: 7. | B18: 필수 :본 프로그램의 총 금액을 확인한 후 사용하십시오.
A19: 8. | B19: 본 파일의 내용을 인쇄할 경우, 미리보기를 통하여 페이지 절선을 확인 후 인쇄하십시오.
A20: 9. | B20: 관급자재 Sheet가 해당이 없을 경우엔 삭제하십시오.
A21: 10. | B21: 페이지 절선이 맞지 않으면 다음을 참고하십시오.
B33: a. 해당시트의 셀 전체를 선택합니다.
B34: b. 행높이를 적절히 가감하면 페이지 절선을 맞출 수 있습니다.

Sheet 겉표지
A1: =표지!A1 -> 見 積 書 | Z1: 견적가로형식-1
C18: 件 名: | D18: =표지!C13 -> 화성 청원지구 전기공사
C20: 提 出 處: | D20: =표지!C4 -> 貴下
C22: 提 出 日: | D22: =표지!C6 -> 2026년 4월 1일
D36: =표지!I3 -> 대 한 민 국 주 식 회 사
D37: =표지!I4
D38: =표지!I5 -> ㅇ ㅇ 시 ㅇ ㅇ 구 ㅇ ㅇ 동
D39: =표지!I6
D40: =표지!I7 -> 대표이사 홍 길 동
D41: =표지!I8
D42: =표지!I9 -> 대표전화 (02) 0 0 0 - 0 0 0 0
D43: =표지!I10
D44: =표지!I11 -> 팩 스 (02) 0 0 0 - 0 0 0 0
D45: =표지!I12
D46: =표지!I13

Sheet 표지
A1: 見 積 書
I3: 대 한 민 국 주 식 회 사
B4: 제 출 처: | C4: 貴下
I5: ㅇ ㅇ 시 ㅇ ㅇ 구 ㅇ ㅇ 동
B6: 제 출 일: | C6: 2026년 4월 1일
I7: 대표이사 홍 길 동
B8: 아래와 같이 見積書를 제출합니다.
I9: 대표전화 (02) 0 0 0 - 0 0 0 0
I11: 팩 스 (02) 0 0 0 - 0 0 0 0
B13: 공 사 명: | C13: 화성 청원지구 전기공사
B15: 공사금액: | C15: ="一金"&NUMBERSTRING(F40,2)&"원整("&DOLLAR(F40,0)&")" -> 一金零원整(₩0)
B17: 내 용 | D17: 단위 | E17: 수량 | F17: 금 액 | H17: 비 고 | M17: 요율 | N17: 금액 | O17: 이윤 | P17: 끝자리맞추기
B18: 재 료 비 | D18: 식 | E18: 1 | F18: =옵션!$B$2 -> 0 | N18: =E18*F18 -> 0
B19: 노 무 비 | D19: 식 | E19: 1 | F19: =옵션!$C$2 -> 0 | N19: =E19*F19 -> 0
B20: 간 접 노 무 비 | D20: 식 | E20: 1 | F20: =TRUNC((F19)*M20/100) -> 0 | H20: (직접 노무비) * 15.2 % | M20: 15.2 | N20: =E20*F20 -> 0
B21: ( 소 계 ) | F21: =SUM(F18:F20) -> 0 | N21: =E21*F21 -> 0
B22: 기 계 경 비 | D22: 식 | E22: 1 | F22: =옵션!$D$2 -> 0 | N22: =E22*F22 -> 0
B23: 산 재 보 험 료 | D23: 식 | E23: 1 | F23: =TRUNC((F19+F20)*M23/100) -> 0 | H23: (노무비) * 3.56 % | M23: 3.56 | N23: =E23*F23 -> 0
B24: 고 용 보 험 료 | D24: 식 | E24: 1 | F24: =TRUNC((F19+F20)*M24/100) -> 0 | H24: (노무비) * 1.01 % | M24: 1.01 | N24: =E24*F24 -> 0
B25: 건 강 보 험 료 | D25: 식 | E25: 1 | F25: =TRUNC((F19)*M25/100) -> 0 | H25: (직접 노무비) * 3.595 % | M25: 3.595 | N25: =E25*F25 -> 0
B26: 연 금 보 험 료 | D26: 식 | E26: 1 | F26: =TRUNC((F19)*M26/100) -> 0 | H26: (직접 노무비) * 4.75 % | M26: 4.75 | N26: =E26*F26 -> 0
B27: 퇴 직 금 공 제 | D27: 식 | E27: 1 | F27: =TRUNC((F19)*M27/100) -> 0 | H27: (직접 노무비) * 2.3 % | M27: 2.3 | N27: =E27*F27 -> 0
B28: 안 전 관 리 비 | D28: 식 | E28: 1 | F28: =TRUNC((F18+F19+0/1.1)*M28/100) -> 0 | H28: (재료+직노+관급재/1.1) * 3.11 % | M28: 3.11 | N28: =E28*F28 -> 0
B29: 기 타 경 비 | D29: 식 | E29: 1 | F29: =TRUNC((F21)*M29/100) -> 0 | H29: (재료+노무) * 4.7 % | M29: 4.7 | N29: =E29*F29 -> 0
B30: 노인장기요양보험 | D30: 식 | E30: 1 | F30: =TRUNC((F25)*M30/100) -> 0 | H30: (건강 보험료) * 13.14 % | M30: 13.14 | N30: =E30*F30 -> 0
B31: ( 소 계 ) | F31: =SUM(F22:F30) -> 0 | N31: =E31*F31 -> 0
B32: 일 반 관 리 비 | D32: 식 | E32: 1 | F32: =TRUNC((F21+F31)*M32/100) -> 0 | H32: (재료+노무+경비) * 8 % | M32: 8 | N32: =E32*F32 -> 0
B33: 이 윤 | D33: 식 | E33: 1 | F33: =O33-((SUM(N18:N32)+O33-TRUNC((SUM(N18:N32)+O33)/P33)*P33)) -> 0 | H33: (노무+경비+일반관리비) * 15 % | M33: 15 | N33: =E33*F33 -> 0 | O33: =TRUNC((F19+F20+F31+F32)*M33/100) -> 0 | P33: 100000
B34: ( 총 원 가 ) | F34: =SUM(N18:N33) -> 0 | N34: =E34*F34 -> 0
B35: 부 가 가 치 세 | D35: 식 | E35: 1 | F35: =TRUNC((F34)*M35/100) -> 0 | M35: 10 | N35: =E35*F35 -> 0
N36: =E36*F36 -> 0
N37: =E37*F37 -> 0
N38: =E38*F38 -> 0
N39: =E39*F39 -> 0
B40: ( 총 계 ) | F40: =N40 -> 0 | N40: =SUM(N18:N39) -> 0
B41: 1. 부가가치세 별도
B42: 2. 한전불입금 별도

Sheet 합산자재
A1: 총줄수-> | B1: 133 | C1: [ 화성 청원지구 전기공사 ] - 합산자재목록
A2: 번호 | B2: … | C2: 코드 | D2: 명 칭 | E2: 규 격 | F2: 단위 | G2: 수량 | H2: 재료비 | I2: 노무비 | J2: 경비 | K2: 지급비 | L2: 계 | M2: 비고
C4: 3913170610035632 | D4: 파상형 폴리에틸렌 전선관 | E4: 40㎜(가로등,신호,구내) | F4: m | G4: 4049.96 | H4: =TRUNC(단가조사!G4*옵션!$D$11) -> 563 | L4: =SUM(H4,I4,J4) -> 563
C5: 3913170610035633 | D5: 파상형 폴리에틸렌 전선관 | E5: 50㎜(가로등,신호,구내) | F5: m | G5: 306.94 | H5: =TRUNC(단가조사!G5*옵션!$D$11) -> 750 | L5: =SUM(H5,I5,J5) -> 750
C6: 3913170610035634 | D6: 파상형 폴리에틸렌 전선관 | E6: 65㎜(가로등,신호,구내) | F6: m | G6: 11.33 | H6: =TRUNC(단가조사!G6*옵션!$D$11) -> 1239 | L6: =SUM(H6,I6,J6) -> 1239
C7: 3913170610035635 | D7: 파상형 폴리에틸렌 전선관 | E7: 80㎜(가로등,신호,구내) | F7: m | G7: 28.84 | H7: =TRUNC(단가조사!G7*옵션!$D$11) -> 1632 | L7: =SUM(H7,I7,J7) -> 1632
C8: 3913170610035636 | D8: 파상형 폴리에틸렌 전선관 | E8: 100㎜(가로등,신호,구내) | F8: m | G8: 179.22 | H8: =TRUNC(단가조사!G8*옵션!$D$11) -> 2188 | L8: =SUM(H8,I8,J8) -> 2188
C9: 3913170610045632 | D9: 파상형 폴리에틸렌 전선관 | E9: 40㎜ | F9: m | G9: 140.08 | H9: =TRUNC(단가조사!G9*옵션!$D$11) -> 563 | L9: =SUM(H9,I9,J9) -> 563
C10: 3913170610045633 | D10: 파상형 폴리에틸렌 전선관 | E10: 50㎜ | F10: m | G10: 140.08 | H10: =TRUNC(단가조사!G10*옵션!$D$11) -> 750 | L10: =SUM(H10,I10,J10) -> 750
C11: 3913170620175668 | D11: 광케블내외관일체형전선관 | E11: COD 36-4 공 | F11: m | G11: 484 | H11: =TRUNC(단가조사!G11*옵션!$D$11) -> 27000 | L11: =SUM(H11,I11,J11) -> 27000
C12: 2612152420683697 | D12: 접지용비닐절연전선(F-GV)_지중 | E12: 6㎟ | F12: m | G12: 841.5 | H12: =TRUNC(단가조사!G12*옵션!$D$11) -> 1612 | L12: =SUM(H12,I12,J12) -> 1612
C13: 2612152420683698 | D13: 접지용비닐절연전선(F-GV) | E13: 10㎟ | F13: m | G13: 3903.9 | H13: =TRUNC(단가조사!G13*옵션!$D$11) -> 2717 | L13: =SUM(H13,I13,J13) -> 2717
C14: 2612152420683699 | D14: 접지용비닐절연전선(F-GV) | E14: 16㎟ | F14: m | G14: 105.6 | H14: =TRUNC(단가조사!G14*옵션!$D$11) -> 3579 | L14: =SUM(H14,I14,J14) -> 3579
C15: 2612162920683902 | D15: 폴리에틸렌 난연케이블 | E15: 0.6/1kv F-CV 2C×2.5㎟ | F15: m | G15: 1500.45 | H15: =TRUNC(단가조사!G15*옵션!$D$11) -> 1859 | L15: =SUM(H15,I15,J15) -> 1859
... C39: 391189ZZ701Z0100 | D39: 전주용입상관 | E39: Φ130*2t*2m | F39: EA | G39: 7 | H39: =TRUNC(단가조사!G39*옵션!$D$11) -> 35090 | L39: =SUM(H39,I39,J39) -> 35090
C40: 391190ZZ701Z0100 | D40: 반경관취부밴드 | F40: EA | G40: 21 | H40: =TRUNC(단가조사!G40*옵션!$D$11) -> 2424 | L40: =SUM(H40,I40,J40) -> 2424
C41: 391359ZZ701Z0100 | D41: 차량등보호금구 | F41: 개 | G41: 12 | H41: =TRUNC(단가조사!G41*옵션!$D$11) -> 35000 | L41: =SUM(H41,I41,J41) -> 35000
C42: 391366ZZ701Z0100 | D42: 보행철주 기초앙카 | E42: Φ125×1.4m | F42: 본 | G42: 2 | H42: =TRUNC(단가조사!G42*옵션!$D$11) -> 35000 | L42: =SUM(H42,I42,J42) -> 35000
C43: 391370ZZ701Z0100 | D43: 신호등용 맨홀(주철뚜껑) | E43: 600x600x600,경찰청규격 | F43: 개 | G43: 3 | H43: =TRUNC(단가조사!G43*옵션!$D$11) -> 350000 | L43: =SUM(H43,I43,J43) -> 350000
C44: 391377ZZ701Z0100 | D44: 신호 제어기 설치 | E44: 교통신호제어기, 3거리 | F44: 대 | G44: 1 | H44: =TRUNC(단가조사!G44*옵션!$D$11) -> 0 | L44: =SUM(H44,I44,J44) -> 0
C45: 391378ZZ701Z0100 | D45: UPS(교통신호제어) | E45: 철주설치 | F45: 개 | G45: 1 | H45: =TRUNC(단가조사!G45*옵션!$D$11) -> 5200000 | L45: =SUM(H45,I45,J45) -> 5200000
C46: 391387ZZ701Z0100 | D46: 철주 앙카 | E46: Φ200x1.8m | F46: 개 | G46: 5 | H46: =TRUNC(단가조사!G46*옵션!$D$11) -> 370000 | L46: =SUM(H46,I46,J46) -> 370000
C47: 391115ZZ701Z2111 | D47: 관통형분기접속재 | E47: 6-4㎟ | F47: 개 | G47: 6 | H47: =TRUNC(단가조사!G47*옵션!$D$11) -> 8400 | L47: =SUM(H47,I47,J47) -> 8400
C48: 2612164020686347 | D48: 케이블 포설(가로등) | E48: 6㎟/2C*1열 | F48: m | G48: 274 | H48: =TRUNC(단가조사!G48*옵션!$D$11) -> 0 | L48: =SUM(H48,I48,J48) -> 0
C49: 2612164020686347 | D49: 케이블 포설(가로등) | E49: 10㎟/2C*1열 | F49: m | G49: 729 | H49: =TRUNC(단가조사!G49*옵션!$D$11) -> 0 | L49: =SUM(H49,I49,J49) -> 0
C50: 2612164020686347 | D50: 케이블 포설(가로등) | E50: 16㎟/2C*1열 | F50: m | G50: 114 | H50: =TRUNC(단가조사!G50*옵션!$D$11) -> 0 | L50: =SUM(H50,I50,J50) -> 0
C51: 2612164020686393 | D51: 케이블 포설(가로등) | E51: 25㎟/2C*1열 | F51: m | G51: 114 | H51: =TRUNC(단가조사!G51*옵션!$D$11) -> 0 | L51: =SUM(H51,I51,J51) -> 0
C52: 2612164020686394 | D52: 케이블 포설(가로등) | E52: 35㎟/2C*1열 | F52: m | G52: 57 | H52: =TRUNC(단가조사!G52*옵션!$D$11) -> 0 | L52: =SUM(H52,I52,J52) -> 0
C53: 2612164020686390 | D53: 케이블 포설(가로등) | E53: 6㎟/4C*1열 | F53: m | G53: 376 | H53: =TRUNC(단가조사!G53*옵션!$D$11) -> 0 | L53: =SUM(H53,I53,J53) -> 0
... C57: 391115ZZ701Z0002 | D57: LED 공원등기구 | E57: 50W급(A타입) | F57: 개 | G57: 23 | H57: =TRUNC(단가조사!G57*옵션!$D$11) -> 500000 | L57: =SUM(H57,I57,J57) -> 500000
C58: 391115ZZ701Z0003 | D58: UPS 부착대 | F58: 개 | G58: 1 | H58: =TRUNC(단가조사!G58*옵션!$D$11) -> 550000 | L58: =SUM(H58,I58,J58) -> 550000
C59: 391115ZZ701Z0004 | D59: 가로등기초(직각)기성품 | E59: 500X850X675X700 | F59: 개 | G59: 26 | H59: =TRUNC(단가조사!G59*옵션!$D$11) -> 104000 | L59: =SUM(H59,I59,J59) -> 104000
C60: 391115ZZ701Z0005 | D60: 가로등기초 | E60: 500x775x1050x1100(E) | F60: 개 | G60: 93 | H60: =TRUNC(단가조사!G60*옵션!$D$11) -> 307800 | L60: =SUM(H60,I60,J60) -> 307800
C61: 391115ZZ701Z0006 | D61: 가로등 제어반 | E61: 6회로 | F61: 개 | G61: 4 | H61: =TRUNC(단가조사!G61*옵션!$D$11) -> 6286000 | L61: =SUM(H61,I61,J61) -> 6286000
C62: 391115ZZ701Z0007 | D62: 가로등 제어반 | E62: 8회로 | F62: 개 | G62: 1 | H62: =TRUNC(단가조사!G62*옵션!$D$11) -> 6440000 | L62: =SUM(H62,I62,J62) -> 6440000
C63: 391115ZZ701Z0008 | D63: 가로등주 | E63: 원형테퍼 강관주 10m -1등용 | F63: 개 | G63: 72 | H63: =TRUNC(단가조사!G63*옵션!$D$11) -> 1500000 | L63: =SUM(H63,I63,J63) -> 1500000
C64: 391115ZZ701Z0009 | D64: 가로등 표찰 | E64: STS | F64: 개 | G64: 95 | H64: =TRUNC(단가조사!G64*옵션!$D$11) -> 10000 | L64: =SUM(H64,I64,J64) -> 10000
C65: 391115ZZ701Z0010 | D65: 공원등주 | E65: 5m-1.0m 1등용(A타입) | F65: 개 | G65: 23 | H65: =TRUNC(단가조사!G65*옵션!$D$11) -> 1192000 | L65: =SUM(H65,I65,J65) -> 1192000
C66: 391115ZZ701Z0011 | D66: 광분배함 | E66: 4C | F66: 개 | G66: 2 | H66: =TRUNC(단가조사!G89*옵션!$D$11) -> 72520 | L66: =SUM(H66,I66,J66) -> 72520
C67: 391115ZZ701Z0012 | D67: 광송수신모듈 | E67: SFP-LX | F67: 개 | G67: 2 | H67: =TRUNC(단가조사!G90*옵션!$D$11) -> 58260 | L67: =SUM(H67,I67,J67) -> 58260
C68: 391115ZZ701Z0013 | D68: 광점퍼코드 | E68: SM-3, 피그테일 포함 | F68: 개 | G68: 20 | H68: =TRUNC(단가조사!G91*옵션!$D$11) -> 8720 | L68: =SUM(H68,I68,J68) -> 8720
C69: 391115ZZ701Z0014 | D69: 교통신호등 | E69: 1면3색(LED Φ300) | F69: 개 | G69: 10 | H69: =TRUNC(단가조사!G66*옵션!$D$11) -> 360000 | L69: =SUM(H69,I69,J69) -> 360000
C70: 391115ZZ701Z0015 | D70: 교통신호등 | E70: 1면4색(LED Φ300) | F70: 개 | G70: 2 | H70: =TRUNC(단가조사!G67*옵션!$D$11) -> 520000 | L70: =SUM(H70,I70,J70) -> 520000
C71: 391115ZZ701Z0016 | D71: 교통신호제어기 부착대 | F71: 개 | G71: 1 | H71: =TRUNC(단가조사!G68*옵션!$D$11) -> 550000 | L71: =SUM(H71,I71,J71) -> 550000
C72: 391115ZZ701Z0017 | D72: 금속기둥 | E72: Ø76.3x1000mm | F72: 개 | G72: 3 | H72: =TRUNC(단가조사!G92*옵션!$D$11) -> 573000 | L72: =SUM(H72,I72,J72) -> 573000
C73: 391115ZZ701Z0018 | D73: 금속상자 | E73: 400*500*300mm | F73: 개 | G73: 3 | H73: =TRUNC(단가조사!G93*옵션!$D$11) -> 1082000 | L73: =SUM(H73,I73,J73) -> 1082000
C74: 391115ZZ701Z0019 | D74: 네트워크스위치 | E74: 8PORT(PoE), 2PORT(SFP) | F74: 개 | G74: 3 | H74: =TRUNC(단가조사!G94*옵션!$D$11) -> 890000 | L74: =SUM(H74,I74,J74) -> 890000
C75: 391115ZZ701Z0020 | D75: 네트워크케이블 | E75: UTP CAT.5 4P | F75: 개 | G75: 90 | H75: =TRUNC(단가조사!G95*옵션!$D$11) -> 2740 | L75: =SUM(H75,I75,J75) -> 2740
C76: 391115ZZ701Z0021 | D76: 누전차단기 | E76: 20A | F76: 개 | G76: 3 | H76: =TRUNC(단가조사!G96*옵션!$D$11) -> 159000 | L76: =SUM(H76,I76,J76) -> 159000
C77: 391115ZZ701Z0022 | D77: 방수형 접속함 | E77: 1등용,ELB부 | F77: 개 | G77: 95 | H77: =TRUNC(단가조사!G69*옵션!$D$11) -> 55000 | L77: =SUM(H77,I77,J77) -> 55000
C78: 391115ZZ701Z0023 | D78: 방수형 접속함 | E78: 격등용 | F78: 개 | G78: 89 | H78: =TRUNC(단가조사!G70*옵션!$D$11) -> 15000 | L78: =SUM(H78,I78,J78) -> 15000
C79: 391115ZZ701Z0024 | D79: 백호우 | E79: 0.4㎥ | F79: hr | G79: 53 | H79: =TRUNC(단가조사!G71*옵션!$D$11) -> #VALUE! | L79: =SUM(H79,I79,J79) -> #VALUE!
C80: 391115ZZ701Z0025 | D80: 보안용카메라(BULLET) | E80: 5M, IP, IR 0Lux | F80: 개 | G80: 5 | H80: =TRUNC(단가조사!G97*옵션!$D$11) -> 1761000 | L80: =SUM(H80,I80,J80) -> 1761000
C81: 391115ZZ701Z0026 | D81: 보안용카메라(SPEEDDOME) | E81: 4M, IP, IR 0Lux | F81: 개 | G81: 3 | H81: =TRUNC(단가조사!G98*옵션!$D$11) -> 4722000 | L81: =SUM(H81,I81,J81) -> 4722000
C82: 391115ZZ701Z0027 | D82: 보행등 잔여시간표시기 | F82: 개 | G82: 2 | H82: =TRUNC(단가조사!G73*옵션!$D$11) -> 500000 | L82: =SUM(H82,I82,J82) -> 500000
C83: 391115ZZ701Z0028 | D83: 보행등주 | E83: Φ125x4m | F83: 개 | G83: 2 | H83: =TRUNC(단가조사!G74*옵션!$D$11) -> 450000 | L83: =SUM(H83,I83,J83) -> 450000
C84: 391115ZZ701Z0029 | D84: 보행신호등 | E84: 1면2색(LED) | F84: 개 | G84: 2 | H84: =TRUNC(단가조사!G75*옵션!$D$11) -> 165000 | L84: =SUM(H84,I84,J84) -> 165000
C85: 391115ZZ701Z0030 | D85: 불법주정차단속시스템 | F85: SET | G85: 2 | H85: =TRUNC(단가조사!G76*옵션!$D$11) -> 23670000 | L85: =SUM(H85,I85,J85) -> 23670000
C86: 391115ZZ701Z0031 | D86: 서지흡수기 | E86: 신호용 | F86: 개 | G86: 9 | H86: =TRUNC(단가조사!G99*옵션!$D$11) -> 243620 | L86: =SUM(H86,I86,J86) -> 243620
C87: 391115ZZ701Z0032 | D87: 서지흡수기 | E87: 전원용 | F87: 개 | G87: 3 | H87: =TRUNC(단가조사!G100*옵션!$D$11) -> 274300 | L87: =SUM(H87,I87,J87) -> 274300
C88: 391115ZZ701Z0033 | D88: 소모자재(박리재 등) | E88: 주자재비의 9% | F88: 식 | G88: 44 | H88: =TRUNC(단가조사!G77*옵션!$D$11) -> 0 | L88: =SUM(H88,I88,J88) -> 0
C89: 391115ZZ701Z0034 | D89: 슬림형교통신호제어기(경찰청표준규격) | F89: 개 | G89: 1 | H89: =TRUNC(단가조사!G78*옵션!$D$11) -> 9000000 | L89: =SUM(H89,I89,J89) -> 9000000
C90: 391115ZZ701Z0035 | D90: 안내표지판 | E90: CCTV설치안내(대) | F90: 개 | G90: 3 | H90: =TRUNC(단가조사!G101*옵션!$D$11) -> 215890 | L90: =SUM(H90,I90,J90) -> 215890
C91: 391115ZZ701Z0036 | D91: 안내표지판 | E91: CCTV설치안내(중) | F91: 개 | G91: 3 | H91: =TRUNC(단가조사!G102*옵션!$D$11) -> 158460 | L91: =SUM(H91,I91,J91) -> 158460
C92: 391115ZZ701Z0037 | D92: 영상감시장치 | E92: 네트워크스위치 | F92: 개 | G92: 1 | H92: =TRUNC(단가조사!G103*옵션!$D$11) -> 5951000 | L92: =SUM(H92,I92,J92) -> 5951000
C93: 391115ZZ701Z0038 | D93: 와이어리스 부착대 5m | F93: 개 | G93: 6 | H93: =TRUNC(단가조사!G79*옵션!$D$11) -> 900000 | L93: =SUM(H93,I93,J93) -> 900000
C94: 391115ZZ701Z0039 | D94: 와이어리스 부착대 7m | F94: 개 | G94: 2 | H94: =TRUNC(단가조사!G80*옵션!$D$11) -> 1200000 | L94: =SUM(H94,I94,J94) -> 1200000
C95: 391115ZZ701Z0040 | D95: 와이어리스철주 | E95: Φ200,부착5m | F95: 개 | G95: 1 | H95: =TRUNC(단가조사!G81*옵션!$D$11) -> 2000000 | L95: =SUM(H95,I95,J95) -> 2000000
C96: 391115ZZ701Z0041 | D96: 와이어리스철주 | E96: Φ200,부착7m, 7m | F96: 개 | G96: 3 | H96: =TRUNC(단가조사!G82*옵션!$D$11) -> 2000000 | L96: =SUM(H96,I96,J96) -> 2000000
C97: 391115ZZ701Z0042 | D97: 와이어리스철주 | E97: Φ200,부착7m | F97: 개 | G97: 1 | H97: =TRUNC(단가조사!G83*옵션!$D$11) -> 2000000 | L97: =SUM(H97,I97,J97) -> 2000000
C98: 391115ZZ701Z0043 | D98: 위성시보수신기(GPS) | F98: 개 | G98: 1 | H98: =TRUNC(단가조사!G84*옵션!$D$11) -> 650000 | L98: =SUM(H98,I98,J98) -> 650000
C99: 391115ZZ701Z0044 | D99: 음향 유도기 | F99: 개 | G99: 2 | H99: =TRUNC(단가조사!G85*옵션!$D$11) -> 650000 | L99: =SUM(H99,I99,J99) -> 650000
C100: 391115ZZ701Z0045 | D100: 전력케이블 | E100: F-CV 3C×2.5㎟ | F100: 개 | G100: 30 | H100: =TRUNC(단가조사!G104*옵션!$D$11) -> 4600 | L100: =SUM(H100,I100,J100) -> 4600
C101: 391115ZZ701Z0046 | D101: 전력케이블 | E101: F-CV 3C×6㎟ | F101: 개 | G101: 30 | H101: =TRUNC(단가조사!G105*옵션!$D$11) -> 5580 | L101: =SUM(H101,I101,J101) -> 5580
C102: 391115ZZ701Z0047 | D102: 정보통신공사 | E102: 광케이블보통12코어이하접속 | F102: 개 | G102: 16 | H102: =TRUNC(단가조사!G106*옵션!$D$11) -> 27930 | L102: =SUM(H102,I102,J102) -> 27930
C103: 391115ZZ701Z0048 | D103: 정보통신공사 | E103: 광케이블시험시험및측정 | F103: 개 | G103: 12 | H103: =TRUNC(단가조사!G107*옵션!$D$11) -> 54290 | L103: =SUM(H103,I103,J103) -> 54290
C104: 391115ZZ701Z0049 | D104: 정보통신공사 | E104: 송수신제어신호영상레벨조정 | F104: 개 | G104: 9 | H104: =TRUNC(단가조사!G108*옵션!$D$11) -> 124850 | L104: =SUM(H104,I104,J104) -> 124850
C105: 391115ZZ701Z0050 | D105: 정보통신공사 | E105: 종합시험 | F105: 개 | G105: 3 | H105: =TRUNC(단가조사!G109*옵션!$D$11) -> 109760 | L105: =SUM(H105,I105,J105) -> 109760
C106: 391115ZZ701Z0051 | D106: 제어반기초(기성품) | E106: 500x500x800 | F106: 개 | G106: 5 | H106: =TRUNC(단가조사!G86*옵션!$D$11) -> 140000 | L106: =SUM(H106,I106,J106) -> 140000
C107: 391115ZZ701Z0052 | D107: 채널라이센스 | E107: 카메라접속라이센스, 1CH | F107: 개 | G107: 9 | H107: =TRUNC(단가조사!G110*옵션!$D$11) -> 355000 | L107: =SUM(H107,I107,J107) -> 355000
C108: 391115ZZ701Z0053 | D108: 카메라 브래킷 | E108: 기둥용 | F108: 개 | G108: 6 | H108: =TRUNC(단가조사!G111*옵션!$D$11) -> 61440 | L108: =SUM(H108,I108,J108) -> 61440
C109: 391115ZZ701Z0054 | D109: 카메라 브래킷 | E109: 벽부형 | F109: 개 | G109: 3 | H109: =TRUNC(단가조사!G112*옵션!$D$11) -> 107500 | L109: =SUM(H109,I109,J109) -> 107500
C110: 391115ZZ701Z0062 | D110: 핸드홀(기성품) | E110: 600x600x800 | F110: 개 | G110: 11 | H110: =TRUNC(단가조사!G87*옵션!$D$11) -> 440000 | L110: =SUM(H110,I110,J110) -> 440000
C111: 391115ZZ701Z0063 | D111: 핸드홀뚜껑 | E111: 700x700xt32 | F111: 개 | G111: 11 | H111: =TRUNC(단가조사!G88*옵션!$D$11) -> 280000 | L111: =SUM(H111,I111,J111) -> 280000
C112: ECA565826042 | D112: 기계터파기 | E112: 보통토사(0.6㎥) | F112: ㎥ | G112: 1757.6703 | H112: =단가조사!H113 -> 442 | I112: =단가조사!J113 -> 1354 | J112: =단가조사!L113 -> 537 | L112: =SUM(H112,I112,J112) -> 2333 | M112: 182-하
C113: ECA565826051 | D113: 기계되메우기 | E113: 보통토사(0.6㎥) | F113: ㎥ | G113: 1684.2555 | H113: =단가조사!H114 -> 442 | I113: =단가조사!J114 -> 1354 | J113: =단가조사!L114 -> 537 | L113: =SUM(H113,I113,J113) -> 2333 | M113: 182-하
C114: ECA565826045 | D114: 크레인 | E114: 타이어 30 Ton | F114: 분 | G114: 3567 | H114: =단가조사!H115 -> 276 | I114: =단가조사!J115 -> 984 | J114: =단가조사!L115 -> 961 | L114: =SUM(H114,I114,J114) -> 2221 | M114: 184-하
C115: L001010101000075 | D115: 노 무 비 | E115: 내선전공 | F115: 인 | G115: 168.613 | I115: =TRUNC(단가조사!G116) -> 273676 | L115: =SUM(H115,I115,J115) -> 273676
C116: L001010101000078 | D116: 노 무 비 | E116: 저압케이블전공 | F116: 인 | G116: 100.0409 | I116: =TRUNC(단가조사!G117) -> 304156 | L116: =SUM(H116,I116,J116) -> 304156
C117: L001010101000076 | D117: 노 무 비 | E117: 특고압케이블전공 | F117: 인 | G117: 2.3365 | I117: =TRUNC(단가조사!G118) -> 440616 | L117: =SUM(H117,I117,J117) -> 440616
C118: L001010101000081 | D118: 노 무 비 | E118: 배전전공 | F118: 인 | G118: 51.5175 | I118: =TRUNC(단가조사!G119) -> 414968 | L118: =SUM(H118,I118,J118) -> 414968
C119: L001010101000089 | D119: 노 무 비 | E119: 통신케이블공 | F119: 인 | G119: 0.536 | I119: =TRUNC(단가조사!G120) -> 436224 | L119: =SUM(H119,I119,J119) -> 436224
C120: L001010101000087 | D120: 노 무 비 | E120: 통신설비공 | F120: 인 | G120: 0.16 | I120: =TRUNC(단가조사!G121) -> 315528 | L120: =SUM(H120,I120,J120) -> 315528
C121: L001010101000088 | D121: 노 무 비 | E121: 통신외선공 | F121: 인 | G121: 11.932 | I121: =TRUNC(단가조사!G122) -> 408942 | L121: =SUM(H121,I121,J121) -> 408942
C122: L001010501000112 | D122: 노 무 비 | E122: 통신관련산업기사 | F122: 인 | G122: 0.656 | I122: =TRUNC(단가조사!G123) -> 304509 | L122: =SUM(H122,I122,J122) -> 304509
C123: L001010201000092 | D123: 노 무 비 | E123: 광케이블설치사 | F123: 인 | G123: 5.0416 | I123: =TRUNC(단가조사!G124) -> 471349 | L123: =SUM(H123,I123,J123) -> 471349
C124: L001010101000002 | D124: 노 무 비 | E124: 보통인부 | F124: 인 | G124: 352.8533 | I124: =TRUNC(단가조사!G125) -> 172068 | L124: =SUM(H124,I124,J124) -> 172068
C125: L001010101000003 | D125: 노 무 비 | E125: 특별인부 | F125: 인 | G125: 7.3208 | I125: =TRUNC(단가조사!G126) -> 226122 | L125: =SUM(H125,I125,J125) -> 226122
C126: L001010101000006 | D126: 노 무 비 | E126: 비계공 | F126: 인 | G126: 3.18 | I126: =TRUNC(단가조사!G127) -> 281939 | L126: =SUM(H126,I126,J126) -> 281939
... C131: L001010101000001 | D131: 노 무 비 | E131: 작업반장 | F131: 인 | G131: 1.68 | I131: =TRUNC(단가조사!G132) -> 215907 | L131: =SUM(H131,I131,J131) -> 215907
...
