Workbook

Sheet 내역서
A1: 내 역 서
A2: 2026년 상반기 충청남도교육청 건설공사 일위대가(토목, 조경)
A3: 품 명 | B3: 규 격 | C3: 단위 | D3: 수량 | E3: 재 료 비 | G3: 노 무 비 | I3: 경 비 | K3: 합 계 | M3: 비 고
E4: 단 가 | F4: 금 액 | G4: 단 가 | H4: 금 액 | I4: 단 가 | J4: 금 액 | K4: 단 가 | L4: 금 액
A5: (☞ 사각지대 충돌방지장치)------- | E5: =TRUNC(단가대비표!O194,0) -> 0 | F5: =TRUNC(E5*D5, 0) -> 0 | G5: =TRUNC(단가대비표!P194,0) -> 0 | H5: =TRUNC(G5*D5, 0) -> 0 | I5: =TRUNC(단가대비표!V194,0) -> 0 | J5: =TRUNC(I5*D5, 0) -> 0 | K5: =TRUNC(E5+G5+I5, 0) -> 0 | L5: =TRUNC(F5+H5+J5, 0) -> 0
A6: 사각지대 충돌방지장치 설치 및 해체 | C6: 개당 | D6: 1 | E6: =TRUNC(일위대가목록!E4,0) -> 0 | F6: =TRUNC(E6*D6, 0) -> 0 | G6: =TRUNC(일위대가목록!F4,0) -> 127366 | H6: =TRUNC(G6*D6, 0) -> 127366 | I6: =TRUNC(일위대가목록!G4,0) -> 1273 | J6: =TRUNC(I6*D6, 0) -> 1273 | K6: =TRUNC(E6+G6+I6, 0) -> 128639 | L6: =TRUNC(F6+H6+J6, 0) -> 128639 | M6: 호표 1
A7: (☞ 박스형 간이흙막이 설치 및 해체)------- | E7: =TRUNC(단가대비표!O311,0) -> 0 | F7: =TRUNC(E7*D7, 0) -> 0 | G7: =TRUNC(단가대비표!P311,0) -> 0 | H7: =TRUNC(G7*D7, 0) -> 0 | I7: =TRUNC(단가대비표!V311,0) -> 0 | J7: =TRUNC(I7*D7, 0) -> 0 | K7: =TRUNC(E7+G7+I7, 0) -> 0 | L7: =TRUNC(F7+H7+J7, 0) -> 0
A8: 박스형 간이흙막이 설치 및 해체 | B8: H=3.0M 이하, 개당 길이=3.0M 이하, 폭=2.0M 이하 | C8: 개 | D8: 1 | E8: =TRUNC(일위대가목록!E5,0) -> 4286 | F8: =TRUNC(E8*D8, 0) -> 4286 | G8: =TRUNC(일위대가목록!F5,0) -> 61706 | H8: =TRUNC(G8*D8, 0) -> 61706 | I8: =TRUNC(일위대가목록!G5,0) -> 6186 | J8: =TRUNC(I8*D8, 0) -> 6186 | K8: =TRUNC(E8+G8+I8, 0) -> 72178 | L8: =TRUNC(F8+H8+J8, 0) -> 72178 | M8: 호표 2
A9: 박스형 간이흙막이 설치 및 해체 | B9: H=4.0M 이하, 개당 길이=3.0M 이하, 폭=2.0M 이하 | C9: 개 | D9: 1 | E9: =TRUNC(일위대가목록!E6,0) -> 7254 | F9: =TRUNC(E9*D9, 0) -> 7254 | G9: =TRUNC(일위대가목록!F6,0) -> 91657 | H9: =TRUNC(G9*D9, 0) -> 91657 | I9: =TRUNC(일위대가목록!G6,0) -> 10469 | J9: =TRUNC(I9*D9, 0) -> 10469 | K9: =TRUNC(E9+G9+I9, 0) -> 109380 | L9: =TRUNC(F9+H9+J9, 0) -> 109380 | M9: 호표 3
A10: (☞ 조립식 간이흙막이 설치 및 해체)------- | E10: =TRUNC(단가대비표!O312,0) -> 0 | F10: =TRUNC(E10*D10, 0) -> 0 | G10: =TRUNC(단가대비표!P312,0) -> 0 | H10: =TRUNC(G10*D10, 0) -> 0 | I10: =TRUNC(단가대비표!V312,0) -> 0 | J10: =TRUNC(I10*D10, 0) -> 0 | K10: =TRUNC(E10+G10+I10, 0) -> 0 | L10: =TRUNC(F10+H10+J10, 0) -> 0
A11: 조립식 간이흙막이 설치 및 해체 | B11: H=3.0M 이하 | C11: M | D11: 1 | E11: =TRUNC(일위대가목록!E7,0) -> 7584 | F11: =TRUNC(E11*D11, 0) -> 7584 | G11: =TRUNC(일위대가목록!F7,0) -> 77905 | H11: =TRUNC(G11*D11, 0) -> 77905 | I11: =TRUNC(일위대가목록!G7,0) -> 10945 | J11: =TRUNC(I11*D11, 0) -> 10945 | K11: =TRUNC(E11+G11+I11, 0) -> 96434 | L11: =TRUNC(F11+H11+J11, 0) -> 96434 | M11: 호표 4
A12: 조립식 간이흙막이 설치 및 해체 | B12: H=4.0M 이하 | C12: M | D12: 1 | E12: =TRUNC(일위대가목록!E8,0) -> 14839 | F12: =TRUNC(E12*D12, 0) -> 14839 | G12: =TRUNC(일위대가목록!F8,0) -> 125321 | H12: =TRUNC(G12*D12, 0) -> 125321 | I12: =TRUNC(일위대가목록!G8,0) -> 21415 | J12: =TRUNC(I12*D12, 0) -> 21415 | K12: =TRUNC(E12+G12+I12, 0) -> 161575 | L12: =TRUNC(F12+H12+J12, 0) -> 161575 | M12: 호표 5
A13: 조립식 간이흙막이 설치 및 해체 | B13: H=5.0M 이하 | C13: M | D13: 1 | E13: =TRUNC(일위대가목록!E9,0) -> 24402 | F13: =TRUNC(E13*D13, 0) -> 24402 | G13: =TRUNC(일위대가목록!F9,0) -> 189930 | H13: =TRUNC(G13*D13, 0) -> 189930 | I13: =TRUNC(일위대가목록!G9,0) -> 35216 | J13: =TRUNC(I13*D13, 0) -> 35216 | K13: =TRUNC(E13+G13+I13, 0) -> 249548 | L13: =TRUNC(F13+H13+J13, 0) -> 249548 | M13: 호표 6
A14: 조립식 간이흙막이 설치 및 해체 | B14: H=6.0M 이하 | C14: M | D14: 1 | E14: =TRUNC(일위대가목록!E10,0) -> 36273 | F14: =TRUNC(E14*D14, 0) -> 36273 | G14: =TRUNC(일위대가목록!F10,0) -> 276256 | H14: =TRUNC(G14*D14, 0) -> 276256 | I14: =TRUNC(일위대가목록!G10,0) -> 52349 | J14: =TRUNC(I14*D14, 0) -> 52349 | K14: =TRUNC(E14+G14+I14, 0) -> 364878 | L14: =TRUNC(F14+H14+J14, 0) -> 364878 | M14: 호표 7
A15: (☞ 비탈면 보양)---------- | E15: =TRUNC(단가대비표!O314,0) -> 0 | F15: =TRUNC(E15*D15, 0) -> 0 | G15: =TRUNC(단가대비표!P314,0) -> 0 | H15: =TRUNC(G15*D15, 0) -> 0 | I15: =TRUNC(단가대비표!V314,0) -> 0 | J15: =TRUNC(I15*D15, 0) -> 0 | K15: =TRUNC(E15+G15+I15, 0) -> 0 | L15: =TRUNC(F15+H15+J15, 0) -> 0
A16: 비탈면 보양 | B16: 보양재(천막 등) | C16: M2 | D16: 1 | E16: =TRUNC(일위대가목록!E11,0) -> 0 | F16: =TRUNC(E16*D16, 0) -> 0 | G16: =TRUNC(일위대가목록!F11,0) -> 6243 | H16: =TRUNC(G16*D16, 0) -> 6243 | I16: =TRUNC(일위대가목록!G11,0) -> 0 | J16: =TRUNC(I16*D16, 0) -> 0 | K16: =TRUNC(E16+G16+I16, 0) -> 6243 | L16: =TRUNC(F16+H16+J16, 0) -> 6243 | M16: 호표 8
A17: (☞ 인력굴착(토사))---------- | E17: =TRUNC(단가대비표!O195,0) -> 0 | F17: =TRUNC(E17*D17, 0) -> 0 | G17: =TRUNC(단가대비표!P195,0) -> 0 | H17: =TRUNC(G17*D17, 0) -> 0 | I17: =TRUNC(단가대비표!V195,0) -> 0 | J17: =TRUNC(I17*D17, 0) -> 0 | K17: =TRUNC(E17+G17+I17, 0) -> 0 | L17: =TRUNC(F17+H17+J17, 0) -> 0
A18: 인력굴착(토사) / 보통토사 | B18: H=1m 이하(구조물터파기, 흙깍기) | C18: M3 | D18: 1 | E18: =TRUNC(일위대가목록!E12,0) -> 0 | F18: =TRUNC(E18*D18, 0) -> 0 | G18: =TRUNC(일위대가목록!F12,0) -> 63314 | H18: =TRUNC(G18*D18, 0) -> 63314 | I18: =TRUNC(일위대가목록!G12,0) -> 0 | J18: =TRUNC(I18*D18, 0) -> 0 | K18: =TRUNC(E18+G18+I18, 0) -> 63314 | L18: =TRUNC(F18+H18+J18, 0) -> 63314 | M18: 호표 9
A19: 인력굴착(토사) / 경질토사 | B19: H=1m 이하(구조물터파기, 흙깍기) | C19: M3 | D19: 1 | E19: =TRUNC(일위대가목록!E13,0) -> 0 | F19: =TRUNC(E19*D19, 0) -> 0 | G19: =TRUNC(일위대가목록!F13,0) -> 83665 | H19: =TRUNC(G19*D19, 0) -> 83665 | I19: =TRUNC(일위대가목록!G13,0) -> 0 | J19: =TRUNC(I19*D19, 0) -> 0 | K19: =TRUNC(E19+G19+I19, 0) -> 83665 | L19: =TRUNC(F19+H19+J19, 0) -> 83665 | M19: 호표 10
A20: 인력굴착(토사) / 고사점토 및 자갈섞인토사 | B20: H=1m 이하(구조물터파기, 흙깍기) | C20: M3 | D20: 1 | E20: =TRUNC(일위대가목록!E14,0) -> 0 | F20: =TRUNC(E20*D20, 0) -> 0 | G20: =TRUNC(일위대가목록!F14,0) -> 101754 | H20: =TRUNC(G20*D20, 0) -> 101754 | I20: =TRUNC(일위대가목록!G14,0) -> 0 | J20: =TRUNC(I20*D20, 0) -> 0 | K20: =TRUNC(E20+G20+I20, 0) -> 101754 | L20: =TRUNC(F20+H20+J20, 0) -> 101754 | M20: 호표 11
A21: 인력굴착(토사) / 호박돌섞인토사 | B21: H=1m 이하(구조물터파기, 흙깍기) | C21: M3 | D21: 1 | E21: =TRUNC(일위대가목록!E15,0) -> 0 | F21: =TRUNC(E21*D21, 0) -> 0 | G21: =TRUNC(일위대가목록!F15,0) -> 187681 | H21: =TRUNC(G21*D21, 0) -> 187681 | I21: =TRUNC(일위대가목록!G15,0) -> 0 | J21: =TRUNC(I21*D21, 0) -> 0 | K21: =TRUNC(E21+G21+I21, 0) -> 187681 | L21: =TRUNC(F21+H21+J21, 0) -> 187681 | M21: 호표 12
A22: 잔토처리 | B22: 인력 (현장 내 소운반 깔고 고르기) | C22: M3 | D22: 1 | E22: =TRUNC(일위대가목록!E16,0) -> 0 | F22: =TRUNC(E22*D22, 0) -> 0 | G22: =TRUNC(일위대가목록!F16,0) -> 34413 | H22: =TRUNC(G22*D22, 0) -> 34413 | I22: =TRUNC(일위대가목록!G16,0) -> 0 | J22: =TRUNC(I22*D22, 0) -> 0 | K22: =TRUNC(E22+G22+I22, 0) -> 34413 | L22: =TRUNC(F22+H22+J22, 0) -> 34413 | M22: 호표 13
A23: 인력굴착 / 풍화암 | B23: 10m3 미만, 소형브레이커 | C23: M3 | D23: 1 | E23: =TRUNC(일위대가목록!E17,0) -> 5651 | F23: =TRUNC(E23*D23, 0) -> 5651 | G23: =TRUNC(일위대가목록!F17,0) -> 118597 | H23: =TRUNC(G23*D23, 0) -> 118597 | I23: =TRUNC(일위대가목록!G17,0) -> 1669 | J23: =TRUNC(I23*D23, 0) -> 1669 | K23: =TRUNC(E23+G23+I23, 0) -> 125917 | L23: =TRUNC(F23+H23+J23, 0) -> 125917 | M23: 호표 14
A24: (☞ 인력굴착(암반)----- | E24: =TRUNC(단가대비표!O196,0) -> 0 | F24: =TRUNC(E24*D24, 0) -> 0 | G24: =TRUNC(단가대비표!P196,0) -> 0 | H24: =TRUNC(G24*D24, 0) -> 0 | I24: =TRUNC(단가대비표!V196,0) -> 0 | J24: =TRUNC(I24*D24, 0) -> 0 | K24: =TRUNC(E24+G24+I24, 0) -> 0 | L24: =TRUNC(F24+H24+J24, 0) -> 0
A25: 인력굴착 / 연 암 | B25: 10m3 미만, 소형브레이커 | C25: M3 | D25: 1 | E25: =TRUNC(일위대가목록!E18,0) -> 8700 | F25: =TRUNC(E25*D25, 0) -> 8700 | G25: =TRUNC(일위대가목록!F18,0) -> 155609 | H25: =TRUNC(G25*D25, 0) -> 155609 | I25: =TRUNC(일위대가목록!G18,0) -> 2505 | J25: =TRUNC(I25*D25, 0) -> 2505 | K25: =TRUNC(E25+G25+I25, 0) -> 166814 | L25: =TRUNC(F25+H25+J25, 0) -> 166814 | M25: 호표 15
A26: 인력굴착 / 보통암 | B26: 10m3 미만, 소형브레이커 | C26: M3 | D26: 1 | E26: =TRUNC(일위대가목록!E19,0) -> 11072 | F26: =TRUNC(E26*D26, 0) -> 11072 | G26: =TRUNC(일위대가목록!F19,0) -> 214249 | H26: =TRUNC(G26*D26, 0) -> 214249 | I26: =TRUNC(일위대가목록!G19,0) -> 3280 | J26: =TRUNC(I26*D26, 0) -> 3280 | K26: =TRUNC(E26+G26+I26, 0) -> 228601 | L26: =TRUNC(F26+H26+J26, 0) -> 228601 | M26: 호표 16
A27: 인력굴착 / 경 암 | B27: 10m3 미만, 소형브레이커 | C27: M3 | D27: 1 | E27: =TRUNC(일위대가목록!E20,0) -> 17770 | F27: =TRUNC(E27*D27, 0) -> 17770 | G27: =TRUNC(일위대가목록!F20,0) -> 348219 | H27: =TRUNC(G27*D27, 0) -> 348219 | I27: =TRUNC(일위대가목록!G20,0) -> 5277 | J27: =TRUNC(I27*D27, 0) -> 5277 | K27: =TRUNC(E27+G27+I27, 0) -> 371266 | L27: =TRUNC(F27+H27+J27, 0) -> 371266 | M27: 호표 17
A28: (☞ 흙깍기(기계))---------- | E28: =TRUNC(단가대비표!O197,0) -> 0 | F28: =TRUNC(E28*D28, 0) -> 0 | G28: =TRUNC(단가대비표!P197,0) -> 0 | H28: =TRUNC(G28*D28, 0) -> 0 | I28: =TRUNC(단가대비표!V197,0) -> 0 | J28: =TRUNC(I28*D28, 0) -> 0 | K28: =TRUNC(E28+G28+I28, 0) -> 0 | L28: =TRUNC(F28+H28+J28, 0) -> 0
A29: 흙깎기/보통토사 | B29: 소규모 | C29: M3 | D29: 1 | E29: =TRUNC(일위대가목록!E21,0) -> 818 | F29: =TRUNC(E29*D29, 0) -> 818 | G29: =TRUNC(일위대가목록!F21,0) -> 1522 | H29: =TRUNC(G29*D29, 0) -> 1522 | I29: =TRUNC(일위대가목록!G21,0) -> 764 | J29: =TRUNC(I29*D29, 0) -> 764 | K29: =TRUNC(E29+G29+I29, 0) -> 3104 | L29: =TRUNC(F29+H29+J29, 0) -> 3104 | M29: 호표 18
A30: 흙깎기/혼합토사 | B30: 소규모 | C30: M3 | D30: 1 | E30: =TRUNC(일위대가목록!E22,0) -> 1104 | F30: =TRUNC(E30*D30, 0) -> 1104 | G30: =TRUNC(일위대가목록!F22,0) -> 2053 | H30: =TRUNC(G30*D30, 0) -> 2053 | I30: =TRUNC(일위대가목록!G22,0) -> 1114 | J30: =TRUNC(I30*D30, 0) -> 1114 | K30: =TRUNC(E30+G30+I30, 0) -> 4271 | L30: =TRUNC(F30+H30+J30, 0) -> 4271 | M30: 호표 19
A31: 흙깎기/보통토사 | B31: 중규모 | C31: M3 | D31: 1 | E31: =TRUNC(일위대가목록!E23,0) -> 553 | F31: =TRUNC(E31*D31, 0) -> 553 | G31: =TRUNC(일위대가목록!F23,0) -> 843 | H31: =TRUNC(G31*D31, 0) -> 843 | I31: =TRUNC(일위대가목록!G23,0) -> 513 | J31: =TRUNC(I31*D31, 0) -> 513 | K31: =TRUNC(E31+G31+I31, 0) -> 1909 | L31: =TRUNC(F31+H31+J31, 0) -> 1909 | M31: 호표 20
A32: 흙깎기/혼합토사 | B32: 중규모 | C32: M3 | D32: 1 | E32: =TRUNC(일위대가목록!E24,0) -> 793 | F32: =TRUNC(E32*D32, 0) -> 793 | G32: =TRUNC(일위대가목록!F24,0) -> 1209 | H32: =TRUNC(G32*D32, 0) -> 1209 | I32: =TRUNC(일위대가목록!G24,0) -> 790 | J32: =TRUNC(I32*D32, 0) -> 790 | K32: =TRUNC(E32+G32+I32, 0) -> 2792 | L32: =TRUNC(F32+H32+J32, 0) -> 2792 | M32: 호표 21
A33: 흙깎기/보통토사 | B33: 대규모 | C33: M3 | D33: 1 | E33: =TRUNC(일위대가목록!E25,0) -> 553 | F33: =TRUNC(E33*D33, 0) -> 553 | G33: =TRUNC(일위대가목록!F25,0) -> 507 | H33: =TRUNC(G33*D33, 0) -> 507 | I33: =TRUNC(일위대가목록!G25,0) -> 410 | J33: =TRUNC(I33*D33, 0) -> 410 | K33: =TRUNC(E33+G33+I33, 0) -> 1470 | L33: =TRUNC(F33+H33+J33, 0) -> 1470 | M33: 호표 22
A34: 흙깎기/혼합토사 | B34: 대규모 | C34: M3 | D34: 1 | E34: =TRUNC(일위대가목록!E26,0) -> 804 | F34: =TRUNC(E34*D34, 0) -> 804 | G34: =TRUNC(일위대가목록!F26,0) -> 737 | H34: =TRUNC(G34*D34, 0) -> 737 | I34: =TRUNC(일위대가목록!G26,0) -> 639 | J34: =TRUNC(I34*D34, 0) -> 639 | K34: =TRUNC(E34+G34+I34, 0) -> 2180 | L34: =TRUNC(F34+H34+J34, 0) -> 2180 | M34: 호표 23
A35: 흙깎기/굴착기 | B35: 풍화암 | C35: M3 | D35: 1 | E35: =TRUNC(일위대가목록!E27,0) -> 4051 | F35: =TRUNC(E35*D35, 0) -> 4051 | G35: =TRUNC(일위대가목록!F27,0) -> 7259 | H35: =TRUNC(G35*D35, 0) -> 7259 | I35: =TRUNC(일위대가목록!G27,0) -> 5972 | J35: =TRUNC(I35*D35, 0) -> 5972 | K35: =TRUNC(E35+G35+I35, 0) -> 17282 | L35: =TRUNC(F35+H35+J35, 0) -> 17282 | M35: 호표 24
A36: 흙깎기/굴착기 | B36: 연암 | C36: M3 | D36: 1 | E36: =TRUNC(일위대가목록!E28,0) -> 5462 | F36: =TRUNC(E36*D36, 0) -> 5462 | G36: =TRUNC(일위대가목록!F28,0) -> 9443 | H36: =TRUNC(G36*D36, 0) -> 9443 | I36: =TRUNC(일위대가목록!G28,0) -> 7769 | J36: =TRUNC(I36*D36, 0) -> 7769 | K36: =TRUNC(E36+G36+I36, 0) -> 22674 | L36: =TRUNC(F36+H36+J36, 0) -> 22674 | M36: 호표 25
A37: 흙깎기/굴착기 | B37: 보통암 | C37: M3 | D37: 1 | E37: =TRUNC(일위대가목록!E29,0) -> 10080 | F37: =TRUNC(E37*D37, 0) -> 10080 | G37: =TRUNC(일위대가목록!F29,0) -> 15758 | H37: =TRUNC(G37*D37, 0) -> 15758 | I37: =TRUNC(일위대가목록!G29,0) -> 12965 | J37: =TRUNC(I37*D37, 0) -> 12965 | K37: =TRUNC(E37+G37+I37, 0) -> 38803 | L37: =TRUNC(F37+H37+J37, 0) -> 38803 | M37: 호표 26
A38: 흙깎기/굴착기 | B38: 경암 | C38: M3 | D38: 1 | E38: =TRUNC(일위대가목록!E30,0) -> 12851 | F38: =TRUNC(E38*D38, 0) -> 12851 | G38: =TRUNC(일위대가목록!F30,0) -> 18886 | H38: =TRUNC(G38*D38, 0) -> 18886 | I38: =TRUNC(일위대가목록!G30,0) -> 15539 | J38: =TRUNC(I38*D38, 0) -> 15539 | K38: =TRUNC(E38+G38+I38, 0) -> 47276 | L38: =TRUNC(F38+H38+J38, 0) -> 47276 | M38: 호표 27
A39: (☞ 터파기(기계))---------- | E39: =TRUNC(단가대비표!O198,0) -> 0 | F39: =TRUNC(E39*D39, 0) -> 0 | G39: =TRUNC(단가대비표!P198,0) -> 0 | H39: =TRUNC(G39*D39, 0) -> 0 | I39: =TRUNC(단가대비표!V198,0) -> 0 | J39: =TRUNC(I39*D39, 0) -> 0 | K39: =TRUNC(E39+G39+I39, 0) -> 0 | L39: =TRUNC(F39+H39+J39, 0) -> 0
A40: 기계터파기/보통토사/5M이하(육상) | B40: TypeⅠ(일반) | C40: M3 | D40: 1 | E40: =TRUNC(일위대가목록!E31,0) -> 453 | F40: =TRUNC(E40*D40, 0) -> 453 | G40: =TRUNC(일위대가목록!F31,0) -> 843 | H40: =TRUNC(G40*D40, 0) -> 843 | I40: =TRUNC(일위대가목록!G31,0) -> 423 | J40: =TRUNC(I40*D40, 0) -> 423 | K40: =TRUNC(E40+G40+I40, 0) -> 1719 | L40: =TRUNC(F40+H40+J40, 0) -> 1719 | M40: 호표 28
A41: 기계터파기/보통토사/5M이하(육상) | B41: TypeⅡ(지장물, 가시설등) | C41: M3 | D41: 1 | E41: =TRUNC(일위대가목록!E32,0) -> 602 | F41: =TRUNC(E41*D41, 0) -> 602 | G41: =TRUNC(일위대가목록!F32,0) -> 1121 | H41: =TRUNC(G41*D41, 0) -> 1121 | I41: =TRUNC(일위대가목록!G32,0) -> 562 | J41: =TRUNC(I41*D41, 0) -> 562 | K41: =TRUNC(E41+G41+I41, 0) -> 2285 | L41: =TRUNC(F41+H41+J41, 0) -> 2285 | M41: 호표 29
A42: 기계터파기/보통토사/5M이하(육상) | B42: TypeⅢ(측구 터파기등) | C42: M3 | D42: 1 | E42: =TRUNC(일위대가목록!E33,0) -> 698 | F42: =TRUNC(E42*D42, 0) -> 698 | G42: =TRUNC(일위대가목록!F33,0) -> 2484 | H42: =TRUNC(G42*D42, 0) -> 2484 | I42: =TRUNC(일위대가목록!G33,0) -> 986 | J42: =TRUNC(I42*D42, 0) -> 986 | K42: =TRUNC(E42+G42+I42, 0) -> 4168 | L42: =TRUNC(F42+H42+J42, 0) -> 4168 | M42: 호표 30
A43: 기계터파기/보통토사/5M이하(용수) | B43: TypeⅠ(일반) | C43: M3 | D43: 1 | E43: =TRUNC(일위대가목록!E34,0) -> 602 | F43: =TRUNC(E43*D43, 0) -> 602 | G43: =TRUNC(일위대가목록!F34,0) -> 1121 | H43: =TRUNC(G43*D43, 0) -> 1121 | I43: =TRUNC(일위대가목록!G34,0) -> 562 | J43: =TRUNC(I43*D43, 0) -> 562 | K43: =TRUNC(E43+G43+I43, 0) -> 2285 | L43: =TRUNC(F43+H43+J43, 0) -> 2285 | M43: 호표 31
A44: 기계터파기/보통토사/5M이하(용수) | B44: TypeⅡ(지장물, 가시설등) | C44: M3 | D44: 1 | E44: =TRUNC(일위대가목록!E35,0) -> 806 | F44: =TRUNC(E44*D44, 0) -> 806 | G44: =TRUNC(일위대가목록!F35,0) -> 1499 | H44: =TRUNC(G44*D44, 0) -> 1499 | I44: =TRUNC(일위대가목록!G35,0) -> 752 | J44: =TRUNC(I44*D44, 0) -> 752 | K44: =TRUNC(E44+G44+I44, 0) -> 3057 | L44: =TRUNC(F44+H44+J44, 0) -> 3057 | M44: 호표 32
A45: 기계터파기/보통토사/5M이하(용수) | B45: TypeⅢ(측구 터파기등) | C45: M3 | D45: 1 | E45: =TRUNC(일위대가목록!E36,0) -> 931 | F45: =TRUNC(E45*D45, 0) -> 931 | G45: =TRUNC(일위대가목록!F36,0) -> 3311 | H45: =TRUNC(G45*D45, 0) -> 3311 | I45: =TRUNC(일위대가목록!G36,0) -> 1314 | J45: =TRUNC(I45*D45, 0) -> 1314 | K45: =TRUNC(E45+G45+I45, 0) -> 5556 | L45: =TRUNC(F45+H45+J45, 0) -> 5556 | M45: 호표 33
A46: 기계터파기/보통토사/5M초과(육상) | B46: TypeⅠ(일반) | C46: M3 | D46: 1 | E46: =TRUNC(일위대가목록!E37,0) -> 498 | F46: =TRUNC(E46*D46, 0) -> 498 | G46: =TRUNC(일위대가목록!F37,0) -> 926 | H46: =TRUNC(G46*D46, 0) -> 926 | I46: =TRUNC(일위대가목록!G37,0) -> 465 | J46: =TRUNC(I46*D46, 0) -> 465 | K46: =TRUNC(E46+G46+I46, 0) -> 1889 | L46: =TRUNC(F46+H46+J46, 0) -> 1889 | M46: 호표 34
A47: 기계터파기/보통토사/5M초과(육상) | B47: TypeⅡ(지장물, 가시설등) | C47: M3 | D47: 1 | E47: =TRUNC(일위대가목록!E38,0) -> 663 | F47: =TRUNC(E47*D47, 0) -> 663 | G47: =TRUNC(일위대가목록!F38,0) -> 1233 | H47: =TRUNC(G47*D47, 0) -> 1233 | I47: =TRUNC(일위대가목록!G38,0) -> 619 | J47: =TRUNC(I47*D47, 0) -> 619 | K47: =TRUNC(E47+G47+I47, 0) -> 2515 | L47: =TRUNC(F47+H47+J47, 0) -> 2515 | M47: 호표 35
A48: 기계터파기/보통토사/5M초과(육상) | B48: TypeⅢ(측구 터파기등) | C48: M3 | D48: 1 | E48: =TRUNC(일위대가목록!E39,0) -> 768 | F48: =TRUNC(E48*D48, 0) -> 768 | G48: =TRUNC(일위대가목록!F39,0) -> 2732 | H48: =TRUNC(G48*D48, 0) -> 2732 | I48: =TRUNC(일위대가목록!G39,0) -> 1084 | J48: =TRUNC(I48*D48, 0) -> 1084 | K48: =TRUNC(E48+G48+I48, 0) -> 4584 | L48: =TRUNC(F48+H48+J48, 0) -> 4584 | M48: 호표 36
A49: 기계터파기/보통토사/5M초과(용수) | B49: TypeⅠ(일반) | C49: M3 | D49: 1 | E49: =TRUNC(일위대가목록!E40,0) -> 663 | F49: =TRUNC(E49*D49, 0) -> 663 | G49: =TRUNC(일위대가목록!F40,0) -> 1233 | H49: =TRUNC(G49*D49, 0) -> 1233 | I49: =TRUNC(일위대가목록!G40,0) -> 619 | J49: =TRUNC(I49*D49, 0) -> 619 | K49: =TRUNC(E49+G49+I49, 0) -> 2515 | L49: =TRUNC(F49+H49+J49, 0) -> 2515 | M49: 호표 37
A50: 기계터파기/보통토사/5M초과(용수) | B50: TypeⅡ(지장물, 가시설등) | C50: M3 | D50: 1 | E50: =TRUNC(일위대가목록!E41,0) -> 885 | F50: =TRUNC(E50*D50, 0) -> 885 | G50: =TRUNC(일위대가목록!F41,0) -> 1646 | H50: =TRUNC(G50*D50, 0) -> 1646 | I50: =TRUNC(일위대가목록!G41,0) -> 826 | J50: =TRUNC(I50*D50, 0) -> 826 | K50: =TRUNC(E50+G50+I50, 0) -> 3357 | L50: =TRUNC(F50+H50+J50, 0) -> 3357 | M50: 호표 38
A51: 기계터파기/보통토사/5M초과(용수) | B51: TypeⅢ(측구 터파기등) | C51: M3 | D51: 1 | E51: =TRUNC(일위대가목록!E42,0) -> 1024 | F51: =TRUNC(E51*D51, 0) -> 1024 | G51: =TRUNC(일위대가목록!F42,0) -> 3641 | H51: =TRUNC(G51*D51, 0) -> 3641 | I51: =TRUNC(일위대가목록!G42,0) -> 1445 | J51: =TRUNC(I51*D51, 0) -> 1445 | K51: =TRUNC(E51+G51+I51, 0) -> 6110 | L51: =TRUNC(F51+H51+J51, 0) -> 6110 | M51: 호표 39
... A79: 기계터파기/경암(용수) | B79: TypeⅡ(지장물, 가시설등) | C79: M3 | D79: 1 | E79: =TRUNC(일위대가목록!E70,0) -> 30602 | F79: =TRUNC(E79*D79, 0) -> 30602 | G79: =TRUNC(일위대가목록!F70,0) -> 44973 | H79: =TRUNC(G79*D79, 0) -> 44973 | I79: =TRUNC(일위대가목록!G70,0) -> 37002 | J79: =TRUNC(I79*D79, 0) -> 37002 | K79: =TRUNC(E79+G79+I79, 0) -> 112577 | L79: =TRUNC(F79+H79+J79, 0) -> 112577 | M79: 호표 67
A80: (☞ 흙쌓기)---------- | E80: =TRUNC(단가대비표!O199,0) -> 0 | F80: =TRUNC(E80*D80, 0) -> 0 | G80: =TRUNC(단가대비표!P199,0) -> 0 | H80: =TRUNC(G80*D80, 0) -> 0 | I80: =TRUNC(단가대비표!V199,0) -> 0 | J80: =TRUNC(I80*D80, 0) -> 0 | K80: =TRUNC(E80+G80+I80, 0) -> 0 | L80: =TRUNC(F80+H80+J80, 0) -> 0
A81: 흙쌓기(다짐) | B81: 다짐두께 30CM | C81: M3 | D81: 1 | E81: =TRUNC(일위대가목록!E71,0) -> 576 | F81: =TRUNC(E81*D81, 0) -> 576 | G81: =TRUNC(일위대가목록!F71,0) -> 1602 | H81: =TRUNC(G81*D81, 0) -> 1602 | I81: =TRUNC(일위대가목록!G71,0) -> 741 | J81: =TRUNC(I81*D81, 0) -> 741 | K81: =TRUNC(E81+G81+I81, 0) -> 2919 | L81: =TRUNC(F81+H81+J81, 0) -> 2919 | M81: 호표 68
A82: 흙쌓기(다짐) | B82: 다짐두께 20CM | C82: M3 | D82: 1 | E82: =TRUNC(일위대가목록!E72,0) -> 861 | F82: =TRUNC(E82*D82, 0) -> 861 | G82: =TRUNC(일위대가목록!F72,0) -> 2394 | H82: =TRUNC(G82*D82, 0) -> 2394 | I82: =TRUNC(일위대가목록!G72,0) -> 1107 | J82: =TRUNC(I82*D82, 0) -> 1107 | K82: =TRUNC(E82+G82+I82, 0) -> 4362 | L82: =TRUNC(F82+H82+J82, 0) -> 4362 | M82: 호표 69
A83: 흙쌓기(비다짐) | B83: 비다짐 | C83: M3 | D83: 1 | E83: =TRUNC(일위대가목록!E73,0) -> 395 | F83: =TRUNC(E83*D83, 0) -> 395 | G83: =TRUNC(일위대가목록!F73,0) -> 362 | H83: =TRUNC(G83*D83, 0) -> 362 | I83: =TRUNC(일위대가목록!G73,0) -> 293 | J83: =TRUNC(I83*D83, 0) -> 293 | K83: =TRUNC(E83+G83+I83, 0) -> 1050 | L83: =TRUNC(F83+H83+J83, 0) -> 1050 | M83: 호표 70
A84: (☞ 암쌓기)----- | E84: =TRUNC(단가대비표!O200,0) -> 0 | F84: =TRUNC(E84*D84, 0) -> 0 | G84: =TRUNC(단가대비표!P200,0) -> 0 | H84: =TRUNC(G84*D84, 0) -> 0 | I84: =TRUNC(단가대비표!V200,0) -> 0 | J84: =TRUNC(I84*D84, 0) -> 0 | K84: =TRUNC(E84+G84+I84, 0) -> 0 | L84: =TRUNC(F84+H84+J84, 0) -> 0
A85: 암쌓기 | B85: 두께 60cm 기준 | C85: M3 | D85: 1 | E85: =TRUNC(일위대가목록!E74,0) -> 839 | F85: =TRUNC(E85*D85, 0) -> 839 | G85: =TRUNC(일위대가목록!F74,0) -> 1189 | H85: =TRUNC(G85*D85, 0) -> 1189 | I85: =TRUNC(일위대가목록!G74,0) -> 808 | J85: =TRUNC(I85*D85, 0) -> 808 | K85: =TRUNC(E85+G85+I85, 0) -> 2836 | L85: =TRUNC(F85+H85+J85, 0) -> 2836 | M85: 호표 71
A86: (☞ 흙 다지기)----- | E86: =TRUNC(단가대비표!O201,0) -> 0 | F86: =TRUNC(E86*D86, 0) -> 0 | G86: =TRUNC(단가대비표!P201,0) -> 0 | H86: =TRUNC(G86*D86, 0) -> 0 | I86: =TRUNC(단가대비표!V201,0) -> 0 | J86: =TRUNC(I86*D86, 0) -> 0 | K86: =TRUNC(E86+G86+I86, 0) -> 0 | L86: =TRUNC(F86+H86+J86, 0) -> 0
A87: 흙 다지기/플레이트콤팩터 | B87: 토사, 성토두께 15cm | C87: M3 | D87: 1 | E87: =TRUNC(일위대가목록!E75,0) -> 784 | F87: =TRUNC(E87*D87, 0) -> 784 | G87: =TRUNC(일위대가목록!F75,0) -> 22298 | H87: =TRUNC(G87*D87, 0) -> 22298 | I87: =TRUNC(일위대가목록!G75,0) -> 275 | J87: =TRUNC(I87*D87, 0) -> 275 | K87: =TRUNC(E87+G87+I87, 0) -> 23357 | L87: =TRUNC(F87+H87+J87, 0) -> 23357 | M87: 호표 72
A88: 흙 다지기/플레이트콤팩터 | B88: 토사, 성토두께 30cm | C88: M3 | D88: 1 | E88: =TRUNC(일위대가목록!E76,0) -> 588 | F88: =TRUNC(E88*D88, 0) -> 588 | G88: =TRUNC(일위대가목록!F76,0) -> 16723 | H88: =TRUNC(G88*D88, 0) -> 16723 | I88: =TRUNC(일위대가목록!G76,0) -> 206 | J88: =TRUNC(I88*D88, 0) -> 206 | K88: =TRUNC(E88+G88+I88, 0) -> 17517 | L88: =TRUNC(F88+H88+J88, 0) -> 17517 | M88: 호표 73
A89: 흙 다지기/플레이트콤팩터 | B89: 점토, 성토두께 15cm | C89: M3 | D89: 1 | E89: =TRUNC(일위대가목록!E77,0) -> 1284 | F89: =TRUNC(E89*D89, 0) -> 1284 | G89: =TRUNC(일위대가목록!F77,0) -> 36235 | H89: =TRUNC(G89*D89, 0) -> 36235 | I89: =TRUNC(일위대가목록!G77,0) -> 450 | J89: =TRUNC(I89*D89, 0) -> 450 | K89: =TRUNC(E89+G89+I89, 0) -> 37969 | L89: =TRUNC(F89+H89+J89, 0) -> 37969 | M89: 호표 74
A90: 흙 다지기/플레이트콤팩터 | B90: 점토, 성토두께 30cm | C90: M3 | D90: 1 | E90: =TRUNC(일위대가목록!E78,0) -> 941 | F90: =TRUNC(E90*D90, 0) -> 941 | G90: =TRUNC(일위대가목록!F78,0) -> 26678 | H90: =TRUNC(G90*D90, 0) -> 26678 | I90: =TRUNC(일위대가목록!G78,0) -> 330 | J90: =TRUNC(I90*D90, 0) -> 330 | K90: =TRUNC(E90+G90+I90, 0) -> 27949 | L90: =TRUNC(F90+H90+J90, 0) -> 27949 | M90: 호표 75
A91: 흙 다지기/래머 | B91: 토사, 성토두께 15cm | C91: M3 | D91: 1 | E91: =TRUNC(일위대가목록!E79,0) -> 647 | F91: =TRUNC(E91*D91, 0) -> 647 | G91: =TRUNC(일위대가목록!F79,0) -> 28271 | H91: =TRUNC(G91*D91, 0) -> 28271 | I91: =TRUNC(일위대가목록!G79,0) -> 299 | J91: =TRUNC(I91*D91, 0) -> 299 | K91: =TRUNC(E91+G91+I91, 0) -> 29217 | L91: =TRUNC(F91+H91+J91, 0) -> 29217 | M91: 호표 76
A92: 흙 다지기/래머 | B92: 토사, 성토두께 30cm | C92: M3 | D92: 1 | E92: =TRUNC(일위대가목록!E80,0) -> 453 | F92: =TRUNC(E92*D92, 0) -> 453 | G92: =TRUNC(일위대가목록!F80,0) -> 19909 | H92: =TRUNC(G92*D92, 0) -> 19909 | I92: =TRUNC(일위대가목록!G80,0) -> 210 | J92: =TRUNC(I92*D92, 0) -> 210 | K92: =TRUNC(E92+G92+I92, 0) -> 20572 | L92: =TRUNC(F92+H92+J92, 0) -> 20572 | M92: 호표 77
A93: 흙 다지기/래머 | B93: 점토, 성토두께 15cm | C93: M3 | D93: 1 | E93: =TRUNC(일위대가목록!E81,0) -> 1009 | F93: =TRUNC(E93*D93, 0) -> 1009 | G93: =TRUNC(일위대가목록!F81,0) -> 43800 | H93: =TRUNC(G93*D93, 0) -> 43800 | I93: =TRUNC(일위대가목록!G81,0) -> 467 | J93: =TRUNC(I93*D93, 0) -> 467 | K93: =TRUNC(E93+G93+I93, 0) -> 45276 | L93: =TRUNC(F93+H93+J93, 0) -> 45276 | M93: 호표 78
A94: 흙 다지기/래머 | B94: 점토, 성토두께 30cm | C94: M3 | D94: 1 | E94: =TRUNC(일위대가목록!E82,0) -> 697 | F94: =TRUNC(E94*D94, 0) -> 697 | G94: =TRUNC(일위대가목록!F82,0) -> 30660 | H94: =TRUNC(G94*D94, 0) -> 30660 | I94: =TRUNC(일위대가목록!G82,0) -> 322 | J94: =TRUNC(I94*D94, 0) -> 322 | K94: =TRUNC(E94+G94+I94, 0) -> 31679 | L94: =TRUNC(F94+H94+J94, 0) -> 31679 | M94: 호표 79
A95: 뒤채움 및 다짐 | B95: 소형장비 | C95: M3 | D95: 1 | E95: =TRUNC(일위대가목록!E83,0) -> 1414 | F95: =TRUNC(E95*D95, 0) -> 1414 | G95: =TRUNC(일위대가목록!F83,0) -> 9726 | H95: =TRUNC(G95*D95, 0) -> 9726 | I95: =TRUNC(일위대가목록!G83,0) -> 1514 | J95: =TRUNC(I95*D95, 0) -> 1514 | K95: =TRUNC(E95+G95+I95, 0) -> 12654 | L95: =TRUNC(F95+H95+J95, 0) -> 12654 | M95: 호표 80
A96: 뒤채움 및 다짐 | B96: 대형장비 | C96: M3 | D96: 1 | E96: =TRUNC(일위대가목록!E84,0) -> 1694 | F96: =TRUNC(E96*D96, 0) -> 1694 | G96: =TRUNC(일위대가목록!F84,0) -> 6166 | H96: =TRUNC(G96*D96, 0) -> 6166 | I96: =TRUNC(일위대가목록!G84,0) -> 1825 | J96: =TRUNC(I96*D96, 0) -> 1825 | K96: =TRUNC(E96+G96+I96, 0) -> 9685 | L96: =TRUNC(F96+H96+J96, 0) -> 9685 | M96: 호표 81
A97: 되메우기 및 다짐 | B97: 소형장비 | C97: M3 | D97: 1 | E97: =TRUNC(일위대가목록!E85,0) -> 1196 | F97: =TRUNC(E97*D97, 0) -> 1196 | G97: =TRUNC(일위대가목록!F85,0) -> 8228 | H97: =TRUNC(G97*D97, 0) -> 8228 | I97: =TRUNC(일위대가목록!G85,0) -> 1281 | J97: =TRUNC(I97*D97, 0) -> 1281 | K97: =TRUNC(E97+G97+I97, 0) -> 10705 | L97: =TRUNC(F97+H97+J97, 0) -> 10705 | M97: 호표 82
A98: 되메우기 및 다짐 | B98: 대형장비 | C98: M3 | D98: 1 | E98: =TRUNC(일위대가목록!E86,0) -> 1461 | F98: =TRUNC(E98*D98, 0) -> 1461 | G98: =TRUNC(일위대가목록!F86,0) -> 5298 | H98: =TRUNC(G98*D98, 0) -> 5298 | I98: =TRUNC(일위대가목록!G86,0) -> 1574 | J98: =TRUNC(I98*D98, 0) -> 1574 | K98: =TRUNC(E98+G98+I98, 0) -> 8333 | L98: =TRUNC(F98+H98+J98, 0) -> 8333 | M98: 호표 83
A99: (☞ 기초지정)----- | E99: =TRUNC(단가대비표!O202,0) -> 0 | F99: =TRUNC(E99*D99, 0) -> 0 | G99: =TRUNC(단가대비표!P202,0) -> 0 | H99: =TRUNC(G99*D99, 0) -> 0 | I99: =TRUNC(단가대비표!V202,0) -> 0 | J99: =TRUNC(I99*D99, 0) -> 0 | K99: =TRUNC(E99+G99+I99, 0) -> 0 | L99: =TRUNC(F99+H99+J99, 0) -> 0
A100: 기초 지정 | B100: 모래지정 | C100: M3 | D100: 1 | E100: =TRUNC(일위대가목록!E87,0) -> 715 | F100: =TRUNC(E100*D100, 0) -> 715 | G100: =TRUNC(일위대가목록!F87,0) -> 7914 | H100: =TRUNC(G100*D100, 0) -> 7914 | I100: =TRUNC(일위대가목록!G87,0) -> 1053 | J100: =TRUNC(I100*D100, 0) -> 1053 | K100: =TRUNC(E100+G100+I100, 0) -> 9682 | L100: =TRUNC(F100+H100+J100, 0) -> 9682 | M100: 호표 84
A101: 기초 지정 | B101: 자갈지정 | C101: M3 | D101: 1 | E101: =TRUNC(일위대가목록!E88,0) -> 910 | F101: =TRUNC(E101*D101, 0) -> 910 | G101: =TRUNC(일위대가목록!F88,0) -> 8703 | H101: =TRUNC(G101*D101, 0) -> 8703 | I101: =TRUNC(일위대가목록!G88,0) -> 1267 | J101: =TRUNC(I101*D101, 0) -> 1267 | K101: =TRUNC(E101+G101+I101, 0) -> 10880 | L101: =TRUNC(F101+H101+J101, 0) -> 10880 | M101: 호표 85
A102: 기초 지정 | B102: 잡석지정 | C102: M3 | D102: 1 | E102: =TRUNC(일위대가목록!E89,0) -> 1013 | F102: =TRUNC(E102*D102, 0) -> 1013 | G102: =TRUNC(일위대가목록!F89,0) -> 9632 | H102: =TRUNC(G102*D102, 0) -> 9632 | I102: =TRUNC(일위대가목록!G89,0) -> 1409 | J102: =TRUNC(I102*D102, 0) -> 1409 | K102: =TRUNC(E102+G102+I102, 0) -> 12054 | L102: =TRUNC(F102+H102+J102, 0) -> 12054 | M102: 호표 86
A103: (☞ 절토부대공)----- | E103: =TRUNC(단가대비표!O203,0) -> 0 | F103: =TRUNC(E103*D103, 0) -> 0 | G103: =TRUNC(단가대비표!P203,0) -> 0 | H103: =TRUNC(G103*D103, 0) -> 0 | I103: =TRUNC(단가대비표!V203,0) -> 0 | J103: =TRUNC(I103*D103, 0) -> 0 | K103: =TRUNC(E103+G103+I103, 0) -> 0 | L103: =TRUNC(F103+H103+J103, 0) -> 0
A104: 절토면 고르기 | B104: 모래, 사질토, 점토, 점질토 | C104: M2 | D104: 1 | E104: =TRUNC(일위대가목록!E90,0) -> 650 | F104: =TRUNC(E104*D104, 0) -> 650 | G104: =TRUNC(일위대가목록!F90,0) -> 1209 | H104: =TRUNC(G104*D104, 0) -> 1209 | I104: =TRUNC(일위대가목록!G90,0) -> 607 | J104: =TRUNC(I104*D104, 0) -> 607 | K104: =TRUNC(E104+G104+I104, 0) -> 2466 | L104: =TRUNC(F104+H104+J104, 0) -> 2466 | M104: 호표 87
A105: 절토면 고르기 | B105: 연질토, 부순자갈 | C105: M2 | D105: 1 | E105: =TRUNC(일위대가목록!E91,0) -> 1015 | F105: =TRUNC(E105*D105, 0) -> 1015 | G105: =TRUNC(일위대가목록!F91,0) -> 1888 | H105: =TRUNC(G105*D105, 0) -> 1888 | I105: =TRUNC(일위대가목록!G91,0) -> 947 | J105: =TRUNC(I105*D105, 0) -> 947 | K105: =TRUNC(E105+G105+I105, 0) -> 3850 | L105: =TRUNC(F105+H105+J105, 0) -> 3850 | M105: 호표 88
A106: 절토면 고르기 | B106: 호박돌섞인고결토, 경질토 | C106: M2 | D106: 1 | E106: =TRUNC(일위대가목록!E92,0) -> 1104 | F106: =TRUNC(E106*D106, 0) -> 1104 | G106: =TRUNC(일위대가목록!F92,0) -> 2053 | H106: =TRUNC(G106*D106, 0) -> 2053 | I106: =TRUNC(일위대가목록!G92,0) -> 1114 | J106: =TRUNC(I106*D106, 0) -> 1114 | K106: =TRUNC(E106+G106+I106, 0) -> 4271 | L106: =TRUNC(F106+H106+J106, 0) -> 4271 | M106: 호표 89
A107: 절토면 고르기 | B107: 풍화암 | C107: M2 | D107: 1 | E107: =TRUNC(일위대가목록!E93,0) -> 2116 | F107: =TRUNC(E107*D107, 0) -> 2116 | G107: =TRUNC(일위대가목록!F93,0) -> 3936 | H107: =TRUNC(G107*D107, 0) -> 3936 | I107: =TRUNC(일위대가목록!G93,0) -> 2136 | J107: =TRUNC(I107*D107, 0) -> 2136 | K107: =TRUNC(E107+G107+I107, 0) -> 8188 | L107: =TRUNC(F107+H107+J107, 0) -> 8188 | M107: 호표 90
A108: 절토면 고르기 | B108: 연암 | C108: M2 | D108: 1 | E108: =TRUNC(일위대가목록!E94,0) -> 3173 | F108: =TRUNC(E108*D108, 0) -> 3173 | G108: =TRUNC(일위대가목록!F94,0) -> 5902 | H108: =TRUNC(G108*D108, 0) -> 5902 | I108: =TRUNC(일위대가목록!G94,0) -> 4856 | J108: =TRUNC(I108*D108, 0) -> 4856 | K108: =TRUNC(E108+G108+I108, 0) -> 13931 | L108: =TRUNC(F108+H108+J108, 0) -> 13931 | M108: 호표 91
A109: 절토면 고르기 | B109: 보통암, 경암 | C109: M2 | D109: 1 | E109: =TRUNC(일위대가목록!E95,0) -> 4220 | F109: =TRUNC(E109*D109, 0) -> 4220 | G109: =TRUNC(일위대가목록!F95,0) -> 7849 | H109: =TRUNC(G109*D109, 0) -> 7849 | I109: =TRUNC(일위대가목록!G95,0) -> 6458 | J109: =TRUNC(I109*D109, 0) -> 6458 | K109: =TRUNC(E109+G109+I109, 0) -> 18527 | L109: =TRUNC(F109+H109+J109, 0) -> 18527 | M109: 호표 92
A110: 성토면 고르기 | B110: 점토, 점질토, 모래, 사질토 | C110: M2 | D110: 1 | E110: =TRUNC(일위대가목록!E96,0) -> 125 | F110: =TRUNC(E110*D110, 0) -> 125 | G110: =TRUNC(일위대가목록!F96,0) -> 445 | H110: =TRUNC(G110*D110, 0) -> 445 | I110: =TRUNC(일위대가목록!G96,0) -> 176 | J110: =TRUNC(I110*D110, 0) -> 176 | K110: =TRUNC(E110+G110+I110, 0) -> 746 | L110: =TRUNC(F110+H110+J110, 0) -> 746 | M110: 호표 93
A111: (☞ 성토부대공)----- | E111: =TRUNC(단가대비표!O204,0) -> 0 | F111: =TRUNC(E111*D111, 0) -> 0 | G111: =TRUNC(단가대비표!P204,0) -> 0 | H111: =TRUNC(G111*D111, 0) -> 0 | I111: =TRUNC(단가대비표!V204,0) -> 0 | J111: =TRUNC(I111*D111, 0) -> 0 | K111: =TRUNC(E111+G111+I111, 0) -> 0 | L111: =TRUNC(F111+H111+J111, 0) -> 0
A112: 식재면 고르기 | C112: M2 | D112: 1 | E112: =TRUNC(일위대가목록!E97,0) -> 0 | F112: =TRUNC(E112*D112, 0) -> 0 | G112: =TRUNC(일위대가목록!F97,0) -> 1643 | H112: =TRUNC(G112*D112, 0) -> 1643 | I112: =TRUNC(일위대가목록!G97,0) -> 0 | J112: =TRUNC(I112*D112, 0) -> 0 | K112: =TRUNC(E112+G112+I112, 0) -> 1643 | L112: =TRUNC(F112+H112+J112, 0) -> 1643 | M112: 호표 94
A113: (☞ 비탈면보호공)----- | E113: =TRUNC(단가대비표!O310,0) -> 0 | F113: =TRUNC(E113*D113, 0) -> 0 | G113: =TRUNC(단가대비표!P310,0) -> 0 | H113: =TRUNC(G113*D113, 0) -> 0 | I113: =TRUNC(단가대비표!V310,0) -> 0 | J113: =TRUNC(I113*D113, 0) -> 0 | K113: =TRUNC(E113+G113+I113, 0) -> 0 | L113: =TRUNC(F113+H113+J113, 0) -> 0
A114: 비탈면 보호공/프리캐스트 콘크리트 블록 | B114: 인력, 비탈경사 1:1.5 이상 | C114: 10M2 | D114: 1 | E114: =TRUNC(일위대가목록!E98,0) -> 0 | F114: =TRUNC(E114*D114, 0) -> 0 | G114: =TRUNC(일위대가목록!F98,0) -> 358723 | H114: =TRUNC(G114*D114, 0) -> 358723 | I114: =TRUNC(일위대가목록!G98,0) -> 0 | J114: =TRUNC(I114*D114, 0) -> 0 | K114: =TRUNC(E114+G114+I114, 0) -> 358723 | L114: =TRUNC(F114+H114+J114, 0) -> 358723 | M114: 호표 95
A115: 비탈면 보호공/프리캐스트 콘크리트 블록 | B115: 인력, 비탈경사 1:1.0∼1.5 미만 | C115: 10M2 | D115: 1 | E115: =TRUNC(일위대가목록!E99,0) -> 0 | F115: =TRUNC(E115*D115, 0) -> 0 | G115: =TRUNC(일위대가목록!F99,0) -> 403444 | H115: =TRUNC(G115*D115, 0) -> 403444 | I115: =TRUNC(일위대가목록!G99,0) -> 0 | J115: =TRUNC(I115*D115, 0) -> 0 | K115: =TRUNC(E115+G115+I115, 0) -> 403444 | L115: =TRUNC(F115+H115+J115, 0) -> 403444 | M115: 호표 96
A116: 비탈면 보호공/프리캐스트 콘크리트 블록 | B116: 인력, 비탈경사 1:1.0 미만 | C116: 10M2 | D116: 1 | E116: =TRUNC(일위대가목록!E100,0) -> 0 | F116: =TRUNC(E116*D116, 0) -> 0 | G116: =TRUNC(일위대가목록!F100,0) -> 440245 | H116: =TRUNC(G116*D116, 0) -> 440245 | I116: =TRUNC(일위대가목록!G100,0) -> 0 | J116: =TRUNC(I116*D116, 0) -> 0 | K116: =TRUNC(E116+G116+I116, 0) -> 440245 | L116: =TRUNC(F116+H116+J116, 0) -> 440245 | M116: 호표 97
A117: 비탈면 보호공/프리캐스트 콘크리트 블록 | B117: 기계, 비탈경사 1:1.5 이상 | C117: 10M2 | D117: 1 | E117: =TRUNC(일위대가목록!E101,0) -> 17002 | F117: =TRUNC(E117*D117, 0) -> 17002 | G117: =TRUNC(일위대가목록!F101,0) -> 309464 | H117: =TRUNC(G117*D117, 0) -> 309464 | I117: =TRUNC(일위대가목록!G101,0) -> 83920 | J117: =TRUNC(I117*D117, 0) -> 83920 | K117: =TRUNC(E117+G117+I117, 0) -> 410386 | L117: =TRUNC(F117+H117+J117, 0) -> 410386 | M117: 호표 98
A118: 비탈면 보호공/프리캐스트 콘크리트 블록 | B118: 기계, 비탈경사 1:1.0∼1.5 미만 | C118: 10M2 | D118: 1 | E118: =TRUNC(일위대가목록!E102,0) -> 18345 | F118: =TRUNC(E118*D118, 0) -> 18345 | G118: =TRUNC(일위대가목록!F102,0) -> 333684 | H118: =TRUNC(G118*D118, 0) -> 333684 | I118: =TRUNC(일위대가목록!G102,0) -> 90544 | J118: =TRUNC(I118*D118, 0) -> 90544 | K118: =TRUNC(E118+G118+I118, 0) -> 442573 | L118: =TRUNC(F118+H118+J118, 0) -> 442573 | M118: 호표 99
A119: 비탈면 보호공/프리캐스트 콘크리트 블록 | B119: 기계, 비탈경사 1:1.0 미만 | C119: 10M2 | D119: 1 | E119: =TRUNC(일위대가목록!E103,0) -> 19922 | F119: =TRUNC(E119*D119, 0) -> 19922 | G119: =TRUNC(일위대가목록!F103,0) -> 362286 | H119: =TRUNC(G119*D119, 0) -> 362286 | I119: =TRUNC(일위대가목록!G103,0) -> 98330 | J119: =TRUNC(I119*D119, 0) -> 98330 | K119: =TRUNC(E119+G119+I119, 0) -> 480538 | L119: =TRUNC(F119+H119+J119, 0) -> 480538 | M119: 호표 100
A120: (☞ 비탈면 보호공)----- | E120: =TRUNC(단가대비표!O205,0) -> 0 | F120: =TRUNC(E120*D120, 0) -> 0 | G120: =TRUNC(단가대비표!P205,0) -> 0 | H120: =TRUNC(G120*D120, 0) -> 0 | I120: =TRUNC(단가대비표!V205,0) -> 0 | J120: =TRUNC(I120*D120, 0) -> 0 | K120: =TRUNC(E120+G120+I120, 0) -> 0 | L120: =TRUNC(F120+H120+J120, 0) -> 0
A121: 부착망 설치(20m 미만) | B121: 뿜어붙이기 두께 10cm 이하 | C121: 10M2 | D121: 1 | E121: =TRUNC(일위대가목록!E104,0) -> 84185 | F121: =TRUNC(E121*D121, 0) -> 84185 | G121: =TRUNC(일위대가목록!F104,0) -> 78041 | H121: =TRUNC(G121*D121, 0) -> 78041 | I121: =TRUNC(일위대가목록!G104,0) -> 8747 | J121: =TRUNC(I121*D121, 0) -> 8747 | K121: =TRUNC(E121+G121+I121, 0) -> 170973 | L121: =TRUNC(F121+H121+J121, 0) -> 170973 | M121: 호표 101
A122: 식생기반제 뿜어붙이기 | B122: 기계기구 설치 | C122: 회 | D122: 1 | E122: =TRUNC(일위대가목록!E105,0) -> 32656 | F122: =TRUNC(E122*D122, 0) -> 32656 | G122: =TRUNC(일위대가목록!F105,0) -> 737390 | H122: =TRUNC(G122*D122, 0) -> 737390 | I122: =TRUNC(일위대가목록!G105,0) -> 44468 | J122: =TRUNC(I122*D122, 0) -> 44468 | K122: =TRUNC(E122+G122+I122, 0) -> 814514 | L122: =TRUNC(F122+H122+J122, 0) -> 814514 | M122: 호표 102
A123: 식생기반제 뿜어붙이기(20m 미만) | B123: T=5cm(식생재료 별도) | C123: 10M2 | D123: 1 | E123: =TRUNC(일위대가목록!E106,0) -> 26152 | F123: =TRUNC(E123*D123, 0) -> 26152 | G123: =TRUNC(일위대가목록!F106,0) -> 117604 | H123: =TRUNC(G123*D123, 0) -> 117604 | I123: =TRUNC(일위대가목록!G106,0) -> 24011 | J123: =TRUNC(I123*D123, 0) -> 24011 | K123: =TRUNC(E123+G123+I123, 0) -> 167767 | L123: =TRUNC(F123+H123+J123, 0) -> 167767 | M123: 호표 103
A124: 식생기반제 뿜어붙이기(20m 미만) | B124: T=7cm(식생재료 별도) | C124: 10M2 | D124: 1 | E124: =TRUNC(일위대가목록!E107,0) -> 32691 | F124: =TRUNC(E124*D124, 0) -> 32691 | G124: =TRUNC(일위대가목록!F107,0) -> 147005 | H124: =TRUNC(G124*D124, 0) -> 147005 | I124: =TRUNC(일위대가목록!G107,0) -> 30014 | J124: =TRUNC(I124*D124, 0) -> 30014 | K124: =TRUNC(E124+G124+I124, 0) -> 209710 | L124: =TRUNC(F124+H124+J124, 0) -> 209710 | M124: 호표 104
A125: 식생기반제 뿜어붙이기(20m 미만) | B125: T=10cm(식생재료 별도) | C125: 10M2 | D125: 1 | E125: =TRUNC(일위대가목록!E108,0) -> 46699 | F125: =TRUNC(E125*D125, 0) -> 46699 | G125: =TRUNC(일위대가목록!F108,0) -> 210005 | H125: =TRUNC(G125*D125, 0) -> 210005 | I125: =TRUNC(일위대가목록!G108,0) -> 42876 | J125: =TRUNC(I125*D125, 0) -> 42876 | K125: =TRUNC(E125+G125+I125, 0) -> 299580 | L125: =TRUNC(F125+H125+J125, 0) -> 299580 | M125: 호표 105
A126: 비탈면 보강공 | B126: 장비조립 및 해체 | C126: 회 | D126: 1 | E126: =TRUNC(일위대가목록!E109,0) -> 65312 | F126: =TRUNC(E126*D126, 0) -> 65312 | G126: =TRUNC(일위대가목록!F109,0) -> 1140550 | H126: =TRUNC(G126*D126, 0) -> 1140550 | I126: =TRUNC(일위대가목록!G109,0) -> 88936 | J126: =TRUNC(I126*D126, 0) -> 88936 | K126: =TRUNC(E126+G126+I126, 0) -> 1294798 | L126: =TRUNC(F126+H126+J126, 0) -> 1294798 | M126: 호표 106
A127: 비탈면보강 천공 및 보강재 삽입 | B127: 토사 / 크레인작업 | C127: M | D127: 1 | E127: =TRUNC(일위대가목록!E110,0) -> 11598 | F127: =TRUNC(E127*D127, 0) -> 11598 | G127: =TRUNC(일위대가목록!F110,0) -> 65743 | H127: =TRUNC(G127*D127, 0) -> 65743 | I127: =TRUNC(일위대가목록!G110,0) -> 7644 | J127: =TRUNC(I127*D127, 0) -> 7644 | K127: =TRUNC(E127+G127+I127, 0) -> 84985 | L127: =TRUNC(F127+H127+J127, 0) -> 84985 | M127: 호표 107
...

Sheet 일위대가목록
B1: 일 위 대 가 목 록
B2: 2026년 상반기 충청남도교육청 건설공사 일위대가(토목, 조경)
A3: 코 드 | B3: 품 명 | C3: 규 격 | D3: 단위 | E3: 재 료 비 | F3: 노 무 비 | G3: 경 비 | H3: 합 계 | I3: 번 호 | J3: 비 고 | K3: 노임계수 | L3: 할증 | M3: 품셈개요 | N3: 장비일위
A4: 5045818DECA91619EE86466C5BBC0B | B4: 사각지대 충돌방지장치 설치 및 해체 | D4: 개당 | E4: =일위대가!F8 -> 0 | F4: =일위대가!H8 -> 127366 | G4: =일위대가!J8 -> 1273 | H4: =E4+F4+G4 -> 128639 | I4: 호표 1 | M4: 공통 2-9-12
A5: 5045818DECA91619EE86088A54191A | B5: 박스형 간이흙막이 설치 및 해체 | C5: H=3.0M 이하, 개당 길이=3.0M 이하, 폭=2.0M 이하 | D5: 개 | E5: =일위대가!F14 -> 4286 | F5: =일위대가!H14 -> 61706 | G5: =일위대가!J14 -> 6186 | H5: =E5+F5+G5 -> 72178 | I5: 호표 2 | M5: 공통 2-10-4
A6: 5045818DECA91619EE8608B758F7D2 | B6: 박스형 간이흙막이 설치 및 해체 | C6: H=4.0M 이하, 개당 길이=3.0M 이하, 폭=2.0M 이하 | D6: 개 | E6: =일위대가!F20 -> 7254 | F6: =일위대가!H20 -> 91657 | G6: =일위대가!J20 -> 10469 | H6: =E6+F6+G6 -> 109380 | I6: 호표 3 | M6: 공통 2-10-4
A7: 5045818DECA91619EE86191453A5A3 | B7: 조립식 간이흙막이 설치 및 해체 | C7: H=3.0M 이하 | D7: M | E7: =일위대가!F26 -> 7584 | F7: =일위대가!H26 -> 77905 | G7: =일위대가!J26 -> 10945 | H7: =E7+F7+G7 -> 96434 | I7: 호표 4 | M7: 공통 2-10-5
A8: 5045818DECA91619EE8619265A4F85 | B8: 조립식 간이흙막이 설치 및 해체 | C8: H=4.0M 이하 | D8: M | E8: =일위대가!F32 -> 14839 | F8: =일위대가!H32 -> 125321 | G8: =일위대가!J32 -> 21415 | H8: =E8+F8+G8 -> 161575 | I8: 호표 5 | M8: 공통 2-10-5
A9: 5045818DECA91619EE8619265B55D0 | B9: 조립식 간이흙막이 설치 및 해체 | C9: H=5.0M 이하 | D9: M | E9: =일위대가!F38 -> 24402 | F9: =일위대가!H38 -> 189930 | G9: =일위대가!J38 -> 35216 | H9: =E9+F9+G9 -> 249548 | I9: 호표 6 | M9: 공통 2-10-5
A10: 5045818DECA91619EE861926588171 | B10: 조립식 간이흙막이 설치 및 해체 | C10: H=6.0M 이하 | D10: M | E10: =일위대가!F44 -> 36273 | F10: =일위대가!H44 -> 276256 | G10: =일위대가!J44 -> 52349 | H10: =E10+F10+G10 -> 364878 | I10: 호표 7 | M10: 공통 2-10-5
A11: 5045818DECA9C719807643395AAFFA | B11: 비탈면 보양 | C11: 보양재(천막 등) | D11: M2 | E11: =일위대가!F49 -> 0 | F11: =일위대가!H49 -> 6243 | G11: =일위대가!J49 -> 0 | H11: =E11+F11+G11 -> 6243 | I11: 호표 8 | M11: 공통 2-10-6
A12: 5045D1864FC2EC19280E22735F2D9E | B12: 인력굴착(토사) / 보통토사 | C12: H=1m 이하(구조물터파기, 흙깍기) | D12: M3 | E12: =일위대가!F53 -> 0 | F12: =일위대가!H53 -> 63314 | G12: =일위대가!J53 -> 0 | H12: =E12+F12+G12 -> 63314 | I12: 호표 9 | M12: 공통 3-2-1
A13: 5045D1864FC2EC19280E2261565648 | B13: 인력굴착(토사) / 경질토사 | C13: H=1m 이하(구조물터파기, 흙깍기) | D13: M3 | E13: =일위대가!F57 -> 0 | F13: =일위대가!H57 -> 83665 | G13: =일위대가!J57 -> 0 | H13: =E13+F13+G13 -> 83665 | I13: 호표 10 | M13: 공통 3-2-1
A14: 5045D1864FC2EC19280E2257519AD2 | B14: 인력굴착(토사) / 고사점토 및 자갈섞인토사 | C14: H=1m 이하(구조물터파기, 흙깍기) | D14: M3 | E14: =일위대가!F61 -> 0 | F14: =일위대가!H61 -> 101754 | G14: =일위대가!J61 -> 0 | H14: =E14+F14+G14 -> 101754 | I14: 호표 11 | M14: 공통 3-2-1
A15: 5045D1864FC2EC19280E22465B4F85 | B15: 인력굴착(토사) / 호박돌섞인토사 | C15: H=1m 이하(구조물터파기, 흙깍기) | D15: M3 | E15: =일위대가!F65 -> 0 | F15: =일위대가!H65 -> 187681 | G15: =일위대가!J65 -> 0 | H15: =E15+F15+G15 -> 187681 | I15: 호표 12 | M15: 공통 3-2-1
A16: 5045D1864FC2EC19282AF9545D306C | B16: 잔토처리 | C16: 인력 (현장 내 소운반 깔고 고르기) | D16: M3 | E16: =일위대가!F69 -> 0 | F16: =일위대가!H69 -> 34413 | G16: =일위대가!J69 -> 0 | H16: =E16+F16+G16 -> 34413 | I16: 호표 13 | M16: 공통 3-2-1 [비고]
A17: 5045D1864FFE3619F43278E951E883 | B17: 인력굴착 / 풍화암 | C17: 10m3 미만, 소형브레이커 | D17: M3 | E17: =일위대가!F77 -> 5651 | F17: =일위대가!H77 -> 118597 | G17: =일위대가!J77 -> 1669 | H17: =E17+F17+G17 -> 125917 | I17: 호표 14 | M17: 공통 3-2-2
A18: 5045D1864FFE3619F43278D85AF6CB | B18: 인력굴착 / 연 암 | C18: 10m3 미만, 소형브레이커 | D18: M3 | E18: =일위대가!F85 -> 8700 | F18: =일위대가!H85 -> 155609 | G18: =일위대가!J85 -> 2505 | H18: =E18+F18+G18 -> 166814 | I18: 호표 15 | M18: 공통 3-2-2
A19: 5045D1864FFE3619F43278CE530C9B | B19: 인력굴착 / 보통암 | C19: 10m3 미만, 소형브레이커 | D19: M3 | E19: =일위대가!F93 -> 11072 | F19: =일위대가!H93 -> 214249 | G19: =일위대가!J93 -> 3280 | H19: =E19+F19+G19 -> 228601 | I19: 호표 16 | M19: 공통 3-2-2
A20: 5045D1864FFE3619F43278BD5C1BEB | B20: 인력굴착 / 경 암 | C20: 10m3 미만, 소형브레이커 | D20: M3 | E20: =일위대가!F101 -> 17770 | F20: =일위대가!H101 -> 348219 | G20: =일위대가!J101 -> 5277 | H20: =E20+F20+G20 -> 371266 | I20: 호표 17 | M20: 공통 3-2-2
A21: 5045D186585AED19C1DF5367529FE9 | B21: 흙깎기/보통토사 | C21: 소규모 | D21: M3 | E21: =일위대가!F105 -> 818 | F21: =일위대가!H105 -> 1522 | G21: =일위대가!J105 -> 764 | H21: =E21+F21+G21 -> 3104 | I21: 호표 18 | M21: 공통 3-2-3,가
A22: 5045D186585AED19C1DF537159093B | B22: 흙깎기/혼합토사 | C22: 소규모 | D22: M3 | E22: =일위대가!F110 -> 1104 | F22: =일위대가!H110 -> 2053 | G22: =일위대가!J110 -> 1114 | H22: =E22+F22+G22 -> 4271 | I22: 호표 19 | M22: 공통 3-2-3,나
A23: 5045D186585AED19C1CEEC4D5A5D47 | B23: 흙깎기/보통토사 | C23: 중규모 | D23: M3 | E23: =일위대가!F114 -> 553 | F23: =일위대가!H114 -> 843 | G23: =일위대가!J114 -> 513 | H23: =E23+F23+G23 -> 1909 | I23: 호표 20 | M23: 공통 3-2-3,가
A24: 5045D186585AED19C1CEEC5E514F1E | B24: 흙깎기/혼합토사 | C24: 중규모 | D24: M3 | E24: =일위대가!F119 -> 793 | F24: =일위대가!H119 -> 1209 | G24: =일위대가!J119 -> 790 | H24: =E24+F24+G24 -> 2792 | I24: 호표 21 | M24: 공통 3-2-3,나
A25: 5045D186585AED19C1FA28BE58F9DD | B25: 흙깎기/보통토사 | C25: 대규모 | D25: M3 | E25: =일위대가!F123 -> 553 | F25: =일위대가!H123 -> 507 | G25: =일위대가!J123 -> 410 | H25: =E25+F25+G25 -> 1470 | I25: 호표 22 | M25: 공통 3-2-3,가
A26: 5045D186585AED19C1FA28AC51EE6D | B26: 흙깎기/혼합토사 | C26: 대규모 | D26: M3 | E26: =일위대가!F128 -> 804 | F26: =일위대가!H128 -> 737 | G26: =일위대가!J128 -> 639 | H26: =E26+F26+G26 -> 2180 | I26: 호표 23 | M26: 공통 3-2-3,나
A27: 5045D186586B42197AB2C0C253A0F9 | B27: 흙깎기/굴착기 | C27: 풍화암 | D27: M3 | E27: =일위대가!F134 -> 4051 | F27: =일위대가!H134 -> 7259 | G27: =일위대가!J134 -> 5972 | H27: =E27+F27+G27 -> 17282 | I27: 호표 24 | M27: 공통 3-2-3,다
A28: 5045D186586B42197AB2C0FF57DEFB | B28: 흙깎기/굴착기 | C28: 연암 | D28: M3 | E28: =일위대가!F140 -> 5462 | F28: =일위대가!H140 -> 9443 | G28: =일위대가!J140 -> 7769 | H28: =E28+F28+G28 -> 22674 | I28: 호표 25 | M28: 공통 3-2-3,다
A29: 5045D186586B42197AB2C0ED5034DA | B29: 흙깎기/굴착기 | C29: 보통암 | D29: M3 | E29: =일위대가!F146 -> 10080 | F29: =일위대가!H146 -> 15758 | G29: =일위대가!J146 -> 12965 | H29: =E29+F29+G29 -> 38803 | I29: 호표 26 | M29: 공통 3-2-3,다
A30: 5045D186586B42197AB2C0965ED54E | B30: 흙깎기/굴착기 | C30: 경암 | D30: M3 | E30: =일위대가!F152 -> 12851 | F30: =일위대가!H152 -> 18886 | G30: =일위대가!J152 -> 15539 | H30: =E30+F30+G30 -> 47276 | I30: 호표 27 | M30: 공통 3-2-3,다
A31: 5045D1864FC2B019E1A2314C5424AB | B31: 기계터파기/보통토사/5M이하(육상) | C31: TypeⅠ(일반) | D31: M3 | E31: =일위대가!F156 -> 453 | F31: =일위대가!H156 -> 843 | G31: =일위대가!J156 -> 423 | H31: =E31+F31+G31 -> 1719 | I31: 호표 28 | M31: 공통 3-2-4,가
A32: 5045D1864FC2B019E1A2314C54277F | B32: 기계터파기/보통토사/5M이하(육상) | C32: TypeⅡ(지장물, 가시설등) | D32: M3 | E32: =일위대가!F160 -> 602 | F32: =일위대가!H160 -> 1121 | G32: =일위대가!J160 -> 562 | H32: =E32+F32+G32 -> 2285 | I32: 호표 29 | M32: 공통 3-2-4,가
A33: 5045D1864FC2B019E1A2314C542659 | B33: 기계터파기/보통토사/5M이하(육상) | C33: TypeⅢ(측구 터파기등) | D33: M3 | E33: =일위대가!F164 -> 698 | F33: =일위대가!H164 -> 2484 | G33: =일위대가!J164 -> 986 | H33: =E33+F33+G33 -> 4168 | I33: 호표 30 | M33: 공통 3-2-4,가
A34: 5045D1864FC2B019E1A2314C5421D7 | B34: 기계터파기/보통토사/5M이하(용수) | C34: TypeⅠ(일반) | D34: M3 | E34: =일위대가!F168 -> 602 | F34: =일위대가!H168 -> 1121 | G34: =일위대가!J168 -> 562 | H34: =E34+F34+G34 -> 2285 | I34: 호표 31 | M34: 공통 3-2-4,가
A35: 5045D1864FC2B019E1A2314C542030 | B35: 기계터파기/보통토사/5M이하(용수) | C35: TypeⅡ(지장물, 가시설등) | D35: M3 | E35: =일위대가!F172 -> 806 | F35: =일위대가!H172 -> 1499 | G35: =일위대가!J172 -> 752 | H35: =E35+F35+G35 -> 3057 | I35: 호표 32 | M35: 공통 3-2-4,가
A36: 5045D1864FC2B019E1A2314C542384 | B36: 기계터파기/보통토사/5M이하(용수) | C36: TypeⅢ(측구 터파기등) | D36: M3 | E36: =일위대가!F176 -> 931 | F36: =일위대가!H176 -> 3311 | G36: =일위대가!J176 -> 1314 | H36: =E36+F36+G36 -> 5556 | I36: 호표 33 | M36: 공통 3-2-4,가
A37: 5045D1864FC2B019E1A2314C5150CC | B37: 기계터파기/보통토사/5M초과(육상) | C37: TypeⅠ(일반) | D37: M3 | E37: =일위대가!F180 -> 498 | F37: =일위대가!H180 -> 926 | G37: =일위대가!J180 -> 465 | H37: =E37+F37+G37 -> 1889 | I37: 호표 34 | M37: 공통 3-2-4,가
A38: 5045D1864FC2B019E1A2314C515381 | B38: 기계터파기/보통토사/5M초과(육상) | C38: TypeⅡ(지장물, 가시설등) | D38: M3 | E38: =일위대가!F184 -> 663 | F38: =일위대가!H184 -> 1233 | G38: =일위대가!J184 -> 619 | H38: =E38+F38+G38 -> 2515 | I38: 호표 35 | M38: 공통 3-2-4,가
A39: 5045D1864FC2B019E1A2314C5152FA | B39: 기계터파기/보통토사/5M초과(육상) | C39: TypeⅢ(측구 터파기등) | D39: M3 | E39: =일위대가!F188 -> 768 | F39: =일위대가!H188 -> 2732 | G39: =일위대가!J188 -> 1084 | H39: =E39+F39+G39 -> 4584 | I39: 호표 36 | M39: 공통 3-2-4,가
A40: 5045D1864FC2B019E1A2314C51554E | B40: 기계터파기/보통토사/5M초과(용수) | C40: TypeⅠ(일반) | D40: M3 | E40: =일위대가!F192 -> 663 | F40: =일위대가!H192 -> 1233 | G40: =일위대가!J192 -> 619 | H40: =E40+F40+G40 -> 2515 | I40: 호표 37 | M40: 공통 3-2-4,가
A41: 5045D1864FC2B019E1A2314C5154A7 | B41: 기계터파기/보통토사/5M초과(용수) | C41: TypeⅡ(지장물, 가시설등) | D41: M3 | E41: =일위대가!F196 -> 885 | F41: =일위대가!H196 -> 1646 | G41: =일위대가!J196 -> 826 | H41: =E41+F41+G41 -> 3357 | I41: 호표 38 | M41: 공통 3-2-4,가
A42: 5045D1864FC2B019E1A2314C51577C | B42: 기계터파기/보통토사/5M초과(용수) | C42: TypeⅢ(측구 터파기등) | D42: M3 | E42: =일위대가!F200 -> 1024 | F42: =일위대가!H200 -> 3641 | G42: =일위대가!J200 -> 1445 | H42: =E42+F42+G42 -> 6110 | I42: 호표 39 | M42: 공통 3-2-4,가
A43: 5045D1864FC2B019E1A205F757ADB6 | B43: 기계터파기/혼합토사/5M이하(육상) | C43: TypeⅠ(일반) | D43: M3 | E43: =일위대가!F205 -> 650 | F43: =일위대가!H205 -> 1209 | G43: =일위대가!J205 -> 656 | H43: =E43+F43+G43 -> 2515 | I43: 호표 40 | M43: 공통 3-2-4,나
A44: 5045D1864FC2B019E1A205F757AE5D | B44: 기계터파기/혼합토사/5M이하(육상) | C44: TypeⅡ(지장물, 가시설등) | D44: M3 | E44: =일위대가!F210 -> 847 | F44: =일위대가!H210 -> 1575 | G44: =일위대가!J210 -> 855 | H44: =E44+F44+G44 -> 3277 | I44: 호표 41 | M44: 공통 3-2-4,나
A45: 5045D1864FC2B019E1A205F757AF64 | B45: 기계터파기/혼합토사/5M이하(육상) | C45: TypeⅢ(측구 터파기등) | D45: M3 | E45: =일위대가!F215 -> 884 | F45: =일위대가!H215 -> 3145 | G45: =일위대가!J215 -> 1353 | H45: =E45+F45+G45 -> 5382 | I45: 호표 42 | M45: 공통 3-2-4,나
A46: 5045D1864FC2B019E1A205F757A834 | B46: 기계터파기/혼합토사/5M이하(용수) | C46: TypeⅠ(일반) | D46: M3 | E46: =일위대가!F220 -> 869 | F46: =일위대가!H220 -> 1617 | G46: =일위대가!J220 -> 877 | H46: =E46+F46+G46 -> 3363 | I46: 호표 43 | M46: 공통 3-2-4,나
A47: 5045D1864FC2B019E1A205F757A9DB | B47: 기계터파기/혼합토사/5M이하(용수) | C47: TypeⅡ(지장물, 가시설등) | D47: M3 | E47: =일위대가!F225 -> 1129 | F47: =일위대가!H225 -> 2101 | G47: =일위대가!J225 -> 1140 | H47: =E47+F47+G47 -> 4370 | I47: 호표 44 | M47: 공통 3-2-4,나
A48: 5045D1864FC2B019E1A205F757AAE2 | B48: 기계터파기/혼합토사/5M이하(용수) | C48: TypeⅢ(측구 터파기등) | D48: M3 | E48: =일위대가!F230 -> 1180 | F48: =일위대가!H230 -> 4196 | G48: =일위대가!J230 -> 1806 | H48: =E48+F48+G48 -> 7182 | I48: 호표 45 | M48: 공통 3-2-4,나
A49: 5045D1864FC2B019E1A205F7522A96 | B49: 기계터파기/혼합토사/5M초과(육상) | C49: TypeⅠ(일반) | D49: M3 | E49: =일위대가!F235 -> 714 | F49: =일위대가!H235 -> 1327 | G49: =일위대가!J235 -> 720 | H49: =E49+F49+G49 -> 2761 | I49: 호표 46 | M49: 공통 3-2-4,나
A50: 5045D1864FC2B019E1A205F752298F | B50: 기계터파기/혼합토사/5M초과(육상) | C50: TypeⅡ(지장물, 가시설등) | D50: M3 | E50: =일위대가!F240 -> 929 | F50: =일위대가!H240 -> 1729 | G50: =일위대가!J240 -> 938 | H50: =E50+F50+G50 -> 3596 | I50: 호표 47 | M50: 공통 3-2-4,나
A51: 5045D1864FC2B019E1A205F75228E8 | B51: 기계터파기/혼합토사/5M초과(육상) | C51: TypeⅢ(측구 터파기등) | D51: M3 | E51: =일위대가!F245 -> 972 | F51: =일위대가!H245 -> 3458 | G51: =일위대가!J245 -> 1488 | H51: =E51+F51+G51 -> 5918 | I51: 호표 48 | M51: 공통 3-2-4,나
A52: 5045D1864FC2B019E1A205F7522F18 | B52: 기계터파기/혼합토사/5M초과(용수) | C52: TypeⅠ(일반) | D52: M3 | E52: =일위대가!F250 -> 955 | F52: =일위대가!H250 -> 1776 | G52: =일위대가!J250 -> 963 | H52: =E52+F52+G52 -> 3694 | I52: 호표 49 | M52: 공통 3-2-4,나
A53: 5045D1864FC2B019E1A205F7522E71 | B53: 기계터파기/혼합토사/5M초과(용수) | C53: TypeⅡ(지장물, 가시설등) | D53: M3 | E53: =일위대가!F255 -> 1240 | F53: =일위대가!H255 -> 2307 | G53: =일위대가!J255 -> 1252 | H53: =E53+F53+G53 -> 4799 | I53: 호표 50 | M53: 공통 3-2-4,나
A54: 5045D1864FC2B019E1A205F7522D6A | B54: 기계터파기/혼합토사/5M초과(용수) | C54: TypeⅢ(측구 터파기등) | D54: M3 | E54: =일위대가!F260 -> 1296 | F54: =일위대가!H260 -> 4609 | G54: =일위대가!J260 -> 1984 | H54: =E54+F54+G54 -> 7889 | I54: 호표 51 | M54: 공통 3-2-4,나
A55: 5045D1864FFE621930BDB4ED5F4DA7 | B55: 기계터파기/풍화암(육상) | C55: TypeⅠ(일반) | D55: M3 | E55: =일위대가!F266 -> 6949 | F55: =일위대가!H266 -> 12453 | G55: =일위대가!J266 -> 10246 | H55: =E55+F55+G55 -> 29648 | I55: 호표 52 | M55: 공통 3-2-4,다
A56: 5045D1864FFE621930BDB4ED5F4E4E | B56: 기계터파기/풍화암(육상) | C56: TypeⅡ(지장물, 가시설등) | D56: M3 | E56: =일위대가!F272 -> 7542 | F56: =일위대가!H272 -> 13515 | G56: =일위대가!J272 -> 11120 | H56: =E56+F56+G56 -> 32177 | I56: 호표 53 | M56: 공통 3-2-4,다
A57: 5045D1864FFE621930BDB4ED5F4F54 | B57: 기계터파기/풍화암(용수) | C57: TypeⅠ(일반) | D57: M3 | E57: =일위대가!F278 -> 9255 | F57: =일위대가!H278 -> 16584 | G57: =일위대가!J278 -> 13645 | H57: =E57+F57+G57 -> 39484 | I57: 호표 54 | M57: 공통 3-2-4,다
A58: 5045D1864FFE621930BDB4ED5F4825 | B58: 기계터파기/풍화암(용수) | C58: TypeⅡ(지장물, 가시설등) | D58: M3 | E58: =일위대가!F284 -> 10046 | F58: =일위대가!H284 -> 18001 | G58: =일위대가!J284 -> 14356 | H58: =E58+F58+G58 -> 42403 | I58: 호표 55 | M58: 공통 3-2-4,다
A59: 5045D1864FFE621930BD8F9F59FAFE | B59: 기계터파기/연암(육상) | C59: TypeⅠ(일반) | D59: M3 | E59: =일위대가!F290 -> 9116 | F59: =일위대가!H290 -> 15758 | G59: =일위대가!J290 -> 12965 | H59: =E59+F59+G59 -> 37839 | I59: 호표 56 | M59: 공통 3-2-4,다
A60: 5045D1864FFE621930BD8F9F59F9D7 | B60: 기계터파기/연암(육상) | C60: TypeⅡ(지장물, 가시설등) | D60: M3 | E60: =일위대가!F296 -> 9764 | F60: =일위대가!H296 -> 16879 | G60: =일위대가!J296 -> 13888 | H60: =E60+F60+G60 -> 40531 | I60: 호표 57 | M60: 공통 3-2-4,다
A61: 5045D1864FFE621930BD8F9F59F831 | B61: 기계터파기/연암(용수) | C61: TypeⅠ(일반) | D61: M3 | E61: =일위대가!F302 -> 12154 | F61: =일위대가!H302 -> 21011 | G61: =일위대가!J302 -> 17287 | H61: =E61+F61+G61 -> 50452 | I61: 호표 58 | M61: 공통 3-2-4,다
A62: 5045D1864FFE621930BD8F9F59FF60 | B62: 기계터파기/연암(용수) | C62: TypeⅡ(지장물, 가시설등) | D62: M3 | E62: =일위대가!F308 -> 13008 | F62: =일위대가!H308 -> 22486 | G62: =일위대가!J308 -> 18501 | H62: =E62+F62+G62 -> 53995 | I62: 호표 59 | M62: 공통 3-2-4,다
A63: 5045D1864FFE621930BD98045B3B05 | B63: 기계터파기/보통암(육상) | C63: TypeⅠ(일반) | D63: M3 | E63: =일위대가!F314 -> 13742 | F63: =일위대가!H314 -> 21483 | G63: =일위대가!J314 -> 17675 | H63: =E63+F63+G63 -> 52900 | I63: 호표 60 | M63: 공통 3-2-4,다
A64: 5045D1864FFE621930BD98045B38B1 | B64: 기계터파기/보통암(육상) | C64: TypeⅡ(지장물, 가시설등) | D64: M3 | E64: =일위대가!F320 -> 15894 | F64: =일위대가!H320 -> 24847 | G64: =일위대가!J320 -> 20443 | H64: =E64+F64+G64 -> 61184 | I64: 호표 61 | M64: 공통 3-2-4,다
A65: 5045D1864FFE621930BD98045B3958 | B65: 기계터파기/보통암(용수) | C65: TypeⅠ(일반) | D65: M3 | E65: =일위대가!F326 -> 18310 | F65: =일위대가!H326 -> 28624 | G65: =일위대가!J326 -> 23551 | H65: =E65+F65+G65 -> 70485 | I65: 호표 62 | M65: 공통 3-2-4,다
A66: 5045D1864FFE621930BD98045B3ED9 | B66: 기계터파기/보통암(용수) | C66: TypeⅡ(지장물, 가시설등) | D66: M3 | E66: =일위대가!F332 -> 21179 | F66: =일위대가!H332 -> 33110 | G66: =일위대가!J332 -> 27242 | H66: =E66+F66+G66 -> 81531 | I66: 호표 63 | M66: 공통 3-2-4,다
A67: 5045D1864FFE621930BDE02856A3B8 | B67: 기계터파기/경암(육상) | C67: TypeⅠ(일반) | D67: M3 | E67: =일위대가!F338 -> 20080 | F67: =일위대가!H338 -> 29510 | G67: =일위대가!J338 -> 21704 | H67: =E67+F67+G67 -> 71294 | I67: 호표 64 | M67: 공통 3-2-4,다
A68: 5045D1864FFE621930BDE02856A0E4 | B68: 기계터파기/경암(육상) | C68: TypeⅡ(지장물, 가시설등) | D68: M3 | E68: =일위대가!F344 -> 22932 | F68: =일위대가!H344 -> 33700 | G68: =일위대가!J344 -> 27727 | H68: =E68+F68+G68 -> 84359 | I68: 호표 65 | M68: 공통 3-2-4,다
A69: 5045D1864FFE621930BDE02856A18B | B69: 기계터파기/경암(용수) | C69: TypeⅠ(일반) | D69: M3 | E69: =일위대가!F350 -> 26787 | F69: =일위대가!H350 -> 39366 | G69: =일위대가!J350 -> 32389 | H69: =E69+F69+G69 -> 98542 | I69: 호표 66 | M69: 공통 3-2-4,다
A70: 5045D1864FFE621930BDE02856A60D | B70: 기계터파기/경암(용수) | C70: TypeⅡ(지장물, 가시설등) | D70: M3 | E70: =일위대가!F356 -> 30602 | F70: =일위대가!H356 -> 44973 | G70: =일위대가!J356 -> 37002 | H70: =E70+F70+G70 -> 112577 | I70: 호표 67 | M70: 공통 3-2-4,다
A71: 5045D1866AA8AA19A12AF839578124 | B71: 흙쌓기(다짐) | C71: 다짐두께 30CM | D71: M3 | E71: =일위대가!F364 -> 576 | F71: =일위대가!H364 -> 1602 | G71: =일위대가!J364 -> 741 | H71: =E71+F71+G71 -> 2919 | I71: 호표 68 | M71: 공통 3-4-1,가
A72: 5045D1866AA8AA19A1188F965D22AA | B72: 흙쌓기(다짐) | C72: 다짐두께 20CM | D72: M3 | E72: =일위대가!F372 -> 861 | F72: =일위대가!H372 -> 2394 | G72: =일위대가!J372 -> 1107 | H72: =E72+F72+G72 -> 4362 | I72: 호표 69 | M72: 공통 3-4-1,가
A73: 5045D1866AA8AA19A10E214652D474 | B73: 흙쌓기(비다짐) | C73: 비다짐 | D73: M3 | E73: =일위대가!F376 -> 395 | F73: =일위대가!H376 -> 362 | G73: =일위대가!J376 -> 293 | H73: =E73+F73+G73 -> 1050 | I73: 호표 70 | M73: 공통 3-4-1,나
A74: 5045D186001E7D19D6826F1454E336 | B74: 암쌓기 | C74: 두께 60cm 기준 | D74: M3 | E74: =일위대가!F383 -> 839 | F74: =일위대가!H383 -> 1189 | G74: =일위대가!J383 -> 808 | H74: =E74+F74+G74 -> 2836 | I74: 호표 71 | M74: 공통 3-4-2
A75: 5045D1868590D519C3E51BBF5EF5DD | B75: 흙 다지기/플레이트콤팩터 | C75: 토사, 성토두께 15cm | D75: M3 | E75: =일위대가!F390 -> 784 | F75: =일위대가!H390 -> 22298 | G75: =일위대가!J390 -> 275 | H75: =E75+F75+G75 -> 23357 | I75: 호표 72 | M75: 공통 3-4-3
A76: 5045D1868590D519C3E51BBF5CC240 | B76: 흙 다지기/플레이트콤팩터 | C76: 토사, 성토두께 30cm | D76: M3 | E76: =일위대가!F397 -> 588 | F76: =일위대가!H397 -> 16723 | G76: =일위대가!J397 -> 206 | H76: =E76+F76+G76 -> 17517 | I76: 호표 73 | M76: 공통 3-4-3
A77: 5045D1868590D519C3E5241A5B773A | B77: 흙 다지기/플레이트콤팩터 | C77: 점토, 성토두께 15cm | D77: M3 | E77: =일위대가!F404 -> 1284 | F77: =일위대가!H404 -> 36235 | G77: =일위대가!J404 -> 450 | H77: =E77+F77+G77 -> 37969 | I77: 호표 74 | M77: 공통 3-4-3
A78: 5045D1868590D519C3E5241A594544 | B78: 흙 다지기/플레이트콤팩터 | C78: 점토, 성토두께 30cm | D78: M3 | E78: =일위대가!F411 -> 941 | F78: =일위대가!H411 -> 26678 | G78: =일위대가!J411 -> 330 | H78: =E78+F78+G78 -> 27949 | I78: 호표 75 | M78: 공통 3-4-3
A79: 5045D1868590D519C3E5368B55D953 | B79: 흙 다지기/래머 | C79: 토사, 성토두께 15cm | D79: M3 | E79: =일위대가!F418 -> 647 | F79: =일위대가!H418 -> 28271 | G79: =일위대가!J418 -> 299 | H79: =E79+F79+G79 -> 29217 | I79: 호표 76 | M79: 공통 3-4-3
A80: 5045D1868590D519C3E5368B5789FC | B80: 흙 다지기/래머 | C80: 토사, 성토두께 30cm | D80: M3 | E80: =일위대가!F425 -> 453 | F80: =일위대가!H425 -> 19909 | G80: =일위대가!J425 -> 210 | H80: =E80+F80+G80 -> 20572 | I80: 호표 77 | M80: 공통 3-4-3
A81: 5045D1868590D519C3E540F35FC04E | B81: 흙 다지기/래머 | C81: 점토, 성토두께 15cm | D81: M3 | E81: =일위대가!F432 -> 1009 | F81: =일위대가!H432 -> 43800 | G81: =일위대가!J432 -> 467 | H81: =E81+F81+G81 -> 45276 | I81: 호표 78 | M81: 공통 3-4-3
A82: 5045D1868590D519C3E540F35D18BB | B82: 흙 다지기/래머 | C82: 점토, 성토두께 30cm | D82: M3 | E82: =일위대가!F439 -> 697 | F82: =일위대가!H439 -> 30660 | G82: =일위대가!J439 -> 322 | H82: =E82+F82+G82 -> 31679 | I82: 호표 79 | M82: 공통 3-4-3
A83: 5045D18685E8F5196B0A2B425B63D5 | B83: 뒤채움 및 다짐 | C83: 소형장비 | D83: M3 | E83: =일위대가!F448 -> 1414 | F83: =일위대가!H448 -> 9726 | G83: =일위대가!J448 -> 1514 | H83: =E83+F83+G83 -> 12654 | I83: 호표 80 | M83: 공통 3-4-4
A84: 5045D18685E8F5196B0A2B425B6001 | B84: 뒤채움 및 다짐 | C84: 대형장비 | D84: M3 | E84: =일위대가!F458 -> 1694 | F84: =일위대가!H458 -> 6166 | G84: =일위대가!J458 -> 1825 | H84: =E84+F84+G84 -> 9685 | I84: 호표 81 | M84: 공통 3-4-5
A85: 5045D18697E68A193A3086895C22DA | B85: 되메우기 및 다짐 | C85: 소형장비 | D85: M3 | E85: =일위대가!F467 -> 1196 | F85: =일위대가!H467 -> 8228 | G85: =일위대가!J467 -> 1281 | H85: =E85+F85+G85 -> 10705 | I85: 호표 82 | M85: 공통 3-4-6
A86: 5045D18697E68A193A3086895C2133 | B86: 되메우기 및 다짐 | C86: 대형장비 | D86: M3 | E86: =일위대가!F477 -> 1461 | F86: =일위대가!H477 -> 5298 | G86: =일위대가!J477 -> 1574 | H86: =E86+F86+G86 -> 8333 | I86: 호표 83 | M86: 공통 3-4-5
A87: 5045D18685E8F5196B0A2B425A592F | B87: 기초 지정 | C87: 모래지정 | D87: M3 | E87: =일위대가!F485 -> 715 | F87: =일위대가!H485 -> 7914 | G87: =일위대가!J485 -> 1053 | H87: =E87+F87+G87 -> 9682 | I87: 호표 84 | M87: 공통 3-4-8
A88: 5045D18685E8F5196B0A2B425A5A36 | B88: 기초 지정 | C88: 자갈지정 | D88: M3 | E88: =일위대가!F493 -> 910 | F88: =일위대가!H493 -> 8703 | G88: =일위대가!J493 -> 1267 | H88: =E88+F88+G88 -> 10880 | I88: 호표 85 | M88: 공통 3-4-8
A89: 5045D18685E8F5196B0A2B425A5BDD | B89: 기초 지정 | C89: 잡석지정 | D89: M3 | E89: =일위대가!F501 -> 1013 | F89: =일위대가!H501 -> 9632 | G89: =일위대가!J501 -> 1409 | H89: =E89+F89+G89 -> 12054 | I89: 호표 86 | M89: 공통 3-4-8
A90: 5045D1867B3A95196D6FBBBA55FC4E | B90: 절토면 고르기 | C90: 모래, 사질토, 점토, 점질토 | D90: M2 | E90: =일위대가!F505 -> 650 | F90: =일위대가!H505 -> 1209 | G90: =일위대가!J505 -> 607 | H90: =E90+F90+G90 -> 2466 | I90: 호표 87 | M90: 공통 3-5-1
A91: 5045D1867B3A95196D6FBBBA568300 | B91: 절토면 고르기 | C91: 연질토, 부순자갈 | D91: M2 | E91: =일위대가!F509 -> 1015 | F91: =일위대가!H509 -> 1888 | G91: =일위대가!J509 -> 947 | H91: =E91+F91+G91 -> 3850 | I91: 호표 88 | M91: 공통 3-5-1
A92: 5045D1867B3A95196D6FBBBA57A903 | B92: 절토면 고르기 | C92: 호박돌섞인고결토, 경질토 | D92: M2 | E92: =일위대가!F514 -> 1104 | F92: =일위대가!H514 -> 2053 | G92: =일위대가!J514 -> 1114 | H92: =E92+F92+G92 -> 4271 | I92: 호표 89 | M92: 공통 3-5-1
A93: 5045D1867B3A95196D6FBBA95CDD82 | B93: 절토면 고르기 | C93: 풍화암 | D93: M2 | E93: =일위대가!F519 -> 2116 | F93: =일위대가!H519 -> 3936 | G93: =일위대가!J519 -> 2136 | H93: =E93+F93+G93 -> 8188 | I93: 호표 90 | M93: 공통 3-5-1
A94: 5045D1867B3A95196D6FBBA95F9149 | B94: 절토면 고르기 | C94: 연암 | D94: M2 | E94: =일위대가!F524 -> 3173 | F94: =일위대가!H524 -> 5902 | G94: =일위대가!J524 -> 4856 | H94: =E94+F94+G94 -> 13931 | I94: 호표 91 | M94: 공통 3-5-1
A95: 5045D1867B3A95196D6FBBA95E8A57 | B95: 절토면 고르기 | C95: 보통암, 경암 | D95: M2 | E95: =일위대가!F529 -> 4220 | F95: =일위대가!H529 -> 7849 | G95: =일위대가!J529 -> 6458 | H95: =E95+F95+G95 -> 18527 | I95: 호표 92 | M95: 공통 3-5-1
A96: 5045D1868590D519C3F7694F582903 | B96: 성토면 고르기 | C96: 점토, 점질토, 모래, 사질토 | D96: M2 | E96: =일위대가!F533 -> 125 | F96: =일위대가!H533 -> 445 | G96: =일위대가!J533 -> 176 | H96: =E96+F96+G96 -> 746 | I96: 호표 93 | M96: 공통 3-6-1
A97: 5045D186A030E3194D125D795173EA | B97: 식재면 고르기 | D97: M2 | E97: =일위대가!F538 -> 0 | F97: =일위대가!H538 -> 1643 | G97: =일위대가!J538 -> 0 | H97: =E97+F97+G97 -> 1643 | I97: 호표 94 | M97: 공통 3-6-2
A98: 5045D186B297111938D4CA0252C63E | B98: 비탈면 보호공/프리캐스트 콘크리트 블록 | C98: 인력, 비탈경사 1:1.5 이상 | D98: 10M2 | E98: =일위대가!F543 -> 0 | F98: =일위대가!H543 -> 358723 | G98: =일위대가!J543 -> 0 | H98: =E98+F98+G98 -> 358723 | I98: 호표 95 | M98: 공통 3-7-1
A99: 5045D186B297111938D4CA0252C517 | B99: 비탈면 보호공/프리캐스트 콘크리트 블록 | C99: 인력, 비탈경사 1:1.0∼1.5 미만 | D99: 10M2 | E99: =일위대가!F548 -> 0 | F99: =일위대가!H548 -> 403444 | G99: =일위대가!J548 -> 0 | H99: =E99+F99+G99 -> 403444 | I99: 호표 96 | M99: 공통 3-7-1
A100: 5045D186B297111938D4CA0252C470 | B100: 비탈면 보호공/프리캐스트 콘크리트 블록 | C100: 인력, 비탈경사 1:1.0 미만 | D100: 10M2 | E100: =일위대가!F553 -> 0 | F100: =일위대가!H553 -> 440245 | G100: =일위대가!J553 -> 0 | H100: =E100+F100+G100 -> 440245 | I100: 호표 97 | M100: 공통 3-7-1
...

Sheet 일위대가
A1: 2026년 상반기 충청남도교육청 건설공사 일위대가(토목, 조경)
A2: 품 명 | B2: 규 격 | C2: 단위 | D2: 수량 | E2: 재 료 비 | G2: 노 무 비 | I2: 경 비 | K2: 합 계 | M2: 비 고 | N2: 일위대가 | O2: 품목코드 | P2: 일위 | Q2: 단산 | R2: 자재 | S2: 손료적용 | T2: 손료저장 | U2: 적용율 | V2: JUK1 | W2: JUK2 | X2: JUK3 | Y2: JUK4 | Z2: JUK5 | AA2: JUK6 | AB2: JUK7 | AC2: JUK8 | AD2: JUK9 | AE2: JUK10 | AF2: JUK11 | AG2: JUK12 | AH2: JUK13 | AI2: JUK14 | AJ2: JUK15 | AK2: JUK16 | AL2: JUK17 | AM2: JUK18 | AN2: JUK19 | AO2: JUK20 | AP2: 할증적용 | AQ2: 할증저장 | AR2: 할증율 | AS2: HAL1 | AT2: HAL2 | AU2: HAL3 | AV2: 자재구분 | AW2: 일위대가+자재 | AX2: 장비일위 | AY2: 설정 | AZ2: 할증체크
E3: 단 가 | F3: 금 액 | G3: 단 가 | H3: 금 액 | I3: 단 가 | J3: 금 액 | K3: 단 가 | L3: 금 액
A4: 사각지대 충돌방지장치 설치 및 해체 개당 공통 2-9-12 ( 호표 1 ) | N4: 5045818DECA91619EE86466C5BBC0B
A5: 중급기술자 | B5: 정보통신 | C5: 인 | D5: 0.25 | E5: =단가대비표!O192 -> 0 | F5: =TRUNC(E5*D5,1) -> 0 | G5: =단가대비표!P192 -> 283343 | H5: =TRUNC(G5*D5,1) -> 70835.7 | I5: =단가대비표!V192 -> 0 | J5: =TRUNC(I5*D5,1) -> 0 | K5: =TRUNC(E5+G5+I5,1) -> 283343 | L5: =TRUNC(F5+H5+J5,1) -> 70835.7 | N5: 5045818DECA91619EE86466C5BBC0B | O5: 50B5818C1C385D19E433E26852D8A50E7567BE | P5: F | Q5: F | R5: T | V5: 1 | AW5: 5045818DECA91619EE86466C5BBC0B50B5818C1C385D19E433E26852D8A50E7567BE
A6: 특별인부 | B6: 일반공사 직종 | C6: 인 | D6: 0.25 | E6: =단가대비표!O165 -> 0 | F6: =TRUNC(E6*D6,1) -> 0 | G6: =단가대비표!P165 -> 226122 | H6: =TRUNC(G6*D6,1) -> 56530.5 | I6: =단가대비표!V165 -> 0 | J6: =TRUNC(I6*D6,1) -> 0 | K6: =TRUNC(E6+G6+I6,1) -> 226122 | L6: =TRUNC(F6+H6+J6,1) -> 56530.5 | N6: 5045818DECA91619EE86466C5BBC0B | O6: 50B5818C1C385D19DBC67C675F9ED6AF0EFAAF | P6: F | Q6: F | R6: T | V6: 1 | AW6: 5045818DECA91619EE86466C5BBC0B50B5818C1C385D19DBC67C675F9ED6AF0EFAAF
A7: 공구손료 및 경장비의 기계경비 | B7: 인력품의 1% | C7: 식 | D7: 1 | E7: 0 | F7: =TRUNC(E7*D7,1) -> 0 | G7: 0 | H7: =TRUNC(G7*D7,1) -> 0 | I7: =TRUNC(SUMIF(V5:V7, RIGHTB(O7, 1), H5:H7)*U7, 2) -> 1273.66 | J7: =TRUNC(I7*D7,1) -> 1273.6 | K7: =TRUNC(E7+G7+I7,1) -> 1273.6 | L7: =TRUNC(F7+H7+J7,1) -> 1273.6 | N7: 5045818DECA91619EE86466C5BBC0B | O7: 51769183174AB519D74B12C15769001 | P7: F | Q7: F | R7: F | S7: 1 | T7: 2 | U7: 0.01 | AW7: 5045818DECA91619EE86466C5BBC0B51769183174AB519D74B12C15769001
A8: [ 합 계 ] | F8: =TRUNC(SUMIF(N5:N7, N4, F5:F7),0) -> 0 | H8: =TRUNC(SUMIF(N5:N7, N4, H5:H7),0) -> 127366 | J8: =TRUNC(SUMIF(N5:N7, N4, J5:J7),0) -> 1273 | L8: =F8+H8+J8 -> 128639 | N8: TOTAL | O8: TOTAL
A10: 박스형 간이흙막이 설치 및 해체 H=3.0M 이하, 개당 길이=3.0M 이하, 폭=2.0M 이하 개 공통 2-10-4 ( 호표 2 ) | N10: 5045818DECA91619EE86088A54191A
A11: 특별인부 | B11: 일반공사 직종 | C11: 인 | D11: 0.17 | E11: =단가대비표!O165 -> 0 | F11: =TRUNC(E11*D11,1) -> 0 | G11: =단가대비표!P165 -> 226122 | H11: =TRUNC(G11*D11,1) -> 38440.7 | I11: =단가대비표!V165 -> 0 | J11: =TRUNC(I11*D11,1) -> 0 | K11: =TRUNC(E11+G11+I11,1) -> 226122 | L11: =TRUNC(F11+H11+J11,1) -> 38440.7 | N11: 5045818DECA91619EE86088A54191A | O11: 50B5818C1C385D19DBC67C675F9ED6AF0EFAAF | P11: F | Q11: F | R11: T | AW11: 5045818DECA91619EE86088A54191A50B5818C1C385D19DBC67C675F9ED6AF0EFAAF
A12: 보통인부 | B12: 일반공사 직종 | C12: 인 | D12: 0.06 | E12: =단가대비표!O164 -> 0 | F12: =TRUNC(E12*D12,1) -> 0 | G12: =단가대비표!P164 -> 172068 | H12: =TRUNC(G12*D12,1) -> 10324 | I12: =단가대비표!V164 -> 0 | J12: =TRUNC(I12*D12,1) -> 0 | K12: =TRUNC(E12+G12+I12,1) -> 172068 | L12: =TRUNC(F12+H12+J12,1) -> 10324 | N12: 5045818DECA91619EE86088A54191A | O12: 50B5818C1C385D19DBC67C675F9ED6AF0EFAAE | P12: F | Q12: F | R12: T | AW12: 5045818DECA91619EE86088A54191A50B5818C1C385D19DBC67C675F9ED6AF0EFAAE
A13: 트럭탑재형 크레인 | B13: 10ton | C13: HR | D13: 0.26 | E13: =일위대가목록!E308 -> 16488 | F13: =TRUNC(E13*D13,1) -> 4286.8 | G13: =일위대가목록!F308 -> 49778 | H13: =TRUNC(G13*D13,1) -> 12942.2 | I13: =일위대가목록!G308 -> 23795 | J13: =TRUNC(I13*D13,1) -> 6186.7 | K13: =TRUNC(E13+G13+I13,1) -> 90061 | L13: =TRUNC(F13+H13+J13,1) -> 23415.7 | M13: 호표 305 | N13: 5045818DECA91619EE86088A54191A | O13: 577F118D8878DD199FF2D86D5B20720393AEBD59 | P13: T | Q13: F | R13: F | AW13: 5045818DECA91619EE86088A54191A577F118D8878DD199FF2D86D5B20720393AEBD59
A14: [ 합 계 ] | F14: =TRUNC(SUMIF(N11:N13, N10, F11:F13),0) -> 4286 | H14: =TRUNC(SUMIF(N11:N13, N10, H11:H13),0) -> 61706 | J14: =TRUNC(SUMIF(N11:N13, N10, J11:J13),0) -> 6186 | L14: =F14+H14+J14 -> 72178 | N14: TOTAL | O14: TOTAL
A16: 박스형 간이흙막이 설치 및 해체 H=4.0M 이하, 개당 길이=3.0M 이하, 폭=2.0M 이하 개 공통 2-10-4 ( 호표 3 ) | N16: 5045818DECA91619EE8608B758F7D2
A17: 특별인부 | B17: 일반공사 직종 | C17: 인 | D17: 0.24 | E17: =단가대비표!O165 -> 0 | F17: =TRUNC(E17*D17,1) -> 0 | G17: =단가대비표!P165 -> 226122 | H17: =TRUNC(G17*D17,1) -> 54269.2 | I17: =단가대비표!V165 -> 0 | J17: =TRUNC(I17*D17,1) -> 0 | K17: =TRUNC(E17+G17+I17,1) -> 226122 | L17: =TRUNC(F17+H17+J17,1) -> 54269.2 | N17: 5045818DECA91619EE8608B758F7D2 | O17: 50B5818C1C385D19DBC67C675F9ED6AF0EFAAF | P17: F | Q17: F | R17: T | AW17: 5045818DECA91619EE8608B758F7D250B5818C1C385D19DBC67C675F9ED6AF0EFAAF
A18: 보통인부 | B18: 일반공사 직종 | C18: 인 | D18: 0.09 | E18: =단가대비표!O164 -> 0 | F18: =TRUNC(E18*D18,1) -> 0 | G18: =단가대비표!P164 -> 172068 | H18: =TRUNC(G18*D18,1) -> 15486.1 | I18: =단가대비표!V164 -> 0 | J18: =TRUNC(I18*D18,1) -> 0 | K18: =TRUNC(E18+G18+I18,1) -> 172068 | L18: =TRUNC(F18+H18+J18,1) -> 15486.1 | N18: 5045818DECA91619EE8608B758F7D2 | O18: 50B5818C1C385D19DBC67C675F9ED6AF0EFAAE | P18: F | Q18: F | R18: T | AW18: 5045818DECA91619EE8608B758F7D250B5818C1C385D19DBC67C675F9ED6AF0EFAAE
A19: 트럭탑재형 크레인 | B19: 10ton | C19: HR | D19: 0.44 | E19: =일위대가목록!E308 -> 16488 | F19: =TRUNC(E19*D19,1) -> 7254.7 | G19: =일위대가목록!F308 -> 49778 | H19: =TRUNC(G19*D19,1) -> 21902.3 | I19: =일위대가목록!G308 -> 23795 | J19: =TRUNC(I19*D19,1) -> 10469.8 | K19: =TRUNC(E19+G19+I19,1) -> 90061 | L19: =TRUNC(F19+H19+J19,1) -> 39626.8 | M19: 호표 305 | N19: 5045818DECA91619EE8608B758F7D2 | O19: 577F118D8878DD199FF2D86D5B20720393AEBD59 | P19: T | Q19: F | R19: F | AW19: 5045818DECA91619EE8608B758F7D2577F118D8878DD199FF2D86D5B20720393AEBD59
A20: [ 합 계 ] | F20: =TRUNC(SUMIF(N17:N19, N16, F17:F19),0) -> 7254 | H20: =TRUNC(SUMIF(N17:N19, N16, H17:H19),0) -> 91657 | J20: =TRUNC(SUMIF(N17:N19, N16, J17:J19),0) -> 10469 | L20: =F20+H20+J20 -> 109380 | N20: TOTAL | O20: TOTAL
A22: 조립식 간이흙막이 설치 및 해체 H=3.0M 이하 M 공통 2-10-5 ( 호표 4 ) | N22: 5045818DECA91619EE86191453A5A3
A23: 특별인부 | B23: 일반공사 직종 | C23: 인 | D23: 0.19 | E23: =단가대비표!O165 -> 0 | F23: =TRUNC(E23*D23,1) -> 0 | G23: =단가대비표!P165 -> 226122 | H23: =TRUNC(G23*D23,1) -> 42963.1 | I23: =단가대비표!V165 -> 0 | J23: =TRUNC(I23*D23,1) -> 0 | K23: =TRUNC(E23+G23+I23,1) -> 226122 | L23: =TRUNC(F23+H23+J23,1) -> 42963.1 | N23: 5045818DECA91619EE86191453A5A3 | O23: 50B5818C1C385D19DBC67C675F9ED6AF0EFAAF | P23: F | Q23: F | R23: T | AW23: 5045818DECA91619EE86191453A5A350B5818C1C385D19DBC67C675F9ED6AF0EFAAF
A24: 보통인부 | B24: 일반공사 직종 | C24: 인 | D24: 0.07 | E24: =단가대비표!O164 -> 0 | F24: =TRUNC(E24*D24,1) -> 0 | G24: =단가대비표!P164 -> 172068 | H24: =TRUNC(G24*D24,1) -> 12044.7 | I24: =단가대비표!V164 -> 0 | J24: =TRUNC(I24*D24,1) -> 0 | K24: =TRUNC(E24+G24+I24,1) -> 172068 | L24: =TRUNC(F24+H24+J24,1) -> 12044.7 | N24: 5045818DECA91619EE86191453A5A3 | O24: 50B5818C1C385D19DBC67C675F9ED6AF0EFAAE | P24: F | Q24: F | R24: T | AW24: 5045818DECA91619EE86191453A5A350B5818C1C385D19DBC67C675F9ED6AF0EFAAE
A25: 트럭탑재형 크레인 | B25: 10ton | C25: HR | D25: 0.46 | E25: =일위대가목록!E308 -> 16488 | F25: =TRUNC(E25*D25,1) -> 7584.4 | G25: =일위대가목록!F308 -> 49778 | H25: =TRUNC(G25*D25,1) -> 22897.8 | I25: =일위대가목록!G308 -> 23795 | J25: =TRUNC(I25*D25,1) -> 10945.7 | K25: =TRUNC(E25+G25+I25,1) -> 90061 | L25: =TRUNC(F25+H25+J25,1) -> 41427.9 | M25: 호표 305 | N25: 5045818DECA91619EE86191453A5A3 | O25: 577F118D8878DD199FF2D86D5B20720393AEBD59 | P25: T | Q25: F | R25: F | AW25: 5045818DECA91619EE86191453A5A3577F118D8878DD199FF2D86D5B20720393AEBD59
A26: [ 합 계 ] | F26: =TRUNC(SUMIF(N23:N25, N22, F23:F25),0) -> 7584 | H26: =TRUNC(SUMIF(N23:N25, N22, H23:H25),0) -> 77905 | J26: =TRUNC(SUMIF(N23:N25, N22, J23:J25),0) -> 10945 | L26: =F26+H26+J26 -> 96434 | N26: TOTAL | O26: TOTAL
A28: 조립식 간이흙막이 설치 및 해체 H=4.0M 이하 M 공통 2-10-5 ( 호표 5 ) | N28: 5045818DECA91619EE8619265A4F85
A29: 특별인부 | B29: 일반공사 직종 | C29: 인 | D29: 0.28 | E29: =단가대비표!O165 -> 0 | F29: =TRUNC(E29*D29,1) -> 0 | G29: =단가대비표!P165 -> 226122 | H29: =TRUNC(G29*D29,1) -> 63314.1 | I29: =단가대비표!V165 -> 0 | J29: =TRUNC(I29*D29,1) -> 0 | K29: =TRUNC(E29+G29+I29,1) -> 226122 | L29: =TRUNC(F29+H29+J29,1) -> 63314.1 | N29: 5045818DECA91619EE8619265A4F85 | O29: 50B5818C1C385D19DBC67C675F9ED6AF0EFAAF | P29: F | Q29: F | R29: T | AW29: 5045818DECA91619EE8619265A4F8550B5818C1C385D19DBC67C675F9ED6AF0EFAAF
A30: 보통인부 | B30: 일반공사 직종 | C30: 인 | D30: 0.1 | E30: =단가대비표!O164 -> 0 | F30: =TRUNC(E30*D30,1) -> 0 | G30: =단가대비표!P164 -> 172068 | H30: =TRUNC(G30*D30,1) -> 17206.8 | I30: =단가대비표!V164 -> 0 | J30: =TRUNC(I30*D30,1) -> 0 | K30: =TRUNC(E30+G30+I30,1) -> 172068 | L30: =TRUNC(F30+H30+J30,1) -> 17206.8 | N30: 5045818DECA91619EE8619265A4F85 | O30: 50B5818C1C385D19DBC67C675F9ED6AF0EFAAE | P30: F | Q30: F | R30: T | AW30: 5045818DECA91619EE8619265A4F8550B5818C1C385D19DBC67C675F9ED6AF0EFAAE
A31: 트럭탑재형 크레인 | B31: 10ton | C31: HR | D31: 0.9 | E31: =일위대가목록!E308 -> 16488 | F31: =TRUNC(E31*D31,1) -> 14839.2 | G31: =일위대가목록!F308 -> 49778 | H31: =TRUNC(G31*D31,1) -> 44800.2 | I31: =일위대가목록!G308 -> 23795 | J31: =TRUNC(I31*D31,1) -> 21415.5 | K31: =TRUNC(E31+G31+I31,1) -> 90061 | L31: =TRUNC(F31+H31+J31,1) -> 81054.9 | M31: 호표 305 | N31: 5045818DECA91619EE8619265A4F85 | O31: 577F118D8878DD199FF2D86D5B20720393AEBD59 | P31: T | Q31: F | R31: F | AW31: 5045818DECA91619EE8619265A4F85577F118D8878DD199FF2D86D5B20720393AEBD59
A32: [ 합 계 ] | F32: =TRUNC(SUMIF(N29:N31, N28, F29:F31),0) -> 14839 | H32: =TRUNC(SUMIF(N29:N31, N28, H29:H31),0) -> 125321 | J32: =TRUNC(SUMIF(N29:N31, N28, J29:J31),0) -> 21415 | L32: =F32+H32+J32 -> 161575 | N32: TOTAL | O32: TOTAL
A34: 조립식 간이흙막이 설치 및 해체 H=5.0M 이하 M 공통 2-10-5 ( 호표 6 ) | N34: 5045818DECA91619EE8619265B55D0
A35: 특별인부 | B35: 일반공사 직종 | C35: 인 | D35: 0.4 | E35: =단가대비표!O165 -> 0 | F35: =TRUNC(E35*D35,1) -> 0 | G35: =단가대비표!P165 -> 226122 | H35: =TRUNC(G35*D35,1) -> 90448.8 | I35: =단가대비표!V165 -> 0 | J35: =TRUNC(I35*D35,1) -> 0 | K35: =TRUNC(E35+G35+I35,1) -> 226122 | L35: =TRUNC(F35+H35+J35,1) -> 90448.8 | N35: 5045818DECA91619EE8619265B55D0 | O35: 50B5818C1C385D19DBC67C675F9ED6AF0EFAAF | P35: F | Q35: F | R35: T | AW35: 5045818DECA91619EE8619265B55D050B5818C1C385D19DBC67C675F9ED6AF0EFAAF
A36: 보통인부 | B36: 일반공사 직종 | C36: 인 | D36: 0.15 | E36: =단가대비표!O164 -> 0 | F36: =TRUNC(E36*D36,1) -> 0 | G36: =단가대비표!P164 -> 172068 | H36: =TRUNC(G36*D36,1) -> 25810.2 | I36: =단가대비표!V164 -> 0 | J36: =TRUNC(I36*D36,1) -> 0 | K36: =TRUNC(E36+G36+I36,1) -> 172068 | L36: =TRUNC(F36+H36+J36,1) -> 25810.2 | N36: 5045818DECA91619EE8619265B55D0 | O36: 50B5818C1C385D19DBC67C675F9ED6AF0EFAAE | P36: F | Q36: F | R36: T | AW36: 5045818DECA91619EE8619265B55D050B5818C1C385D19DBC67C675F9ED6AF0EFAAE
A37: 트럭탑재형 크레인 | B37: 10ton | C37: HR | D37: 1.48 | E37: =일위대가목록!E308 -> 16488 | F37: =TRUNC(E37*D37,1) -> 24402.2 | G37: =일위대가목록!F308 -> 49778 | H37: =TRUNC(G37*D37,1) -> 73671.4 | I37: =일위대가목록!G308 -> 23795 | J37: =TRUNC(I37*D37,1) -> 35216.6 | K37: =TRUNC(E37+G37+I37,1) -> 90061 | L37: =TRUNC(F37+H37+J37,1) -> 133290.2 | M37: 호표 305 | N37: 5045818DECA91619EE8619265B55D0 | O37: 577F118D8878DD199FF2D86D5B20720393AEBD59 | P37: T | Q37: F | R37: F | AW37: 5045818DECA91619EE8619265B55D0577F118D8878DD199FF2D86D5B20720393AEBD59
A38: [ 합 계 ] | F38: =TRUNC(SUMIF(N35:N37, N34, F35:F37),0) -> 24402 | H38: =TRUNC(SUMIF(N35:N37, N34, H35:H37),0) -> 189930 | J38: =TRUNC(SUMIF(N35:N37, N34, J35:J37),0) -> 35216 | L38: =F38+H38+J38 -> 249548 | N38: TOTAL | O38: TOTAL
A40: 조립식 간이흙막이 설치 및 해체 H=6.0M 이하 M 공통 2-10-5 ( 호표 7 ) | N40: 5045818DECA91619EE861926588171
A41: 특별인부 | B41: 일반공사 직종 | C41: 인 | D41: 0.57 | E41: =단가대비표!O165 -> 0 | F41: =TRUNC(E41*D41,1) -> 0 | G41: =단가대비표!P165 -> 226122 | H41: =TRUNC(G41*D41,1) -> 128889.5 | I41: =단가대비표!V165 -> 0 | J41: =TRUNC(I41*D41,1) -> 0 | K41: =TRUNC(E41+G41+I41,1) -> 226122 | L41: =TRUNC(F41+H41+J41,1) -> 128889.5 | N41: 5045818DECA91619EE861926588171 | O41: 50B5818C1C385D19DBC67C675F9ED6AF0EFAAF | P41: F | Q41: F | R41: T | AW41: 5045818DECA91619EE86192658817150B5818C1C385D19DBC67C675F9ED6AF0EFAAF
A42: 보통인부 | B42: 일반공사 직종 | C42: 인 | D42: 0.22 | E42: =단가대비표!O164 -> 0 | F42: =TRUNC(E42*D42,1) -> 0 | G42: =단가대비표!P164 -> 172068 | H42: =TRUNC(G42*D42,1) -> 37854.9 | I42: =단가대비표!V164 -> 0 | J42: =TRUNC(I42*D42,1) -> 0 | K42: =TRUNC(E42+G42+I42,1) -> 172068 | L42: =TRUNC(F42+H42+J42,1) -> 37854.9 | N42: 5045818DECA91619EE861926588171 | O42: 50B5818C1C385D19DBC67C675F9ED6AF0EFAAE | P42: F | Q42: F | R42: T | AW42: 5045818DECA91619EE86192658817150B5818C1C385D19DBC67C675F9ED6AF0EFAAE
A43: 트럭탑재형 크레인 | B43: 10ton | C43: HR | D43: 2.2 | E43: =일위대가목록!E308 -> 16488 | F43: =TRUNC(E43*D43,1) -> 36273.6 | G43: =일위대가목록!F308 -> 49778 | H43: =TRUNC(G43*D43,1) -> 109511.6 | I43: =일위대가목록!G308 -> 23795 | J43: =TRUNC(I43*D43,1) -> 52349 | K43: =TRUNC(E43+G43+I43,1) -> 90061 | L43: =TRUNC(F43+H43+J43,1) -> 198134.2 | M43: 호표 305 | N43: 5045818DECA91619EE861926588171 | O43: 577F118D8878DD199FF2D86D5B20720393AEBD59 | P43: T | Q43: F | R43: F | AW43: 5045818DECA91619EE861926588171577F118D8878DD199FF2D86D5B20720393AEBD59
A44: [ 합 계 ] | F44: =TRUNC(SUMIF(N41:N43, N40, F41:F43),0) -> 36273 | H44: =TRUNC(SUMIF(N41:N43, N40, H41:H43),0) -> 276256 | J44: =TRUNC(SUMIF(N41:N43, N40, J41:J43),0) -> 52349 | L44: =F44+H44+J44 -> 364878 | N44: TOTAL | O44: TOTAL
A46: 비탈면 보양 보양재(천막 등) M2 공통 2-10-6 ( 호표 8 ) | N46: 5045818DECA9C719807643395AAFFA
A47: 특별인부 | B47: 일반공사 직종 | C47: 인 | D47: 0.02 | E47: =단가대비표!O165 -> 0 | F47: =TRUNC(E47*D47,1) -> 0 | G47: =단가대비표!P165 -> 226122 | H47: =TRUNC(G47*D47,1) -> 4522.4 | I47: =단가대비표!V165 -> 0 | J47: =TRUNC(I47*D47,1) -> 0 | K47: =TRUNC(E47+G47+I47,1) -> 226122 | L47: =TRUNC(F47+H47+J47,1) -> 4522.4 | N47: 5045818DECA9C719807643395AAFFA | O47: 50B5818C1C385D19DBC67C675F9ED6AF0EFAAF | P47: F | Q47: F | R47: T | AW47: 5045818DECA9C719807643395AAFFA50B5818C1C385D19DBC67C675F9ED6AF0EFAAF
A48: 보통인부 | B48: 일반공사 직종 | C48: 인 | D48: 0.01 | E48: =단가대비표!O164 -> 0 | F48: =TRUNC(E48*D48,1) -> 0 | G48: =단가대비표!P164 -> 172068 | H48: =TRUNC(G48*D48,1) -> 1720.6 | I48: =단가대비표!V164 -> 0 | J48: =TRUNC(I48*D48,1) -> 0 | K48: =TRUNC(E48+G48+I48,1) -> 172068 | L48: =TRUNC(F48+H48+J48,1) -> 1720.6 | N48: 5045818DECA9C719807643395AAFFA | O48: 50B5818C1C385D19DBC67C675F9ED6AF0EFAAE | P48: F | Q48: F | R48: T | AW48: 5045818DECA9C719807643395AAFFA50B5818C1C385D19DBC67C675F9ED6AF0EFAAE
A49: [ 합 계 ] | F49: =TRUNC(SUMIF(N47:N48, N46, F47:F48),0) -> 0 | H49: =TRUNC(SUMIF(N47:N48, N46, H47:H48),0) -> 6243 | J49: =TRUNC(SUMIF(N47:N48, N46, J47:J48),0) -> 0 | L49: =F49+H49+J49 -> 6243 | N49: TOTAL | O49: TOTAL
A51: 인력굴착(토사) / 보통토사 H=1m 이하(구조물터파기, 흙깍기) M3 공통 3-2-1 ( 호표 9 ) | N51: 5045D1864FC2EC19280E22735F2D9E
A52: 특별인부 | B52: 일반공사 직종 | C52: 인 | D52: 0.28 | E52: =단가대비표!O165 -> 0 | F52: =TRUNC(E52*D52,1) -> 0 | G52: =단가대비표!P165 -> 226122 | H52: =TRUNC(G52*D52,1) -> 63314.1 | I52: =단가대비표!V165 -> 0 | J52: =TRUNC(I52*D52,1) -> 0 | K52: =TRUNC(E52+G52+I52,1) -> 226122 | L52: =TRUNC(F52+H52+J52,1) -> 63314.1 | N52: 5045D1864FC2EC19280E22735F2D9E | O52: 50B5818C1C385D19DBC67C675F9ED6AF0EFAAF | P52: F | Q52: F | R52: T | AW52: 5045D1864FC2EC19280E22735F2D9E50B5818C1C385D19DBC67C675F9ED6AF0EFAAF
A53: [ 합 계 ] | F53: =TRUNC(SUMIF(N52:N52, N51, F52:F52),0) -> 0 | H53: =TRUNC(SUMIF(N52:N52, N51, H52:H52),0) -> 63314 | J53: =TRUNC(SUMIF(N52:N52, N51, J52:J52),0) -> 0 | L53: =F53+H53+J53 -> 63314 | N53: TOTAL | O53: TOTAL
A55: 인력굴착(토사) / 경질토사 H=1m 이하(구조물터파기, 흙깍기) M3 공통 3-2-1 ( 호표 10 ) | N55: 5045D1864FC2EC19280E2261565648
A56: 특별인부 | B56: 일반공사 직종 | C56: 인 | D56: 0.37 | E56: =단가대비표!O165 -> 0 | F56: =TRUNC(E56*D56,1) -> 0 | G56: =단가대비표!P165 -> 226122 | H56: =TRUNC(G56*D56,1) -> 83665.1 | I56: =단가대비표!V165 -> 0 | J56: =TRUNC(I56*D56,1) -> 0 | K56: =TRUNC(E56+G56+I56,1) -> 226122 | L56: =TRUNC(F56+H56+J56,1) -> 83665.1 | N56: 5045D1864FC2EC19280E2261565648 | O56: 50B5818C1C385D19DBC67C675F9ED6AF0EFAAF | P56: F | Q56: F | R56: T | AW56: 5045D1864FC2EC19280E226156564850B5818C1C385D19DBC67C675F9ED6AF0EFAAF
A57: [ 합 계 ] | F57: =TRUNC(SUMIF(N56:N56, N55, F56:F56),0) -> 0 | H57: =TRUNC(SUMIF(N56:N56, N55, H56:H56),0) -> 83665 | J57: =TRUNC(SUMIF(N56:N56, N55, J56:J56),0) -> 0 | L57: =F57+H57+J57 -> 83665 | N57: TOTAL | O57: TOTAL
A59: 인력굴착(토사) / 고사점토 및 자갈섞인토사 H=1m 이하(구조물터파기, 흙깍기) M3 공통 3-2-1 ( 호표 11 ) | N59: 5045D1864FC2EC19280E2257519AD2
A60: 특별인부 | B60: 일반공사 직종 | C60: 인 | D60: 0.45 | E60: =단가대비표!O165 -> 0 | F60: =TRUNC(E60*D60,1) -> 0 | G60: =단가대비표!P165 -> 226122 | H60: =TRUNC(G60*D60,1) -> 101754.9 | I60: =단가대비표!V165 -> 0 | J60: =TRUNC(I60*D60,1) -> 0 | K60: =TRUNC(E60+G60+I60,1) -> 226122 | L60: =TRUNC(F60+H60+J60,1) -> 101754.9 | N60: 5045D1864FC2EC19280E2257519AD2 | O60: 50B5818C1C385D19DBC67C675F9ED6AF0EFAAF | P60: F | Q60: F | R60: T | AW60: 5045D1864FC2EC19280E2257519AD250B5818C1C385D19DBC67C675F9ED6AF0EFAAF
A61: [ 합 계 ] | F61: =TRUNC(SUMIF(N60:N60, N59, F60:F60),0) -> 0 | H61: =TRUNC(SUMIF(N60:N60, N59, H60:H60),0) -> 101754 | J61: =TRUNC(SUMIF(N60:N60, N59, J60:J60),0) -> 0 | L61: =F61+H61+J61 -> 101754 | N61: TOTAL | O61: TOTAL
A63: 인력굴착(토사) / 호박돌섞인토사 H=1m 이하(구조물터파기, 흙깍기) M3 공통 3-2-1 ( 호표 12 ) | N63: 5045D1864FC2EC19280E22465B4F85
A64: 특별인부 | B64: 일반공사 직종 | C64: 인 | D64: 0.83 | E64: =단가대비표!O165 -> 0 | F64: =TRUNC(E64*D64,1) -> 0 | G64: =단가대비표!P165 -> 226122 | H64: =TRUNC(G64*D64,1) -> 187681.2 | I64: =단가대비표!V165 -> 0 | J64: =TRUNC(I64*D64,1) -> 0 | K64: =TRUNC(E64+G64+I64,1) -> 226122 | L64: =TRUNC(F64+H64+J64,1) -> 187681.2 | N64: 5045D1864FC2EC19280E22465B4F85 | O64: 50B5818C1C385D19DBC67C675F9ED6AF0EFAAF | P64: F | Q64: F | R64: T | AW64: 5045D1864FC2EC19280E22465B4F8550B5818C1C385D19DBC67C675F9ED6AF0EFAAF
A65: [ 합 계 ] | F65: =TRUNC(SUMIF(N64:N64, N63, F64:F64),0) -> 0 | H65: =TRUNC(SUMIF(N64:N64, N63, H64:H64),0) -> 187681 | J65: =TRUNC(SUMIF(N64:N64, N63, J64:J64),0) -> 0 | L65: =F65+H65+J65 -> 187681 | N65: TOTAL | O65: TOTAL
A67: 잔토처리 인력 (현장 내 소운반 깔고 고르기) M3 공통 3-2-1 [비고] ( 호표 13 ) | N67: 5045D1864FC2EC19282AF9545D306C
A68: 보통인부 | B68: 일반공사 직종 | C68: 인 | D68: 0.2 | E68: =단가대비표!O164 -> 0 | F68: =TRUNC(E68*D68,1) -> 0 | G68: =단가대비표!P164 -> 172068 | H68: =TRUNC(G68*D68,1) -> 34413.6 | I68: =단가대비표!V164 -> 0 | J68: =TRUNC(I68*D68,1) -> 0 | K68: =TRUNC(E68+G68+I68,1) -> 172068 | L68: =TRUNC(F68+H68+J68,1) -> 34413.6 | N68: 5045D1864FC2EC19282AF9545D306C | O68: 50B5818C1C385D19DBC67C675F9ED6AF0EFAAE | P68: F | Q68: F | R68: T | AW68: 5045D1864FC2EC19282AF9545D306C50B5818C1C385D19DBC67C675F9ED6AF0EFAAE
A69: [ 합 계 ] | F69: =TRUNC(SUMIF(N68:N68, N67, F68:F68),0) -> 0 | H69: =TRUNC(SUMIF(N68:N68, N67, H68:H68),0) -> 34413 | J69: =TRUNC(SUMIF(N68:N68, N67, J68:J68),0) -> 0 | L69: =F69+H69+J69 -> 34413 | N69: TOTAL | O69: TOTAL
A71: 인력굴착 / 풍화암 10m3 미만, 소형브레이커 M3 공통 3-2-2 ( 호표 14 ) | N71: 5045D1864FFE3619F43278E951E883
A72: 착암공 | B72: 일반공사 직종 | C72: 인 | D72: 0.33 | E72: =단가대비표!O174 -> 0 | F72: =TRUNC(E72*D72,1) -> 0 | G72: =단가대비표!P174 -> 222306 | H72: =TRUNC(G72*D72,1) -> 73360.9 | I72: =단가대비표!V174 -> 0 | J72: =TRUNC(I72*D72,1) -> 0 | K72: =TRUNC(E72+G72+I72,1) -> 222306 | L72: =TRUNC(F72+H72+J72,1) -> 73360.9 | N72: 5045D1864FFE3619F43278E951E883 | O72: 50B5818C1C385D19DBC67C675F9ED6AF0EFBB6 | P72: F | Q72: F | R72: T | V72: 1 | AW72: 5045D1864FFE3619F43278E951E88350B5818C1C385D19DBC67C675F9ED6AF0EFBB6
A73: 보통인부 | B73: 일반공사 직종 | C73: 인 | D73: 0.16 | E73: =단가대비표!O164 -> 0 | F73: =TRUNC(E73*D73,1) -> 0 | G73: =단가대비표!P164 -> 172068 | H73: =TRUNC(G73*D73,1) -> 27530.8 | I73: =단가대비표!V164 -> 0 | J73: =TRUNC(I73*D73,1) -> 0 | K73: =TRUNC(E73+G73+I73,1) -> 172068 | L73: =TRUNC(F73+H73+J73,1) -> 27530.8 | N73: 5045D1864FFE3619F43278E951E883 | O73: 50B5818C1C385D19DBC67C675F9ED6AF0EFAAE | P73: F | Q73: F | R73: T | V73: 1 | AW73: 5045D1864FFE3619F43278E951E88350B5818C1C385D19DBC67C675F9ED6AF0EFAAE
A74: 잡재료 | B74: 인력품의 1% | C74: 식 | D74: 1 | E74: =TRUNC(SUMIF(V72:V76, RIGHTB(O74, 1), H72:H76)*U74, 2) -> 1008.91 | F74: =TRUNC(E74*D74,1) -> 1008.9 | G74: 0 | H74: =TRUNC(G74*D74,1) -> 0 | I74: 0 | J74: =TRUNC(I74*D74,1) -> 0 | K74: =TRUNC(E74+G74+I74,1) -> 1008.9 | L74: =TRUNC(F74+H74+J74,1) -> 1008.9 | N74: 5045D1864FFE3619F43278E951E883 | O74: 51769183174AB519D74B12C15769001 | P74: F | Q74: F | R74: F | S74: 1 | T74: 0 | U74: 0.01 | AW74: 5045D1864FFE3619F43278E951E88351769183174AB519D74B12C15769001
A75: 공기압축기(이동식) | B75: 7.1㎥/min | C75: HR | D75: 0.3 | E75: =일위대가목록!E324 -> 15474 | F75: =TRUNC(E75*D75,1) -> 4642.2 | G75: =일위대가목록!F324 -> 59020 | H75: =TRUNC(G75*D75,1) -> 17706 | I75: =일위대가목록!G324 -> 3491 | J75: =TRUNC(I75*D75,1) -> 1047.3 | K75: =TRUNC(E75+G75+I75,1) -> 77985 | L75: =TRUNC(F75+H75+J75,1) -> 23395.5 | M75: 호표 321 | N75: 5045D1864FFE3619F43278E951E883 | O75: 577F118D8878A01966895DB3567C5F406939CBB0 | P75: T | Q75: F | R75: F | AW75: 5045D1864FFE3619F43278E951E883577F118D8878A01966895DB3567C5F406939CBB0
A76: 소형브레이커(공압식) | B76: 1.3㎥/min | C76: HR | D76: 1.26 | E76: =일위대가목록!E322 -> 0 | F76: =TRUNC(E76*D76,1) -> 0 | G76: =일위대가목록!F322 -> 0 | H76: =TRUNC(G76*D76,1) -> 0 | I76: =일위대가목록!G322 -> 494 | J76: =TRUNC(I76*D76,1) -> 622.4 | K76: =TRUNC(E76+G76+I76,1) -> 494 | L76: =TRUNC(F76+H76+J76,1) -> 622.4 | M76: 호표 319 | N76: 5045D1864FFE3619F43278E951E883 | O76: 577F118D8878A019669B762F5FEFE4DC544A9281 | P76: T | Q76: F | R76: F | AW76: 5045D1864FFE3619F43278E951E883577F118D8878A019669B762F5FEFE4DC544A9281
A77: [ 합 계 ] | F77: =TRUNC(SUMIF(N72:N76, N71, F72:F76),0) -> 5651 | H77: =TRUNC(SUMIF(N72:N76, N71, H72:H76),0) -> 118597 | J77: =TRUNC(SUMIF(N72:N76, N71, J72:J76),0) -> 1669 | L77: =F77+H77+J77 -> 125917 | N77: TOTAL | O77: TOTAL
A79: 인력굴착 / 연 암 10m3 미만, 소형브레이커 M3 공통 3-2-2 ( 호표 15 ) | N79: 5045D1864FFE3619F43278D85AF6CB
A80: 착암공 | B80: 일반공사 직종 | C80: 인 | D80: 0.41 | E80: =단가대비표!O174 -> 0 | F80: =TRUNC(E80*D80,1) -> 0 | G80: =단가대비표!P174 -> 222306 | H80: =TRUNC(G80*D80,1) -> 91145.4 | I80: =단가대비표!V174 -> 0 | J80: =TRUNC(I80*D80,1) -> 0 | K80: =TRUNC(E80+G80+I80,1) -> 222306 | L80: =TRUNC(F80+H80+J80,1) -> 91145.4 | N80: 5045D1864FFE3619F43278D85AF6CB | O80: 50B5818C1C385D19DBC67C675F9ED6AF0EFBB6 | P80: F | Q80: F | R80: T | V80: 1 | AW80: 5045D1864FFE3619F43278D85AF6CB50B5818C1C385D19DBC67C675F9ED6AF0EFBB6
A81: 보통인부 | B81: 일반공사 직종 | C81: 인 | D81: 0.21 | E81: =단가대비표!O164 -> 0 | F81: =TRUNC(E81*D81,1) -> 0 | G81: =단가대비표!P164 -> 172068 | H81: =TRUNC(G81*D81,1) -> 36134.2 | I81: =단가대비표!V164 -> 0 | J81: =TRUNC(I81*D81,1) -> 0 | K81: =TRUNC(E81+G81+I81,1) -> 172068 | L81: =TRUNC(F81+H81+J81,1) -> 36134.2 | N81: 5045D1864FFE3619F43278D85AF6CB | O81: 50B5818C1C385D19DBC67C675F9ED6AF0EFAAE | P81: F | Q81: F | R81: T | V81: 1 | AW81: 5045D1864FFE3619F43278D85AF6CB50B5818C1C385D19DBC67C675F9ED6AF0EFAAE
A82: 잡재료 | B82: 인력품의 1% | C82: 식 | D82: 1 | E82: =TRUNC(SUMIF(V80:V84, RIGHTB(O82, 1), H80:H84)*U82, 2) -> 1272.79 | F82: =TRUNC(E82*D82,1) -> 1272.7 | G82: 0 | H82: =TRUNC(G82*D82,1) -> 0 | I82: 0 | J82: =TRUNC(I82*D82,1) -> 0 | K82: =TRUNC(E82+G82+I82,1) -> 1272.7 | L82: =TRUNC(F82+H82+J82,1) -> 1272.7 | N82: 5045D1864FFE3619F43278D85AF6CB | O82: 51769183174AB519D74B12C15769001 | P82: F | Q82: F | R82: F | S82: 1 | T82: 0 | U82: 0.01 | AW82: 5045D1864FFE3619F43278D85AF6CB51769183174AB519D74B12C15769001
A83: 공기압축기(이동식) | B83: 7.1㎥/min | C83: HR | D83: 0.48 | E83: =일위대가목록!E324 -> 15474 | F83: =TRUNC(E83*D83,1) -> 7427.5 | G83: =일위대가목록!F324 -> 59020 | H83: =TRUNC(G83*D83,1) -> 28329.6 | I83: =일위대가목록!G324 -> 3491 | J83: =TRUNC(I83*D83,1) -> 1675.6 | K83: =TRUNC(E83+G83+I83,1) -> 77985 | L83: =TRUNC(F83+H83+J83,1) -> 37432.7 | M83: 호표 321 | N83: 5045D1864FFE3619F43278D85AF6CB | O83: 577F118D8878A01966895DB3567C5F406939CBB0 | P83: T | Q83: F | R83: F | AW83: 5045D1864FFE3619F43278D85AF6CB577F118D8878A01966895DB3567C5F406939CBB0
A84: 소형브레이커(공압식) | B84: 1.3㎥/min | C84: HR | D84: 1.68 | E84: =일위대가목록!E322 -> 0 | F84: =TRUNC(E84*D84,1) -> 0 | G84: =일위대가목록!F322 -> 0 | H84: =TRUNC(G84*D84,1) -> 0 | I84: =일위대가목록!G322 -> 494 | J84: =TRUNC(I84*D84,1) -> 829.9 | K84: =TRUNC(E84+G84+I84,1) -> 494 | L84: =TRUNC(F84+H84+J84,1) -> 829.9 | M84: 호표 319 | N84: 5045D1864FFE3619F43278D85AF6CB | O84: 577F118D8878A019669B762F5FEFE4DC544A9281 | P84: T | Q84: F | R84: F | AW84: 5045D1864FFE3619F43278D85AF6CB577F118D8878A019669B762F5FEFE4DC544A9281
A85: [ 합 계 ] | F85: =TRUNC(SUMIF(N80:N84, N79, F80:F84),0) -> 8700 | H85: =TRUNC(SUMIF(N80:N84, N79, H80:H84),0) -> 155609 | J85: =TRUNC(SUMIF(N80:N84, N79, J80:J84),0) -> 2505 | L85: =F85+H85+J85 -> 166814 | N85: TOTAL | O85: TOTAL
A87: 인력굴착 / 보통암 10m3 미만, 소형브레이커 M3 공통 3-2-2 ( 호표 16 ) | N87: 5045D1864FFE3619F43278CE530C9B
A88: 착암공 | B88: 일반공사 직종 | C88: 인 | D88: 0.58 | E88: =단가대비표!O174 -> 0 | F88: =TRUNC(E88*D88,1) -> 0 | G88: =단가대비표!P174 -> 222306 | H88: =TRUNC(G88*D88,1) -> 128937.4 | I88: =단가대비표!V174 -> 0 | J88: =TRUNC(I88*D88,1) -> 0 | K88: =TRUNC(E88+G88+I88,1) -> 222306 | L88: =TRUNC(F88+H88+J88,1) -> 128937.4 | N88: 5045D1864FFE3619F43278CE530C9B | O88: 50B5818C1C385D19DBC67C675F9ED6AF0EFBB6 | P88: F | Q88: F | R88: T | V88: 1 | AW88: 5045D1864FFE3619F43278CE530C9B50B5818C1C385D19DBC67C675F9ED6AF0EFBB6
A89: 보통인부 | B89: 일반공사 직종 | C89: 인 | D89: 0.29 | E89: =단가대비표!O164 -> 0 | F89: =TRUNC(E89*D89,1) -> 0 | G89: =단가대비표!P164 -> 172068 | H89: =TRUNC(G89*D89,1) -> 49899.7 | I89: =단가대비표!V164 -> 0 | J89: =TRUNC(I89*D89,1) -> 0 | K89: =TRUNC(E89+G89+I89,1) -> 172068 | L89: =TRUNC(F89+H89+J89,1) -> 49899.7 | N89: 5045D1864FFE3619F43278CE530C9B | O89: 50B5818C1C385D19DBC67C675F9ED6AF0EFAAE | P89: F | Q89: F | R89: T | V89: 1 | AW89: 5045D1864FFE3619F43278CE530C9B50B5818C1C385D19DBC67C675F9ED6AF0EFAAE
A90: 잡재료 | B90: 인력품의 1% | C90: 식 | D90: 1 | E90: =TRUNC(SUMIF(V88:V92, RIGHTB(O90, 1), H88:H92)*U90, 2) -> 1788.37 | F90: =TRUNC(E90*D90,1) -> 1788.3 | G90: 0 | H90: =TRUNC(G90*D90,1) -> 0 | I90: 0 | J90: =TRUNC(I90*D90,1) -> 0 | K90: =TRUNC(E90+G90+I90,1) -> 1788.3 | L90: =TRUNC(F90+H90+J90,1) -> 1788.3 | N90: 5045D1864FFE3619F43278CE530C9B | O90: 51769183174AB519D74B12C15769001 | P90: F | Q90: F | R90: F | S90: 1 | T90: 0 | U90: 0.01 | AW90: 5045D1864FFE3619F43278CE530C9B51769183174AB519D74B12C15769001
A91: 공기압축기(이동식) | B91: 7.1㎥/min | C91: HR | D91: 0.6 | E91: =일위대가목록!E324 -> 15474 | F91: =TRUNC(E91*D91,1) -> 9284.4 | G91: =일위대가목록!F324 -> 59020 | H91: =TRUNC(G91*D91,1) -> 35412 | I91: =일위대가목록!G324 -> 3491 | J91: =TRUNC(I91*D91,1) -> 2094.6 | K91: =TRUNC(E91+G91+I91,1) -> 77985 | L91: =TRUNC(F91+H91+J91,1) -> 46791 | M91: 호표 321 | N91: 5045D1864FFE3619F43278CE530C9B | O91: 577F118D8878A01966895DB3567C5F406939CBB0 | P91: T | Q91: F | R91: F | AW91: 5045D1864FFE3619F43278CE530C9B577F118D8878A01966895DB3567C5F406939CBB0
A92: 소형브레이커(공압식) | B92: 1.3㎥/min | C92: HR | D92: 2.4 | E92: =일위대가목록!E322 -> 0 | F92: =TRUNC(E92*D92,1) -> 0 | G92: =일위대가목록!F322 -> 0 | H92: =TRUNC(G92*D92,1) -> 0 | I92: =일위대가목록!G322 -> 494 | J92: =TRUNC(I92*D92,1) -> 1185.6 | K92: =TRUNC(E92+G92+I92,1) -> 494 | L92: =TRUNC(F92+H92+J92,1) -> 1185.6 | M92: 호표 319 | N92: 5045D1864FFE3619F43278CE530C9B | O92: 577F118D8878A019669B762F5FEFE4DC544A9281 | P92: T | Q92: F | R92: F | AW92: 5045D1864FFE3619F43278CE530C9B577F118D8878A019669B762F5FEFE4DC544A9281
A93: [ 합 계 ] | F93: =TRUNC(SUMIF(N88:N92, N87, F88:F92),0) -> 11072 | H93: =TRUNC(SUMIF(N88:N92, N87, H88:H92),0) -> 214249 | J93: =TRUNC(SUMIF(N88:N92, N87, J88:J92),0) -> 3280 | L93: =F93+H93+J93 -> 228601 | N93: TOTAL | O93: TOTAL
A95: 인력굴착 / 경 암 10m3 미만, 소형브레이커 M3 공통 3-2-2 ( 호표 17 ) | N95: 5045D1864FFE3619F43278BD5C1BEB
A96: 착암공 | B96: 일반공사 직종 | C96: 인 | D96: 0.94 | E96: =단가대비표!O174 -> 0 | F96: =TRUNC(E96*D96,1) -> 0 | G96: =단가대비표!P174 -> 222306 | H96: =TRUNC(G96*D96,1) -> 208967.6 | I96: =단가대비표!V174 -> 0 | J96: =TRUNC(I96*D96,1) -> 0 | K96: =TRUNC(E96+G96+I96,1) -> 222306 | L96: =TRUNC(F96+H96+J96,1) -> 208967.6 | N96: 5045D1864FFE3619F43278BD5C1BEB | O96: 50B5818C1C385D19DBC67C675F9ED6AF0EFBB6 | P96: F | Q96: F | R96: T | V96: 1 | AW96: 5045D1864FFE3619F43278BD5C1BEB50B5818C1C385D19DBC67C675F9ED6AF0EFBB6
A97: 보통인부 | B97: 일반공사 직종 | C97: 인 | D97: 0.48 | E97: =단가대비표!O164 -> 0 | F97: =TRUNC(E97*D97,1) -> 0 | G97: =단가대비표!P164 -> 172068 | H97: =TRUNC(G97*D97,1) -> 82592.6 | I97: =단가대비표!V164 -> 0 | J97: =TRUNC(I97*D97,1) -> 0 | K97: =TRUNC(E97+G97+I97,1) -> 172068 | L97: =TRUNC(F97+H97+J97,1) -> 82592.6 | N97: 5045D1864FFE3619F43278BD5C1BEB | O97: 50B5818C1C385D19DBC67C675F9ED6AF0EFAAE | P97: F | Q97: F | R97: T | V97: 1 | AW97: 5045D1864FFE3619F43278BD5C1BEB50B5818C1C385D19DBC67C675F9ED6AF0EFAAE
A98: 잡재료 | B98: 인력품의 1% | C98: 식 | D98: 1 | E98: =TRUNC(SUMIF(V96:V100, RIGHTB(O98, 1), H96:H100)*U98, 2) -> 2915.6 | F98: =TRUNC(E98*D98,1) -> 2915.6 | G98: 0 | H98: =TRUNC(G98*D98,1) -> 0 | I98: 0 | J98: =TRUNC(I98*D98,1) -> 0 | K98: =TRUNC(E98+G98+I98,1) -> 2915.6 | L98: =TRUNC(F98+H98+J98,1) -> 2915.6 | N98: 5045D1864FFE3619F43278BD5C1BEB | O98: 51769183174AB519D74B12C15769001 | P98: F | Q98: F | R98: F | S98: 1 | T98: 0 | U98: 0.01 | AW98: 5045D1864FFE3619F43278BD5C1BEB51769183174AB519D74B12C15769001
A99: 공기압축기(이동식) | B99: 7.1㎥/min | C99: HR | D99: 0.96 | E99: =일위대가목록!E324 -> 15474 | F99: =TRUNC(E99*D99,1) -> 14855 | G99: =일위대가목록!F324 -> 59020 | H99: =TRUNC(G99*D99,1) -> 56659.2 | I99: =일위대가목록!G324 -> 3491 | J99: =TRUNC(I99*D99,1) -> 3351.3 | K99: =TRUNC(E99+G99+I99,1) -> 77985 | L99: =TRUNC(F99+H99+J99,1) -> 74865.5 | M99: 호표 321 | N99: 5045D1864FFE3619F43278BD5C1BEB | O99: 577F118D8878A01966895DB3567C5F406939CBB0 | P99: T | Q99: F | R99: F | AW99: 5045D1864FFE3619F43278BD5C1BEB577F118D8878A01966895DB3567C5F406939CBB0
A100: 소형브레이커(공압식) | B100: 1.3㎥/min | C100: HR | D100: 3.9 | E100: =일위대가목록!E322 -> 0 | F100: =TRUNC(E100*D100,1) -> 0 | G100: =일위대가목록!F322 -> 0 | H100: =TRUNC(G100*D100,1) -> 0 | I100: =일위대가목록!G322 -> 494 | J100: =TRUNC(I100*D100,1) -> 1926.6 | K100: =TRUNC(E100+G100+I100,1) -> 494 | L100: =TRUNC(F100+H100+J100,1) -> 1926.6 | M100: 호표 319 | N100: 5045D1864FFE3619F43278BD5C1BEB | O100: 577F118D8878A019669B762F5FEFE4DC544A9281 | P100: T | Q100: F | R100: F | AW100: 5045D1864FFE3619F43278BD5C1BEB577F118D8878A019669B762F5FEFE4DC544A9281
A101: [ 합 계 ] | F101: =TRUNC(SUMIF(N96:N100, N95, F96:F100),0) -> 17770 | H101: =TRUNC(SUMIF(N96:N100, N95, H96:H100),0) -> 348219 | J101: =TRUNC(SUMIF(N96:N100, N95, J96:J100),0) -> 5277 | L101: =F101+H101+J101 -> 371266 | N101: TOTAL | O101: TOTAL
A103: 흙깎기/보통토사 소규모 M3 공통 3-2-3,가 ( 호표 18 ) | N103: 5045D186585AED19C1DF5367529FE9
A104: 굴착기(무한궤도) | B104: 1.0㎥ | C104: HR | D104: 0.0258 | E104: =일위대가목록!E252 -> 31735 | F104: =TRUNC(E104*D104,1) -> 818.7 | G104: =일위대가목록!F252 -> 59020 | H104: =TRUNC(G104*D104,1) -> 1522.7 | I104: =일위대가목록!G252 -> 29621 | J104: =TRUNC(I104*D104,1) -> 764.2 | K104: =TRUNC(E104+G104+I104,1) -> 120376 | L104: =TRUNC(F104+H104+J104,1) -> 3105.6 | M104: 호표 249 | N104: 5045D186585AED19C1DF5367529FE9 | O104: 577F118D8878F81975B30CD15365C43313EDD899 | P104: T | Q104: F | R104: F | AW104: 5045D186585AED19C1DF5367529FE9577F118D8878F81975B30CD15365C43313EDD899
A105: [ 합 계 ] | F105: =TRUNC(SUMIF(N104:N104, N103, F104:F104),0) -> 818 | H105: =TRUNC(SUMIF(N104:N104, N103, H104:H104),0) -> 1522 | J105: =TRUNC(SUMIF(N104:N104, N103, J104:J104),0) -> 764 | L105: =F105+H105+J105 -> 3104 | N105: TOTAL | O105: TOTAL
A107: 흙깎기/혼합토사 소규모 M3 공통 3-2-3,나 ( 호표 19 ) | N107: 5045D186585AED19C1DF537159093B
A108: 굴착기(무한궤도) | B108: 1.0㎥ | C108: HR | D108: 0.0348 | E108: =일위대가목록!E252 -> 31735 | F108: =TRUNC(E108*D108,1) -> 1104.3 | G108: =일위대가목록!F252 -> 59020 | H108: =TRUNC(G108*D108,1) -> 2053.8 | I108: =일위대가목록!G252 -> 29621 | J108: =TRUNC(I108*D108,1) -> 1030.8 | K108: =TRUNC(E108+G108+I108,1) -> 120376 | L108: =TRUNC(F108+H108+J108,1) -> 4188.9 | M108: 호표 249 | N108: 5045D186585AED19C1DF537159093B | O108: 577F118D8878F81975B30CD15365C43313EDD899 | P108: T | Q108: F | R108: F | V108: 1 | AW108: 5045D186585AED19C1DF537159093B577F118D8878F81975B30CD15365C43313EDD899
A109: 유압식 리퍼의 경비 | B109: 깍기 장비 기계경비의 합계의 2% | C109: 식 | D109: 1 | E109: 0 | F109: =TRUNC(E109*D109,1) -> 0 | G109: 0 | H109: =TRUNC(G109*D109,1) -> 0 | I109: =TRUNC(SUMIF(V108:V109, RIGHTB(O109, 1), L108:L109)*U109, 2) -> 83.77 | J109: =TRUNC(I109*D109,1) -> 83.7 | K109: =TRUNC(E109+G109+I109,1) -> 83.7 | L109: =TRUNC(F109+H109+J109,1) -> 83.7 | N109: 5045D186585AED19C1DF537159093B | O109: 51769183174AB519D74B12C15769001 | P109: F | Q109: F | R109: F | S109: 3 | T109: 2 | U109: 0.02 | AW109: 5045D186585AED19C1DF537159093B51769183174AB519D74B12C15769001
A110: [ 합 계 ] | F110: =TRUNC(SUMIF(N108:N109, N107, F108:F109),0) -> 1104 | H110: =TRUNC(SUMIF(N108:N109, N107, H108:H109),0) -> 2053 | J110: =TRUNC(SUMIF(N108:N109, N107, J108:J109),0) -> 1114 | L110: =F110+H110+J110 -> 4271 | N110: TOTAL | O110: TOTAL
A112: 흙깎기/보통토사 중규모 M3 공통 3-2-3,가 ( 호표 20 ) | N112: 5045D186585AED19C1CEEC4D5A5D47
A113: 불도저(무한궤도) | B113: 19ton | C113: HR | D113: 0.0143 | E113: =일위대가목록!E244 -> 38686 | F113: =TRUNC(E113*D113,1) -> 553.2 | G113: =일위대가목록!F244 -> 59020 | H113: =TRUNC(G113*D113,1) -> 843.9 | I113: =일위대가목록!G244 -> 35884 | J113: =TRUNC(I113*D113,1) -> 513.1 | K113: =TRUNC(E113+G113+I113,1) -> 133590 | L113: =TRUNC(F113+H113+J113,1) -> 1910.2 | M113: 호표 241 | N113: 5045D186585AED19C1CEEC4D5A5D47 | O113: 577F118D8878F81948753DBF54A39208010373C4 | P113: T | Q113: F | R113: F | AW113: 5045D186585AED19C1CEEC4D5A5D47577F118D8878F81948753DBF54A39208010373C4
A114: [ 합 계 ] | F114: =TRUNC(SUMIF(N113:N113, N112, F113:F113),0) -> 553 | H114: =TRUNC(SUMIF(N113:N113, N112, H113:H113),0) -> 843 | J114: =TRUNC(SUMIF(N113:N113, N112, J113:J113),0) -> 513 | L114: =F114+H114+J114 -> 1909 | N114: TOTAL | O114: TOTAL
A116: 흙깎기/혼합토사 중규모 M3 공통 3-2-3,나 ( 호표 21 ) | N116: 5045D186585AED19C1CEEC5E514F1E
A117: 불도저(무한궤도) | B117: 19ton | C117: HR | D117: 0.0205 | E117: =일위대가목록!E244 -> 38686 | F117: =TRUNC(E117*D117,1) -> 793 | G117: =일위대가목록!F244 -> 59020 | H117: =TRUNC(G117*D117,1) -> 1209.9 | I117: =일위대가목록!G244 -> 35884 | J117: =TRUNC(I117*D117,1) -> 735.6 | K117: =TRUNC(E117+G117+I117,1) -> 133590 | L117: =TRUNC(F117+H117+J117,1) -> 2738.5 | M117: 호표 241 | N117: 5045D186585AED19C1CEEC5E514F1E | O117: 577F118D8878F81948753DBF54A39208010373C4 | P117: T | Q117: F | R117: F | V117: 1 | AW117: 5045D186585AED19C1CEEC5E514F1E577F118D8878F81948753DBF54A39208010373C4
A118: 유압식 리퍼의 경비 | B118: 깍기 장비 기계경비의 합계의 2% | C118: 식 | D118: 1 | E118: 0 | F118: =TRUNC(E118*D118,1) -> 0 | G118: 0 | H118: =TRUNC(G118*D118,1) -> 0 | I118: =TRUNC(SUMIF(V117:V118, RIGHTB(O118, 1), L117:L118)*U118, 2) -> 54.77 | J118: =TRUNC(I118*D118,1) -> 54.7 | K118: =TRUNC(E118+G118+I118,1) -> 54.7 | L118: =TRUNC(F118+H118+J118,1) -> 54.7 | N118: 5045D186585AED19C1CEEC5E514F1E | O118: 51769183174AB519D74B12C15769001 | P118: F | Q118: F | R118: F | S118: 3 | T118: 2 | U118: 0.02 | AW118: 5045D186585AED19C1CEEC5E514F1E51769183174AB519D74B12C15769001
A119: [ 합 계 ] | F119: =TRUNC(SUMIF(N117:N118, N116, F117:F118),0) -> 793 | H119: =TRUNC(SUMIF(N117:N118, N116, H117:H118),0) -> 1209 | J119: =TRUNC(SUMIF(N117:N118, N116, J117:J118),0) -> 790 | L119: =F119+H119+J119 -> 2792 | N119: TOTAL | O119: TOTAL
A121: 흙깎기/보통토사 대규모 M3 공통 3-2-3,가 ( 호표 22 ) | N121: 5045D186585AED19C1FA28BE58F9DD
...

Sheet 단가산출목록
B1: 단 가 산 출 목 록
B2: 2026년 상반기 충청남도교육청 건설공사 일위대가(토목, 조경)
A3: 코 드 | B3: 품 명 | C3: 규 격 | D3: 단위 | E3: 재 료 비 | F3: 노 무 비 | G3: 경 비 | H3: 합 계 | I3: 번 호 | J3: 비 고 | K3: START | L3: 품셈개요
A4: 5045518AF62192199C10530B563414 | B4: 콘크리트포장 절단 | C4: 포장두께 20cm 이하 | D4: M | E4: =단가산출서!B41 -> 1002 | F4: =단가산출서!C41 -> 1529 | G4: =단가산출서!D41 -> 38 | H4: =단가산출서!E41 -> 2569 | I4: 산근 1 | K4: 5045518AF62192199C10530B563414 | L4: 유지관리 토목 2-1-2
A5: 5045518AF62192199C1053265490FC | B5: 아스팔트포장 절단 | C5: 포장두께 20cm 이하 | D5: M | E5: =단가산출서!B80 -> 878 | F5: =단가산출서!C80 -> 1376 | G5: =단가산출서!D80 -> 35 | H5: =단가산출서!E80 -> 2289 | I5: 산근 2 | K5: 5045518AF62192199C1053265490FC | L5: 유지관리 토목 2-1-2
A6: 5045518A832A4F19D43D6A80587011 | B6: 절삭 후 아스팔트 덧씌우기(밀링깊이 70mm) | C6: A-TYPE (연속구간) | D6: M2 | E6: =단가산출서!B161 -> 463 | F6: =단가산출서!C161 -> 1405 | G6: =단가산출서!D161 -> 852 | H6: =단가산출서!E161 -> 2720 | I6: 산근 3 | K6: 5045518A832A4F19D43D6A80587011 | L6: 유지관리 토목 2-1-3
A7: 5045518A832A4F19D43D6ACE554DBF | B7: 절삭 후 아스팔트 덧씌우기(밀링깊이 70mm) | C7: B-TYPE (불연속구간/장비운반 불필요) | D7: M2 | E7: =단가산출서!B242 -> 665 | F7: =단가산출서!C242 -> 1928 | G7: =단가산출서!D242 -> 1236 | H7: =단가산출서!E242 -> 3829 | I7: 산근 4 | K7: 5045518A832A4F19D43D6ACE554DBF | L7: 유지관리 토목 2-1-3
A8: 5045518A832A4F19D43D582057462D | B8: 절삭 후 아스팔트 덧씌우기(밀링깊이 70mm) | C8: C-TYPE (불연속구간/장비운반 필요) | D8: M2 | E8: =단가산출서!B323 -> 865 | F8: =단가산출서!C323 -> 3118 | G8: =단가산출서!D323 -> 1517 | H8: =단가산출서!E323 -> 5500 | I8: 산근 5 | K8: 5045518A832A4F19D43D582057462D | L8: 유지관리 토목 2-1-3
A9: 5045518A832A4F19D43D580558C37A | B9: 절삭 후 아스팔트 덧씌우기(밀링깊이 100mm) | C9: A-TYPE (연속구간) | D9: M2 | E9: =단가산출서!B404 -> 891 | F9: =단가산출서!C404 -> 2703 | G9: =단가산출서!D404 -> 1640 | H9: =단가산출서!E404 -> 5234 | I9: 산근 6 | K9: 5045518A832A4F19D43D580558C37A | L9: 유지관리 토목 2-1-4
A10: 5045518A832A4F19D43D58785940BF | B10: 절삭 후 아스팔트 덧씌우기(밀링깊이 100mm) | C10: B-TYPE (불연속구간/장비운반 불필요) | D10: M2 | E10: =단가산출서!B485 -> 1258 | F10: =단가산출서!C485 -> 3642 | G10: =단가산출서!D485 -> 2336 | H10: =단가산출서!E485 -> 7236 | I10: 산근 7 | K10: 5045518A832A4F19D43D58785940BF | L10: 유지관리 토목 2-1-4
A11: 5045518A832A4F19D43D4FD653E2D5 | B11: 절삭 후 콘크리트 덧씌우기(밀링깊이 t=100mm) | C11: (1일 2500m2) | D11: M2 | E11: =단가산출서!B535 -> 348 | F11: =단가산출서!C535 -> 1666 | G11: =단가산출서!D535 -> 777 | H11: =단가산출서!E535 -> 2791 | I11: 산근 8 | K11: 5045518A832A4F19D43D4FD653E2D5 | L11: 유지관리 토목 2-1-5
A12: 5045518A832A4F19D43D4FE05946DB | B12: 절삭 후 콘크리트 덧씌우기(밀링깊이 t=150mm) | C12: (1일 1600m2) | D12: M2 | E12: =단가산출서!B585 -> 544 | F12: =단가산출서!C585 -> 2603 | G12: =단가산출서!D585 -> 1214 | H12: =단가산출서!E585 -> 4361 | I12: 산근 9 | K12: 5045518A832A4F19D43D4FE05946DB | L12: 유지관리 토목 2-1-5
A13: 5045518A832A4F19D43D3D38549529 | B13: 아스팔트 덧씌우기 | C13: 소규모 포장(단지내 소로,주택가 도로 등) | D13: M2 | E13: =단가산출서!B651 -> 345 | F13: =단가산출서!C651 -> 2301 | G13: =단가산출서!D651 -> 507 | H13: =단가산출서!E651 -> 3153 | I13: 산근 10 | K13: 5045518A832A4F19D43D3D38549529 | L13: 유지관리 토목 2-1-6
A14: 5045518A832A4F19D43D3D3855BB2B | B14: 개질아스팔트 덧씌우기 | C14: 소규모 포장(단지내 소로,주택가 도로 등) | D14: M2 | E14: =단가산출서!B711 -> 391 | F14: =단가산출서!C711 -> 2557 | G14: =단가산출서!D711 -> 536 | H14: =단가산출서!E711 -> 3484 | I14: 산근 11 | K14: 5045518A832A4F19D43D3D3855BB2B | L14: 유지관리 토목 2-1-6
A15: 5045518A832A4F19D43D3D38564030 | B15: 투배수성 덧씌우기 | C15: 소규모 포장(단지내 소로,주택가 도로 등) | D15: M2 | E15: =단가산출서!B771 -> 439 | F15: =단가산출서!C771 -> 2877 | G15: =단가산출서!D771 -> 603 | H15: =단가산출서!E771 -> 3919 | I15: 산근 12 | K15: 5045518A832A4F19D43D3D38564030 | L15: 유지관리 토목 2-1-6
A16: 5045518A832A4F19D43D3D0C5FC729 | B16: 아스팔트 절삭 | C16: 밀링깊이 70MM이하(소규모 포장) | D16: M2 | E16: =단가산출서!B819 -> 356 | F16: =단가산출서!C819 -> 1036 | G16: =단가산출서!D819 -> 640 | H16: =단가산출서!E819 -> 2032 | I16: 산근 13 | K16: 5045518A832A4F19D43D3D0C5FC729 | L16: 유지관리 토목 2-1-6
A17: 5045518AF65EE619E334BDAA5AE495 | B17: 일체형 맨홀추락방지망 설치 | C17: 아스팔트구간 | D17: 개소 | E17: =단가산출서!B873 -> 43791 | F17: =단가산출서!C873 -> 427216 | G17: =단가산출서!D873 -> 44497 | H17: =단가산출서!E873 -> 515504 | I17: 산근 14 | K17: 5045518AF65EE619E334BDAA5AE495 | L17: 유지관리 토목 2-1-12
A18: 5045518AF65EE619E334BDD75E45C2 | B18: 일체형 맨홀추락방지망 설치 | C18: 보도구간 | D18: 개소 | E18: =단가산출서!B903 -> 5338 | F18: =단가산출서!C903 -> 167878 | G18: =단가산출서!D903 -> 10065 | H18: =단가산출서!E903 -> 183281 | I18: 산근 15 | K18: 5045518AF65EE619E334BDD75E45C2 | L18: 유지관리 토목 2-1-13
A19: 5045518AF65EE619E334BDC557BB99 | B19: 부착형 맨홀추락방지망 설치 | D19: 개소 | E19: =단가산출서!B931 -> 3558 | F19: =단가산출서!C931 -> 85211 | G19: =단가산출서!D931 -> 6949 | H19: =단가산출서!E931 -> 95718 | I19: 산근 16 | K19: 5045518AF65EE619E334BDC557BB99 | L19: 유지관리 토목 2-1-13
A20: 5045518AF65EE619E32A576E54EB8D | B20: 차선도색 제거 | D20: M2 | E20: =단가산출서!B962 -> 3454 | F20: =단가산출서!C962 -> 35956 | G20: =단가산출서!D962 -> 2350 | H20: =단가산출서!E962 -> 41760 | I20: 산근 17 | K20: 5045518AF65EE619E32A576E54EB8D | L20: 유지관리 토목 2-1-16
A21: 50448187514A2619B115E20758CD3D | B21: 보도용 블록 인력철거 | C21: A-TYPE: 공원, 단지내 보도 | D21: M2 | E21: =단가산출서!B986 -> 118 | F21: =단가산출서!C986 -> 3580 | G21: =단가산출서!D986 -> 144 | H21: =단가산출서!E986 -> 3842 | I21: 산근 18 | K21: 50448187514A2619B115E20758CD3D | L21: 유지관리 토목 2-1-27
A22: 50448187514A2619B115E20758CEC4 | B22: 보도용 블록 인력철거 | C22: B-TYPE: 차도인접, 주택가보도 | D22: M2 | E22: =단가산출서!B1010 -> 164 | F22: =단가산출서!C1010 -> 4295 | G22: =단가산출서!D1010 -> 200 | H22: =단가산출서!E1010 -> 4659 | I22: 산근 19 | K22: 50448187514A2619B115E20758CEC4 | L22: 유지관리 토목 2-1-27
A23: 50448187514A2619B115D19056D4EC | B23: 보도용 블록 장비사용 철거 | C23: A-TYPE: 공원, 단지내 보도 | D23: M2 | E23: =단가산출서!B1040 -> 285 | F23: =단가산출서!C1040 -> 2192 | G23: =단가산출서!D1040 -> 320 | H23: =단가산출서!E1040 -> 2797 | I23: 산근 20 | K23: 50448187514A2619B115D19056D4EC | L23: 유지관리 토목 2-1-28
A24: 50448187514A2619B115D19056D7A0 | B24: 보도용 블록 장비사용 철거 | C24: B-TYPE: 차도인접, 주택가보도 | D24: M2 | E24: =단가산출서!B1070 -> 233 | F24: =단가산출서!C1070 -> 2860 | G24: =단가산출서!D1070 -> 354 | H24: =단가산출서!E1070 -> 3447 | I24: 산근 21 | K24: 50448187514A2619B115D19056D7A0 | L24: 유지관리 토목 2-1-28
A25: 5045518ACA61F219F892327850A00E | B25: 보도용 블록 재설치(소형) / A-TYPE | C25: 블록 정밀절단 / 0 .1㎡이하, 두께 8cm | D25: M2 | E25: =단가산출서!B1116 -> 714 | F25: =단가산출서!C1116 -> 10679 | G25: =단가산출서!D1116 -> 1069 | H25: =단가산출서!E1116 -> 12462 | I25: 산근 22 | K25: 5045518ACA61F219F892327850A00E | L25: 유지관리 토목 2-1-29
A26: 5045518ACA61F219F89232785147F8 | B26: 보도용 블록 재설치(소형) / 유도,점자 / A-TYPE | C26: 블록 정밀절단 / 0 .1㎡이하, 두께 8cm | D26: M2 | E26: =단가산출서!B1160 -> 793 | F26: =단가산출서!C1160 -> 11865 | G26: =단가산출서!D1160 -> 1188 | H26: =단가산출서!E1160 -> 13846 | I26: 산근 23 | K26: 5045518ACA61F219F89232785147F8 | L26: 유지관리 토목 2-1-29
A27: 5045518ACA61F219F892324C5CF918 | B27: 보도용 블록 재설치(소형) / A-TYPE | C27: 0 .1㎡이하, 두께 8cm | D27: M2 | E27: =단가산출서!B1204 -> 714 | F27: =단가산출서!C1204 -> 9809 | G27: =단가산출서!D1204 -> 865 | H27: =단가산출서!E1204 -> 11388 | I27: 산근 24 | K27: 5045518ACA61F219F892324C5CF918 | L27: 유지관리 토목 2-1-29
A28: 5045518ACA61F219F892324C5D80EA | B28: 보도용 블록 재설치(소형) / 유도,점자 / A-TYPE | C28: 0 .1㎡이하, 두께 8cm | D28: M2 | E28: =단가산출서!B1248 -> 793 | F28: =단가산출서!C1248 -> 10899 | G28: =단가산출서!D1248 -> 961 | H28: =단가산출서!E1248 -> 12653 | I28: 산근 25 | K28: 5045518ACA61F219F892324C5D80EA | L28: 유지관리 토목 2-1-29
A29: 5045518ACA61F219F8920532520766 | B29: 보도용 블록 재설치(소형) / B-TYPE | C29: 블록 정밀절단 / 0 .1㎡이하, 두께 8cm | D29: M2 | E29: =단가산출서!B1292 -> 674 | F29: =단가산출서!C1292 -> 12951 | G29: =단가산출서!D1292 -> 1259 | H29: =단가산출서!E1292 -> 14884 | I29: 산근 26 | K29: 5045518ACA61F219F8920532520766 | L29: 유지관리 토목 2-1-29
A30: 5045518ACA61F219F8920532532E70 | B30: 보도용 블록 재설치(소형) / 유도,점자 / B-TYPE | C30: 블록 정밀절단 / 0 .1㎡이하, 두께 8cm | D30: M2 | E30: =단가산출서!B1336 -> 749 | F30: =단가산출서!C1336 -> 14390 | G30: =단가산출서!D1336 -> 1398 | H30: =단가산출서!E1336 -> 16537 | I30: 산근 27 | K30: 5045518ACA61F219F8920532532E70 | L30: 유지관리 토목 2-1-29
A31: 5045518ACA61F219F89205065DBAAD | B31: 보도용 블록 재설치(소형) / B-TYPE | C31: 0 .1㎡이하, 두께 8cm | D31: M2 | E31: =단가산출서!B1380 -> 674 | F31: =단가산출서!C1380 -> 11695 | G31: =단가산출서!D1380 -> 1038 | H31: =단가산출서!E1380 -> 13407 | I31: 산근 28 | K31: 5045518ACA61F219F89205065DBAAD | L31: 유지관리 토목 2-1-29
A32: 5045518ACA61F219F89205065C9383 | B32: 보도용 블록 재설치(소형) / 유도,점자 / B-TYPE | C32: 0 .1㎡이하, 두께 8cm | D32: M2 | E32: =단가산출서!B1424 -> 749 | F32: =단가산출서!C1424 -> 12994 | G32: =단가산출서!D1424 -> 1154 | H32: =단가산출서!E1424 -> 14897 | I32: 산근 29 | K32: 5045518ACA61F219F89205065C9383 | L32: 유지관리 토목 2-1-29
A33: 5045518ACA61E0198FFF907B504344 | B33: 보도용 블록 소규모보수 | C33: 시공면적: 10M2 이하 | D33: M2 | E33: =단가산출서!B1469 -> 2597 | F33: =단가산출서!C1469 -> 29441 | G33: =단가산출서!D1469 -> 3022 | H33: =단가산출서!E1469 -> 35060 | I33: 산근 30 | K33: 5045518ACA61E0198FFF907B504344 | L33: 유지관리 토목 2-1-31
A34: 5045518ACA61E0198FFF907B516A6D | B34: 보도용 유도,점자블록 소규모보수 | C34: 시공면적: 10M2 이하 | D34: M2 | E34: =단가산출서!B1514 -> 2886 | F34: =단가산출서!C1514 -> 32713 | G34: =단가산출서!D1514 -> 3358 | H34: =단가산출서!E1514 -> 38957 | I34: 산근 31 | K34: 5045518ACA61E0198FFF907B516A6D | L34: 유지관리 토목 2-1-31
A35: 5045518ACA61E0198FFF904F5C9C6E | B35: 보도용 블록 소규모보수 | C35: 시공면적: 30M2 이하 | D35: M2 | E35: =단가산출서!B1559 -> 1986 | F35: =단가산출서!C1559 -> 22514 | G35: =단가산출서!D1559 -> 2311 | H35: =단가산출서!E1559 -> 26811 | I35: 산근 32 | K35: 5045518ACA61E0198FFF904F5C9C6E | L35: 유지관리 토목 2-1-31
A36: 5045518ACA61E0198FFF904F5DA340 | B36: 보도용 유도,점자블록 소규모보수 | C36: 시공면적: 30M2 이하 | D36: M2 | E36: =단가산출서!B1604 -> 2207 | F36: =단가산출서!C1604 -> 25015 | G36: =단가산출서!D1604 -> 2568 | H36: =단가산출서!E1604 -> 29790 | I36: 산근 33 | K36: 5045518ACA61E0198FFF904F5DA340 | L36: 유지관리 토목 2-1-31
A37: 5045518ACA61E0198FFF9058536ECD | B37: 보도용 블록 소규모보수 | C37: 시공면적: 60M2 이하 | D37: M2 | E37: =단가산출서!B1649 -> 1777 | F37: =단가산출서!C1649 -> 20144 | G37: =단가산출서!D1649 -> 2068 | H37: =단가산출서!E1649 -> 23989 | I37: 산근 34 | K37: 5045518ACA61E0198FFF9058536ECD | L37: 유지관리 토목 2-1-31
A38: 5045518ACA61E0198FFF90585248CA | B38: 보도용 유도,점자블록 소규모보수 | C38: 시공면적: 60M2 이하 | D38: M2 | E38: =단가산출서!B1694 -> 1974 | F38: =단가산출서!C1694 -> 22383 | G38: =단가산출서!D1694 -> 2298 | H38: =단가산출서!E1694 -> 26655 | I38: 산근 35 | K38: 5045518ACA61E0198FFF90585248CA | L38: 유지관리 토목 2-1-31
A39: 5045518ACA61E0198FFF902C5FA8C6 | B39: 보도용 블록 소규모보수 | C39: 시공면적: 110M2 이하 | D39: M2 | E39: =단가산출서!B1739 -> 1688 | F39: =단가산출서!C1739 -> 19137 | G39: =단가산출서!D1739 -> 1964 | H39: =단가산출서!E1739 -> 22789 | I39: 산근 36 | K39: 5045518ACA61E0198FFF902C5FA8C6 | L39: 유지관리 토목 2-1-31
A40: 5045518ACA61E0198FFF902C5E813C | B40: 보도용 유도,점자블록 소규모보수 | C40: 시공면적: 110M2 이하 | D40: M2 | E40: =단가산출서!B1784 -> 1875 | F40: =단가산출서!C1784 -> 21264 | G40: =단가산출서!D1784 -> 2183 | H40: =단가산출서!E1784 -> 25322 | I40: 산근 37 | K40: 5045518ACA61E0198FFF902C5E813C | L40: 유지관리 토목 2-1-31
A41: 5045518ACA61E0198FFF903D55F313 | B41: 보도용 블록 소규모보수 | C41: 시공면적: 110M2 초과 | D41: M2 | E41: =단가산출서!B1829 -> 1607 | F41: =단가산출서!C1829 -> 18225 | G41: =단가산출서!D1829 -> 1871 | H41: =단가산출서!E1829 -> 21703 | I41: 산근 38 | K41: 5045518ACA61E0198FFF903D55F313 | L41: 유지관리 토목 2-1-31
A42: 5045518ACA61E0198FFF903D54EC21 | B42: 보도용 유도,점자블록 소규모보수 | C42: 시공면적: 110M2 초과 | D42: M2 | E42: =단가산출서!B1874 -> 1786 | F42: =단가산출서!C1874 -> 20251 | G42: =단가산출서!D1874 -> 2079 | H42: =단가산출서!E1874 -> 24116 | I42: 산근 39 | K42: 5045518ACA61E0198FFF903D54EC21 | L42: 유지관리 토목 2-1-31
A43: 50448187514A2619B115FCA754BFCB | B43: 보차도 및 도로경계블록 철거 | C43: A-TYPE / 300미만 | D43: M | E43: =단가산출서!B1905 -> 343 | F43: =단가산출서!C1905 -> 2989 | G43: =단가산출서!D1905 -> 384 | H43: =단가산출서!E1905 -> 3716 | I43: 산근 40 | K43: 50448187514A2619B115FCA754BFCB | L43: 유지관리 토목 2-1-32
A44: 50448187514A2619B115FCA75773F2 | B44: 보차도 및 도로경계블록 철거 | C44: A-TYPE / 350미만 | D44: M | E44: =단가산출서!B1936 -> 408 | F44: =단가산출서!C1936 -> 3558 | G44: =단가산출서!D1936 -> 457 | H44: =단가산출서!E1936 -> 4423 | I44: 산근 41 | K44: 50448187514A2619B115FCA75773F2 | L44: 유지관리 토목 2-1-32
A45: 50448187514A2619B115FCA7566DA7 | B45: 보차도 및 도로경계블록 철거 | C45: A-TYPE / 400미만 | D45: M | E45: =단가산출서!B1967 -> 439 | F45: =단가산출서!C1967 -> 3832 | G45: =단가산출서!D1967 -> 492 | H45: =단가산출서!E1967 -> 4763 | I45: 산근 42 | K45: 50448187514A2619B115FCA7566DA7 | L45: 유지관리 토목 2-1-32
A46: 50448187514A2619B115FCA751EB6C | B46: 보차도 및 도로경계블록 철거 | C46: A-TYPE / 500미만 | D46: M | E46: =단가산출서!B1998 -> 635 | F46: =단가산출서!C1998 -> 5535 | G46: =단가산출서!D1998 -> 712 | H46: =단가산출서!E1998 -> 6882 | I46: 산근 43 | K46: 50448187514A2619B115FCA751EB6C | L46: 유지관리 토목 2-1-32
A47: 50448187514A2619B115FCA750C443 | B47: 보차도 및 도로경계블록 철거 | C47: A-TYPE / 500이상 | D47: M | E47: =단가산출서!B2029 -> 1009 | F47: =단가산출서!C2029 -> 8792 | G47: =단가산출서!D2029 -> 1131 | H47: =단가산출서!E2029 -> 10932 | I47: 산근 44 | K47: 50448187514A2619B115FCA750C443 | L47: 유지관리 토목 2-1-32
A48: 50448187514A2619B115FC965E54C6 | B48: 보차도 및 도로경계블록 철거 | C48: B-TYPE / 300미만 | D48: M | E48: =단가산출서!B2060 -> 268 | F48: =단가산출서!C2060 -> 3736 | G48: =단가산출서!D2060 -> 407 | H48: =단가산출서!E2060 -> 4411 | I48: 산근 45 | K48: 50448187514A2619B115FC965E54C6 | L48: 유지관리 토목 2-1-32
A49: 50448187514A2619B115FC965D4DD4 | B49: 보차도 및 도로경계블록 철거 | C49: B-TYPE / 350미만 | D49: M | E49: =단가산출서!B2091 -> 320 | F49: =단가산출서!C2091 -> 4461 | G49: =단가산출서!D2091 -> 486 | H49: =단가산출서!E2091 -> 5267 | I49: 산근 46 | K49: 50448187514A2619B115FC965D4DD4 | L49: 유지관리 토목 2-1-32
A50: 50448187514A2619B115FC965CA771 | B50: 보차도 및 도로경계블록 철거 | C50: B-TYPE / 400미만 | D50: M | E50: =단가산출서!B2122 -> 345 | F50: =단가산출서!C2122 -> 4821 | G50: =단가산출서!D2122 -> 526 | H50: =단가산출서!E2122 -> 5692 | I50: 산근 47 | K50: 50448187514A2619B115FC965CA771 | L50: 유지관리 토목 2-1-32
A51: 50448187514A2619B115FC965B8067 | B51: 보차도 및 도로경계블록 철거 | C51: B-TYPE / 500미만 | D51: M | E51: =단가산출서!B2153 -> 498 | F51: =단가산출서!C2153 -> 6951 | G51: =단가산출서!D2153 -> 758 | H51: =단가산출서!E2153 -> 8207 | I51: 산근 48 | K51: 50448187514A2619B115FC965B8067 | L51: 유지관리 토목 2-1-32
A52: 50448187514A2619B115FC965AF995 | B52: 보차도 및 도로경계블록 철거 | C52: B-TYPE / 500이상 | D52: M | E52: =단가산출서!B2184 -> 825 | F52: =단가산출서!C2184 -> 11497 | G52: =단가산출서!D2184 -> 1255 | H52: =단가산출서!E2184 -> 13577 | I52: 산근 49 | K52: 50448187514A2619B115FC965AF995 | L52: 유지관리 토목 2-1-32
A53: 5045518ADB0C2919815A1BD356B819 | B53: 보차도 및 도로경계블록 재설치 | C53: A-TYPE / 300미만 / 직선구간 | D53: M | E53: =단가산출서!B2218 -> 1143 | F53: =단가산출서!C2218 -> 11472 | G53: =단가산출서!D2218 -> 1395 | H53: =단가산출서!E2218 -> 14010 | I53: 산근 50 | K53: 5045518ADB0C2919815A1BD356B819 | L53: 유지관리 토목 2-1-33
A54: 5045518ADB0C2919815A1BD3559170 | B54: 보차도 및 도로경계블록 재설치 | C54: A-TYPE / 350미만 / 직선구간 | D54: M | E54: =단가산출서!B2252 -> 1429 | F54: =단가산출서!C2252 -> 14340 | G54: =단가산출서!D2252 -> 1744 | H54: =단가산출서!E2252 -> 17513 | I54: 산근 51 | K54: 5045518ADB0C2919815A1BD3559170 | L54: 유지관리 토목 2-1-33
A55: 5045518ADB0C2919815A1BD3548A1E | B55: 보차도 및 도로경계블록 재설치 | C55: A-TYPE / 400미만 / 직선구간 | D55: M | E55: =단가산출서!B2286 -> 1559 | F55: =단가산출서!C2286 -> 15643 | G55: =단가산출서!D2286 -> 1902 | H55: =단가산출서!E2286 -> 19104 | I55: 산근 52 | K55: 5045518ADB0C2919815A1BD3548A1E | L55: 유지관리 토목 2-1-33
A56: 5045518ADB0C2919815A1BD353E394 | B56: 보차도 및 도로경계블록 재설치 | C56: A-TYPE / 500미만 / 직선구간 | D56: M | E56: =단가산출서!B2320 -> 2145 | F56: =단가산출서!C2320 -> 21510 | G56: =단가산출서!D2320 -> 2616 | H56: =단가산출서!E2320 -> 26271 | I56: 산근 53 | K56: 5045518ADB0C2919815A1BD353E394 | L56: 유지관리 토목 2-1-33
A57: 5045518ADB0C2919815A1BD352DD49 | B57: 보차도 및 도로경계블록 재설치 | C57: A-TYPE / 500이상 / 직선구간 | D57: M | E57: =단가산출서!B2354 -> 3431 | F57: =단가산출서!C2354 -> 34416 | G57: =단가산출서!D2354 -> 4185 | H57: =단가산출서!E2354 -> 42032 | I57: 산근 54 | K57: 5045518ADB0C2919815A1BD352DD49 | L57: 유지관리 토목 2-1-33
A58: 5045518ADB0C2919815A1BED5FAEA1 | B58: 보차도 및 도로경계블록 재설치 | C58: A-TYPE / 300미만 / 곡선구간 | D58: M | E58: =단가산출서!B2388 -> 1319 | F58: =단가산출서!C2388 -> 13237 | G58: =단가산출서!D2388 -> 1609 | H58: =단가산출서!E2388 -> 16165 | I58: 산근 55 | K58: 5045518ADB0C2919815A1BED5FAEA1 | L58: 유지관리 토목 2-1-33
A59: 5045518ADB0C2919815A63F753ED3A | B59: 보차도 및 도로경계블록 재설치 | C59: B-TYPE / 300미만 / 직선구간 | D59: M | E59: =단가산출서!B2422 -> 975 | F59: =단가산출서!C2422 -> 13588 | G59: =단가산출서!D2422 -> 1596 | H59: =단가산출서!E2422 -> 16159 | I59: 산근 56 | K59: 5045518ADB0C2919815A63F753ED3A | L59: 유지관리 토목 2-1-33
A60: 5045518ADB0C2919815A63F750199C | B60: 보차도 및 도로경계블록 재설치 | C60: B-TYPE / 350미만 / 직선구간 | D60: M | E60: =단가산출서!B2456 -> 1261 | F60: =단가산출서!C2456 -> 17584 | G60: =단가산출서!D2456 -> 2066 | H60: =단가산출서!E2456 -> 20911 | I60: 산근 57 | K60: 5045518ADB0C2919815A63F750199C | L60: 유지관리 토목 2-1-33
A61: 5045518ADB0C2919815A63F7513F9F | B61: 보차도 및 도로경계블록 재설치 | C61: B-TYPE / 400미만 / 직선구간 | D61: M | E61: =단가산출서!B2490 -> 1340 | F61: =단가산출서!C2490 -> 18683 | G61: =단가산출서!D2490 -> 2195 | H61: =단가산출서!E2490 -> 22218 | I61: 산근 58 | K61: 5045518ADB0C2919815A63F7513F9F | L61: 유지관리 토목 2-1-33
A62: 5045518ADB0C2919815A63F756A1E0 | B62: 보차도 및 도로경계블록 재설치 | C62: B-TYPE / 500미만 / 직선구간 | D62: M | E62: =단가산출서!B2524 -> 1950 | F62: =단가산출서!C2524 -> 27176 | G62: =단가산출서!D2524 -> 3193 | H62: =단가산출서!E2524 -> 32319 | I62: 산근 59 | K62: 5045518ADB0C2919815A63F756A1E0 | L62: 유지관리 토목 2-1-33
A63: 5045518ADB0C2919815A63F757486A | B63: 보차도 및 도로경계블록 재설치 | C63: B-TYPE / 500이상 / 직선구간 | D63: M | E63: =단가산출서!B2558 -> 2681 | F63: =단가산출서!C2558 -> 37367 | G63: =단가산출서!D2558 -> 4391 | H63: =단가산출서!E2558 -> 44439 | I63: 산근 60 | K63: 5045518ADB0C2919815A63F757486A | L63: 유지관리 토목 2-1-33
A64: 5045518ADB0C2919815A63CB5F266D | B64: 보차도 및 도로경계블록 재설치 | C64: B-TYPE / 300미만 / 곡선구간 | D64: M | E64: =단가산출서!B2592 -> 1129 | F64: =단가산출서!C2592 -> 15733 | G64: =단가산출서!D2592 -> 1848 | H64: =단가산출서!E2592 -> 18710 | I64: 산근 61 | K64: 5045518ADB0C2919815A63CB5F266D | L64: 유지관리 토목 2-1-33
A65: 5045D1864FC2EC19283B7AC6527FC1 | B65: 터파기/토사 | C65: 보통, 굴착기 0.2m3 | D65: M3 | E65: =단가산출서!B2612 -> 431 | F65: =단가산출서!C2612 -> 3152 | G65: =단가산출서!D2612 -> 741 | H65: =단가산출서!E2612 -> 4324 | I65: 산근 62 | K65: 5045D1864FC2EC19283B7AC6527FC1 | L65: 공통 8-2-3
A66: 5045D1864FC2EC19283B7AC6527D14 | B66: 터파기/토사 | C66: 보통, 굴착기 0.2m3 90%, 인력10% | D66: M3 | E66: =단가산출서!B2639 -> 387 | F66: =단가산출서!C2639 -> 9118 | G66: =단가산출서!D2639 -> 666 | H66: =단가산출서!E2639 -> 10171 | I66: 산근 63 | K66: 5045D1864FC2EC19283B7AC6527D14 | L66: 공통 8-2-3
A67: 5045D1864FC2EC19283B7AC6527D15 | B67: 터파기/토사 | C67: 보통, 굴착기 0.2m3 70%, 인력30% | D67: M3 | E67: =단가산출서!B2666 -> 301 | F67: =단가산출서!C2666 -> 21050 | G67: =단가산출서!D2666 -> 518 | H67: =단가산출서!E2666 -> 21869 | I67: 산근 64 | K67: 5045D1864FC2EC19283B7AC6527D15 | L67: 공통 8-2-3
A68: 5045D1864FC2EC19283B7AC6542C97 | B68: 터파기/토사 | C68: 보통, 굴착기 0.4m3 | D68: M3 | E68: =단가산출서!B2684 -> 430 | F68: =단가산출서!C2684 -> 1576 | G68: =단가산출서!D2684 -> 467 | H68: =단가산출서!E2684 -> 2473 | I68: 산근 65 | K68: 5045D1864FC2EC19283B7AC6542C97 | L68: 공통 8-2-3
A69: 5045D1864FC2EC19283B7AC6542E44 | B69: 터파기/토사 | C69: 보통, 굴착기 0.4m3 90%, 인력10% | D69: M3 | E69: =단가산출서!B2711 -> 387 | F69: =단가산출서!C2711 -> 7699 | G69: =단가산출서!D2711 -> 421 | H69: =단가산출서!E2711 -> 8507 | I69: 산근 66 | K69: 5045D1864FC2EC19283B7AC6542E44 | L69: 공통 8-2-3
A70: 5045D1864FC2EC19283B7AC6542F6B | B70: 터파기/토사 | C70: 보통, 굴착기 0.4m3 70%, 인력30% | D70: M3 | E70: =단가산출서!B2738 -> 301 | F70: =단가산출서!C2738 -> 19946 | G70: =단가산출서!D2738 -> 327 | H70: =단가산출서!E2738 -> 20574 | I70: 산근 67 | K70: 5045D1864FC2EC19283B7AC6542F6B | L70: 공통 8-2-3
A71: 5045D1864FC2EC19283B7AC657E123 | B71: 터파기/토사 | C71: 보통, 굴착기 0.7m3 | D71: M3 | E71: =단가산출서!B2756 -> 320 | F71: =단가산출서!C2756 -> 1000 | G71: =단가산출서!D2756 -> 416 | H71: =단가산출서!E2756 -> 1736 | I71: 산근 68 | K71: 5045D1864FC2EC19283B7AC657E123 | L71: 공통 8-2-3
A72: 5045D1864FC2EC19283B7AC657E3D1 | B72: 터파기/토사 | C72: 보통, 굴착기 0.7m3 90%, 인력10% | D72: M3 | E72: =단가산출서!B2783 -> 288 | F72: =단가산출서!C2783 -> 7181 | G72: =단가산출서!D2783 -> 374 | H72: =단가산출서!E2783 -> 7843 | I72: 산근 69 | K72: 5045D1864FC2EC19283B7AC657E3D1 | L72: 공통 8-2-3
A73: 5045D1864FC2EC19283B7AC657E2CA | B73: 터파기/토사 | C73: 보통, 굴착기 0.7m3 70%, 인력30% | D73: M3 | E73: =단가산출서!B2810 -> 224 | F73: =단가산출서!C2810 -> 19544 | G73: =단가산출서!D2810 -> 291 | H73: =단가산출서!E2810 -> 20059 | I73: 산근 70 | K73: 5045D1864FC2EC19283B7AC657E2CA | L73: 공통 8-2-3
A74: 5045D1864FC2EC19283B7AD0573C5E | B74: 터파기/토사 | C74: 보통, 굴착기 1.0m3 | D74: M3 | E74: =단가산출서!B2828 -> 395 | F74: =단가산출서!C2828 -> 735 | G74: =단가산출서!D2828 -> 369 | H74: =단가산출서!E2828 -> 1499 | I74: 산근 71 | K74: 5045D1864FC2EC19283B7AD0573C5E | L74: 공통 8-2-3
A75: 5045D1864FC2EC19283B7AD0573E0A | B75: 터파기/사질토 | C75: 보통, 굴착기 1.0m3 70%, 인력30% | D75: M3 | E75: =단가산출서!B2855 -> 254 | F75: =단가산출서!C2855 -> 25598 | G75: =단가산출서!D2855 -> 237 | H75: =단가산출서!E2855 -> 26089 | I75: 산근 72 | K75: 5045D1864FC2EC19283B7AD0573E0A | L75: 공통 8-2-3
A76: 5045D1864FC2EC19283B7AD057398B | B76: 터파기/사질토 | C76: 보통, 굴착기 1.0m3 90%, 인력10% | D76: M3 | E76: =단가산출서!B2882 -> 327 | F76: =단가산출서!C2882 -> 8983 | G76: =단가산출서!D2882 -> 305 | H76: =단가산출서!E2882 -> 9615 | I76: 산근 73 | K76: 5045D1864FC2EC19283B7AD057398B | L76: 공통 8-2-3
A77: 5045D1864FC2EC19283B33155E1F72 | B77: 터파기/풍화암 | C77: 보통, 대형브레이카+굴착기 0.7m3 | D77: M3 | E77: =단가산출서!B2904 -> 4967 | F77: =단가산출서!C2904 -> 15531 | G77: =단가산출서!D2904 -> 10797 | H77: =단가산출서!E2904 -> 31295 | I77: 산근 74 | J77: 집적별도 | K77: 5045D1864FC2EC19283B33155E1F72 | L77: 공통 8-2-13
A78: 5045D1864FC2EC19283B33155F2663 | B78: 터파기/연암 | C78: 보통, 대형브레이카+굴착기 0.7m3 | D78: M3 | E78: =단가산출서!B2926 -> 5393 | F78: =단가산출서!C2926 -> 16862 | G78: =단가산출서!D2926 -> 11722 | H78: =단가산출서!E2926 -> 33977 | I78: 산근 75 | J78: 집적별도 | K78: 5045D1864FC2EC19283B33155F2663 | L78: 공통 8-2-13
A79: 5045D1864FC2EC19283B104653488A | B79: 터파기/보통암 | C79: 보통, 대형브레이카+굴착기 0.7m3 | D79: M3 | E79: =단가산출서!B2948 -> 7551 | F79: =단가산출서!C2948 -> 23608 | G79: =단가산출서!D2948 -> 17621 | H79: =단가산출서!E2948 -> 48780 | I79: 산근 76 | J79: 집적별도 | K79: 5045D1864FC2EC19283B104653488A | L79: 공통 8-2-13
A80: 5045D1864FC2EC19283BEDCD52E8ED | B80: 터파기/경암 | C80: 보통, 대형브레이카+굴착기 0.7m3 | D80: M3 | E80: =단가산출서!B2970 -> 10487 | F80: =단가산출서!C2970 -> 32788 | G80: =단가산출서!D2970 -> 25674 | H80: =단가산출서!E2970 -> 68949 | I80: 산근 77 | J80: 집적별도 | K80: 5045D1864FC2EC19283BEDCD52E8ED | L80: 공통 8-2-13
A81: 5045D1864FC2EC19287148BF5D622D | B81: 암 파쇄/연암 | C81: 보통, 대형브레이카+굴착기 0.7m3 | D81: M3 | E81: =단가산출서!B2992 -> 3775 | F81: =단가산출서!C2992 -> 11804 | G81: =단가산출서!D2992 -> 8206 | H81: =단가산출서!E2992 -> 23785 | I81: 산근 78 | J81: 집적별도 | K81: 5045D1864FC2EC19287148BF5D622D | L81: 공통 8-2-13
A82: 5045D1864FC2EC1928716B8E58AD3C | B82: 암 파쇄/보통암 | C82: 보통, 대형브레이카+굴착기 0.7m3 | D82: M3 | E82: =단가산출서!B3014 -> 5552 | F82: =단가산출서!C3014 -> 17358 | G82: =단가산출서!D3014 -> 12956 | H82: =단가산출서!E3014 -> 35866 | I82: 산근 79 | J82: 집적별도 | K82: 5045D1864FC2EC1928716B8E58AD3C | L82: 공통 8-2-13
A83: 5045D1864FC2EC19287190C259E33E | B83: 암 파쇄/경암 | C83: 보통, 대형브레이카+굴착기 0.7m3 | D83: M3 | E83: =단가산출서!B3036 -> 7260 | F83: =단가산출서!C3036 -> 22700 | G83: =단가산출서!D3036 -> 17774 | H83: =단가산출서!E3036 -> 47734 | I83: 산근 80 | J83: 집적별도 | K83: 5045D1864FC2EC19287190C259E33E | L83: 공통 8-2-13
A84: 5045D18685A14419EF64A211591D1A | B84: 토사 운반/단지내 1.0km | C84: 보통, 덤프 15ton+굴착기 0.7m3(고르기 별도) | D84: M3 | E84: =단가산출서!B3073 -> 926 | F84: =단가산출서!C3073 -> 1868 | G84: =단가산출서!D3073 -> 667 | H84: =단가산출서!E3073 -> 3461 | I84: 산근 81 | K84: 5045D18685A14419EF64A211591D1A | L84: 공통 8-2-8
A85: 5045D18685A14419EF64DF655E0D32 | B85: 토사 운반/단지내 1.0km | C85: 보통, 덤프 24ton+굴착기 1.0m3(고르기 별도) | D85: M3 | E85: =단가산출서!B3110 -> 900 | F85: =단가산출서!C3110 -> 1254 | G85: =단가산출서!D3110 -> 711 | H85: =단가산출서!E3110 -> 2865 | I85: 산근 82 | K85: 5045D18685A14419EF64DF655E0D32 | L85: 공통 8-2-8
A86: 5045D18685A14419EF49F1A55685F9 | B86: 풍화암 운반/단지내 1.0km | C86: 보통, 덤프 15ton+굴착기 0.7m3(고르기 별도) | D86: M3 | E86: =단가산출서!B3147 -> 1367 | F86: =단가산출서!C3147 -> 2758 | G86: =단가산출서!D3147 -> 1155 | H86: =단가산출서!E3147 -> 5280 | I86: 산근 83 | K86: 5045D18685A14419EF49F1A55685F9 | L86: 공통 8-2-8
A87: 5045D18685A14419EF498EB457EF33 | B87: 풍화암 운반/단지내 1.0km | C87: 보통, 덤프 24ton+굴착기 1.0m3(고르기 별도) | D87: M3 | E87: =단가산출서!B3184 -> 1354 | F87: =단가산출서!C3184 -> 1887 | G87: =단가산출서!D3184 -> 1069 | H87: =단가산출서!E3184 -> 4310 | I87: 산근 84 | K87: 5045D18685A14419EF498EB457EF33 | L87: 공통 8-2-8
A88: 5045D1867B1FC81919EE15245AE5DE | B88: 토사 운반/단지외 10km | C88: 보통, 덤프 15ton+굴착기 0.7m3(고르기 별도) | D88: M3 | E88: =단가산출서!B3233 -> 2914 | F88: =단가산출서!C3233 -> 5876 | G88: =단가산출서!D3233 -> 2100 | H88: =단가산출서!E3233 -> 10890 | I88: 산근 85 | K88: 5045D1867B1FC81919EE15245AE5DE | L88: 공통 8-2-8
A89: 5045D1867B1FC81919EE15245AE5DF | B89: 토사 운반/단지외 10km | C89: 보통, 덤프 15ton+굴착기 1.0m3(고르기 별도) | D89: M3 | E89: =단가산출서!B3282 -> 2810 | F89: =단가산출서!C3282 -> 5667 | G89: =단가산출서!D3282 -> 2025 | H89: =단가산출서!E3282 -> 10502 | I89: 산근 86 | K89: 5045D1867B1FC81919EE15245AE5DF | L89: 공통 8-2-8
A90: 5045D1867B1FC81919EE15245AE78B | B90: 토사 운반/단지외 10km | C90: 보통, 덤프 24ton+굴착기 1.0m3(고르기 별도) | D90: M3 | E90: =단가산출서!B3331 -> 2697 | F90: =단가산출서!C3331 -> 3759 | G90: =단가산출서!D3331 -> 2131 | H90: =단가산출서!E3331 -> 8587 | I90: 산근 87 | K90: 5045D1867B1FC81919EE15245AE78B | L90: 공통 8-2-8
A91: 5045D1867B1FC8190F81D25859BCA8 | B91: 풍화암 운반/단지외 10km | C91: 보통, 덤프 15ton+굴착기 0.7m3(고르기 별도) | D91: M3 | E91: =단가산출서!B3380 -> 3706 | F91: =단가산출서!C3380 -> 7473 | G91: =단가산출서!D3380 -> 3130 | H91: =단가산출서!E3380 -> 14309 | I91: 산근 88 | K91: 5045D1867B1FC8190F81D25859BCA8 | L91: 공통 8-2-8
A92: 5045D1867B1FC8190F81D25859BCA9 | B92: 풍화암 운반/단지외 10km | C92: 보통, 덤프 15ton+굴착기 1.0m3(고르기 별도) | D92: M3 | E92: =단가산출서!B3429 -> 3510 | F92: =단가산출서!C3429 -> 7079 | G92: =단가산출서!D3429 -> 2965 | H92: =단가산출서!E3429 -> 13554 | I92: 산근 89 | K92: 5045D1867B1FC8190F81D25859BCA9 | L92: 공통 8-2-8
A93: 5045D1867B1FC8190F81D25859BE56 | B93: 풍화암 운반/단지외 10km | C93: 보통, 덤프 24ton+굴착기 1.0m3(고르기 별도) | D93: M3 | E93: =단가산출서!B3477 -> 3468 | F93: =단가산출서!C3477 -> 4834 | G93: =단가산출서!D3477 -> 2740 | H93: =단가산출서!E3477 -> 11042 | I93: 산근 90 | K93: 5045D1867B1FC8190F81D25859BE56 | L93: 공통 8-2-8
A94: 5045D1864FA61519519488375D474C | B94: 현장내 잔토처리/토사 | C94: 보통, 굴착기 0.2m3+인력 30% | D94: M3 | E94: =단가산출서!B3501 -> 203 | F94: =단가산출서!C3501 -> 11816 | G94: =단가산출서!D3501 -> 350 | H94: =단가산출서!E3501 -> 12369 | I94: 산근 91 | K94: 5045D1864FA61519519488375D474C | L94: 공통 8-2-3
A95: 5045D1864FA61519519488375E6D4F | B95: 현장내 잔토처리/토사 | C95: 보통, 굴착기 0.4m3+인력 30% | D95: M3 | E95: =단가산출서!B3525 -> 203 | F95: =단가산출서!C3525 -> 11070 | G95: =단가산출서!D3525 -> 221 | H95: =단가산출서!E3525 -> 11494 | I95: 산근 92 | K95: 5045D1864FA61519519488375E6D4F | L95: 공통 8-2-3
A96: 5045D1864FA61519519488375F74A1 | B96: 현장내 잔토처리/토사 | C96: 보통, 굴착기 0.7m3+인력 30% | D96: M3 | E96: =단가산출서!B3549 -> 163 | F96: =단가산출서!C3549 -> 10836 | G96: =단가산출서!D3549 -> 212 | H96: =단가산출서!E3549 -> 11211 | I96: 산근 93 | K96: 5045D1864FA61519519488375F74A1 | L96: 공통 8-2-3
A97: 5045D18697E69419B346515E567D53 | B97: 되메우기/사질토 | C97: 보통, 굴착기 0.2m3 | D97: M3 | E97: =단가산출서!B3566 -> 260 | F97: =단가산출서!C3566 -> 1904 | G97: =단가산출서!D3566 -> 447 | H97: =단가산출서!E3566 -> 2611 | I97: 산근 94 | K97: 5045D18697E69419B346515E567D53 | L97: 공통 8-2-3
A98: 5045D18697E69419B346515E556D04 | B98: 되메우기/토사 | C98: 보통, 굴착기 0.2m3 | D98: M3 | E98: =단가산출서!B3583 -> 291 | F98: =단가산출서!C3583 -> 2129 | G98: =단가산출서!D3583 -> 500 | H98: =단가산출서!E3583 -> 2920 | I98: 산근 95 | K98: 5045D18697E69419B346515E556D04 | L98: 공통 8-2-3
A99: 5045D18697E69419B346515E54467B | B99: 되메우기/사질토 | C99: 보통, 굴착기 0.4m3 | D99: M3 | E99: =단가산출서!B3600 -> 259 | F99: =단가산출서!C3600 -> 952 | G99: =단가산출서!D3600 -> 282 | H99: =단가산출서!E3600 -> 1493 | I99: 산근 96 | K99: 5045D18697E69419B346515E54467B | L99: 공통 8-2-3
A100: 5045D18697E69419B346515E53A097 | B100: 되메우기/토사 | C100: 보통, 굴착기 0.4m3 | D100: M3 | E100: =단가산출서!B3617 -> 290 | F100: =단가산출서!C3617 -> 1064 | G100: =단가산출서!D3617 -> 315 | H100: =단가산출서!E3617 -> 1669 | I100: 산근 97 | K100: 5045D18697E69419B346515E53A097 | L100: 공통 8-2-3
...

Sheet 단가산출서
A1: 단 가 산 출 서
A2: 2026년 상반기 충청남도교육청 건설공사 일위대가(토목, 조경)
A3: 산 출 내 역 | B3: 재 료 비 | C3: 노 무 비 | D3: 경 비 | E3: 합 계 | F3: 비 고 | G3: START | H3: 코드 | I3: 품명 | J3: 규격 | K3: 단위 | L3: 수량 | M3: 변수 | N3: 값 | O3: 소계 | P3: 소계 | Q3: 소계 | R3: 소계 | S3: 소계 | T3: 총계
A4: 콘크리트포장 절단 포장두께 20cm 이하 M 유지관리 토목 2-1-2 ( 산근 1 ) | G4: 5045518AF62192199C10530B563414 | I4: 콘크리트포장 절단 | J4: 포장두께 20cm 이하 | K4: M
G5: 5045518AF62192199C10530B563414 | H5: C | L5: 1
B6: 0 | C6: 0 | D6: 0 | E6: 0 | G6: 5045518AF62192199C10530B563414 | H6: C!
A7: Q1 1일시공량(M/일) =450 | B7: 0 | C7: 0 | D7: 0 | E7: 0 | G7: 5045518AF62192199C10530B563414 | H7: C! | I7: q1'1일시공량(M/일)' =450
A8: Q 시간당 작업량(M/HR) =Q1/8= 56.25 | B8: 0 | C8: 0 | D8: 0 | E8: 0 | G8: 5045518AF62192199C10530B563414 | H8: C! | I8: Q '시간당 작업량(M/HR)' =q1/8=?
B9: 0 | C9: 0 | D9: 0 | E9: 0 | G9: 5045518AF62192199C10530B563414 | H9: C!
A10: ◈배치인원 | B10: 0 | C10: 0 | D10: 0 | E10: 0 | G10: 5045518AF62192199C10530B563414 | H10: C! | I10: '◈배치인원'
B11: 0 | C11: 0 | D11: 0 | E11: 0 | G11: 5045518AF62192199C10530B563414 | H11: C!
A12: 1.인력 | B12: 0 | C12: 0 | D12: 0 | E12: 0 | G12: 5045518AF62192199C10530B563414 | H12: C! | I12: '1.인력'
A13: 특별인부 1인/8HR*작업시간 | B13: 0 | C13: 0 | D13: 0 | E13: 0 | G13: 5045518AF62192199C10530B563414 | H13: C! | I13: '특별인부 1인/8HR*작업시간'
A14: 노무비: 226122*1/8/56.25 = 502.4 | B14: 0 | C14: 502.4 | D14: 0 | E14: 502.4 | G14: 5045518AF62192199C10530B563414 | H14: C! | I14: '노무비:' ~L001010101000003.L~*1/8/{Q} =?LA+
A15: 보통인부 1인/8HR*작업시간 | B15: 0 | C15: 0 | D15: 0 | E15: 0 | G15: 5045518AF62192199C10530B563414 | H15: C! | I15: '보통인부 1인/8HR*작업시간'
A16: 노무비: 172068*1/8/56.25 = 382.3 | B16: 0 | C16: 382.3 | D16: 0 | E16: 382.3 | G16: 5045518AF62192199C10530B563414 | H16: C! | I16: '노무비:' ~L001010101000002.L~*1/8/{Q} =?LA+
A17: 소 계 | B17: 0 | C17: 884.7 | D17: 0 | E17: 884.7 | G17: 5045518AF62192199C10530B563414 | H17: C! | I17: >'소 계'
B18: 0 | C18: 0 | D18: 0 | E18: 0 | G18: 5045518AF62192199C10530B563414 | H18: C!
A19: ◈사용기계 | B19: 0 | C19: 0 | D19: 0 | E19: 0 | G19: 5045518AF62192199C10530B563414 | H19: C! | I19: '◈사용기계 '
B20: 0 | C20: 0 | D20: 0 | E20: 0 | G20: 5045518AF62192199C10530B563414 | H20: C!
A21: 2.커터(콘크리트 및 아스팔트) 320~400MM 1대 | B21: 0 | C21: 0 | D21: 0 | E21: 0 | G21: 5045518AF62192199C10530B563414 | H21: C! | I21: '2.커터(콘크리트 및 아스팔트) 320~400mm 1대'
A22: 재료비: 9898 / 56.25 = 175.9 | B22: 175.9 | C22: 0 | D22: 0 | E22: 175.9 | G22: 5045518AF62192199C10530B563414 | H22: C! | I22: '재료비:' ~00004430040000000.M~ / {Q} =?MA+
A23: 노무비: 36248 / 56.25 = 644.4 | B23: 0 | C23: 644.4 | D23: 0 | E23: 644.4 | G23: 5045518AF62192199C10530B563414 | H23: C! | I23: '노무비:' ~00004430040000000.L~ / {Q} =?LA+
A24: 경 비: 2064 / 56.25 = 36.6 | B24: 0 | C24: 0 | D24: 36.6 | E24: 36.6 | G24: 5045518AF62192199C10530B563414 | H24: C! | I24: '경 비:' ~00004430040000000.E~ / {Q} =?EQ+
A25: 소 계 | B25: 175.9 | C25: 644.4 | D25: 36.6 | E25: 856.9 | G25: 5045518AF62192199C10530B563414 | H25: C! | I25: >'소 계'
B26: 0 | C26: 0 | D26: 0 | E26: 0 | G26: 5045518AF62192199C10530B563414 | H26: C!
A27: 3.동력분무기 4.85kW 0.5대 | B27: 0 | C27: 0 | D27: 0 | E27: 0 | G27: 5045518AF62192199C10530B563414 | H27: C! | I27: '3.동력분무기 4.85kW 0.5대 '
A28: 재료비: 2297 *0.5 / 56.25 = 20.4 | B28: 20.4 | C28: 0 | D28: 0 | E28: 20.4 | G28: 5045518AF62192199C10530B563414 | H28: C! | I28: '재료비:' ~00007210048500000.M~ *0.5 / {Q} =?MA+
A29: 노무비: 0 *0.5 / 56.25 = 0 | B29: 0 | C29: 0 | D29: 0 | E29: 0 | G29: 5045518AF62192199C10530B563414 | H29: C! | I29: '노무비:' ~00007210048500000.L~ *0.5 / {Q} =?LA+
A30: 경 비: 258 *0.5 / 56.25 = 2.2 | B30: 0 | C30: 0 | D30: 2.2 | E30: 2.2 | G30: 5045518AF62192199C10530B563414 | H30: C! | I30: '경 비:' ~00007210048500000.E~ *0.5 / {Q} =?EQ+
A31: 소 계 | B31: 20.4 | C31: 0 | D31: 2.2 | E31: 22.6 | G31: 5045518AF62192199C10530B563414 | H31: C! | I31: >'소 계'
B32: 0 | C32: 0 | D32: 0 | E32: 0 | G32: 5045518AF62192199C10530B563414 | H32: C!
A33: ③ 블레이드 및 물 소비량은 별도 계상한다. | B33: 0 | C33: 0 | D33: 0 | E33: 0 | G33: 5045518AF62192199C10530B563414 | H33: C! | I33: '③ 블레이드 및 물 소비량은 별도 계상한다.'
A34: ※2020년 표준품셈 토목부분 1-7-1 준용 | B34: 0 | C34: 0 | D34: 0 | E34: 0 | G34: 5045518AF62192199C10530B563414 | H34: C! | I34: '※2020년 표준품셈 토목부분 1-7-1 준용'
A35: 4.자재 | B35: 0 | C35: 0 | D35: 0 | E35: 0 | G35: 5045518AF62192199C10530B563414 | H35: C! | I35: '4.자재'
A36: 블레이드(다이어몬드14인치T=3.2MM)100M당0.3개소모 | B36: 0 | C36: 0 | D36: 0 | E36: 0 | G36: 5045518AF62192199C10530B563414 | H36: C! | I36: '블레이드(다이어몬드14인치T=3.2MM)100M당0.3개소모 '
A37: 재료비: 260000 * 0.0031 = 806 | B37: 806 | C37: 0 | D37: 0 | E37: 806 | G37: 5045518AF62192199C10530B563414 | H37: C! | I37: '재료비:' ~20111614200Z8261.M~ * 0.0031 =?MA+
A38: 용수100M당 3.0M3소요 | B38: 0 | C38: 0 | D38: 0 | E38: 0 | G38: 5045518AF62192199C10530B563414 | H38: C! | I38: '용수100M당 3.0M3소요'
A39: 재료비: 0 * 0.03 = 0 | B39: 0 | C39: 0 | D39: 0 | E39: 0 | G39: 5045518AF62192199C10530B563414 | H39: C! | I39: '재료비:' ~E001010102002512.M~ * 0.03 =?MA+
A40: 소 계 | B40: 806 | C40: 0 | D40: 0 | E40: 806 | G40: 5045518AF62192199C10530B563414 | H40: C! | I40: >'소 계'
A41: 총 계 | B41: 1002 | C41: 1529 | D41: 38 | E41: 2569
A43: 아스팔트포장 절단 포장두께 20cm 이하 M 유지관리 토목 2-1-2 ( 산근 2 ) | G43: 5045518AF62192199C1053265490FC | I43: 아스팔트포장 절단 | J43: 포장두께 20cm 이하 | K43: M
G44: 5045518AF62192199C1053265490FC | H44: C | K44: 100M | L44: 1
B45: 0 | C45: 0 | D45: 0 | E45: 0 | G45: 5045518AF62192199C1053265490FC | H45: C!
A46: Q1 1일시공량(M/일) =500 | B46: 0 | C46: 0 | D46: 0 | E46: 0 | G46: 5045518AF62192199C1053265490FC | H46: C! | I46: q1'1일시공량(M/일)' =500
A47: Q 시간당 작업량(M/HR) =Q1/8= 62.5 | B47: 0 | C47: 0 | D47: 0 | E47: 0 | G47: 5045518AF62192199C1053265490FC | H47: C! | I47: Q '시간당 작업량(M/HR)' =q1/8=?
B48: 0 | C48: 0 | D48: 0 | E48: 0 | G48: 5045518AF62192199C1053265490FC | H48: C!
A49: ◈배치인원 | B49: 0 | C49: 0 | D49: 0 | E49: 0 | G49: 5045518AF62192199C1053265490FC | H49: C! | I49: '◈배치인원'
B50: 0 | C50: 0 | D50: 0 | E50: 0 | G50: 5045518AF62192199C1053265490FC | H50: C!
A51: 1.인력 | B51: 0 | C51: 0 | D51: 0 | E51: 0 | G51: 5045518AF62192199C1053265490FC | H51: C! | I51: '1.인력'
A52: 특별인부 1인/8HR*작업시간 | B52: 0 | C52: 0 | D52: 0 | E52: 0 | G52: 5045518AF62192199C1053265490FC | H52: C! | I52: '특별인부 1인/8HR*작업시간'
A53: 노무비: 226122*1/8/62.5 = 452.2 | B53: 0 | C53: 452.2 | D53: 0 | E53: 452.2 | G53: 5045518AF62192199C1053265490FC | H53: C! | I53: '노무비:' ~L001010101000003.L~*1/8/{Q} =?LA+
A54: 보통인부 1인/8HR*작업시간 | B54: 0 | C54: 0 | D54: 0 | E54: 0 | G54: 5045518AF62192199C1053265490FC | H54: C! | I54: '보통인부 1인/8HR*작업시간'
A55: 노무비: 172068*1/8/62.5 = 344.1 | B55: 0 | C55: 344.1 | D55: 0 | E55: 344.1 | G55: 5045518AF62192199C1053265490FC | H55: C! | I55: '노무비:' ~L001010101000002.L~*1/8/{Q} =?LA+
A56: 소 계 | B56: 0 | C56: 796.3 | D56: 0 | E56: 796.3 | G56: 5045518AF62192199C1053265490FC | H56: C! | I56: >'소 계'
B57: 0 | C57: 0 | D57: 0 | E57: 0 | G57: 5045518AF62192199C1053265490FC | H57: C!
A58: ◈사용기계 | B58: 0 | C58: 0 | D58: 0 | E58: 0 | G58: 5045518AF62192199C1053265490FC | H58: C! | I58: '◈사용기계 '
B59: 0 | C59: 0 | D59: 0 | E59: 0 | G59: 5045518AF62192199C1053265490FC | H59: C!
A60: 2.커터(콘크리트 및 아스팔트) 320~400MM | B60: 0 | C60: 0 | D60: 0 | E60: 0 | G60: 5045518AF62192199C1053265490FC | H60: C! | I60: '2.커터(콘크리트 및 아스팔트) 320~400mm'
A61: 재료비: 9898 / 62.5 = 158.3 | B61: 158.3 | C61: 0 | D61: 0 | E61: 158.3 | G61: 5045518AF62192199C1053265490FC | H61: C! | I61: '재료비:' ~00004430040000000.M~ / {Q} =?MA+
A62: 노무비: 36248 / 62.5 = 579.9 | B62: 0 | C62: 579.9 | D62: 0 | E62: 579.9 | G62: 5045518AF62192199C1053265490FC | H62: C! | I62: '노무비:' ~00004430040000000.L~ / {Q} =?LA+
A63: 경 비: 2064 / 62.5 = 33 | B63: 0 | C63: 0 | D63: 33 | E63: 33 | G63: 5045518AF62192199C1053265490FC | H63: C! | I63: '경 비:' ~00004430040000000.E~ / {Q} =?EQ+
A64: 소 계 | B64: 158.3 | C64: 579.9 | D64: 33 | E64: 771.2 | G64: 5045518AF62192199C1053265490FC | H64: C! | I64: >'소 계'
B65: 0 | C65: 0 | D65: 0 | E65: 0 | G65: 5045518AF62192199C1053265490FC | H65: C!
A66: 3.동력분무기 4.85kW 0.5대 | B66: 0 | C66: 0 | D66: 0 | E66: 0 | G66: 5045518AF62192199C1053265490FC | H66: C! | I66: '3.동력분무기 4.85kW 0.5대 '
A67: 재료비: 2297 *0.5 / 62.5 = 18.3 | B67: 18.3 | C67: 0 | D67: 0 | E67: 18.3 | G67: 5045518AF62192199C1053265490FC | H67: C! | I67: '재료비:' ~00007210048500000.M~ *0.5 / {Q} =?MA+
A68: 노무비: 0 *0.5 / 62.5 = 0 | B68: 0 | C68: 0 | D68: 0 | E68: 0 | G68: 5045518AF62192199C1053265490FC | H68: C! | I68: '노무비:' ~00007210048500000.L~ *0.5 / {Q} =?LA+
A69: 경 비: 258 *0.5 / 62.5 = 2 | B69: 0 | C69: 0 | D69: 2 | E69: 2 | G69: 5045518AF62192199C1053265490FC | H69: C! | I69: '경 비:' ~00007210048500000.E~ *0.5 / {Q} =?EQ+
A70: 소 계 | B70: 18.3 | C70: 0 | D70: 2 | E70: 20.3 | G70: 5045518AF62192199C1053265490FC | H70: C! | I70: >'소 계'
B71: 0 | C71: 0 | D71: 0 | E71: 0 | G71: 5045518AF62192199C1053265490FC | H71: C!
A72: ③ 블레이드 및 물 소비량은 별도 계상한다. | B72: 0 | C72: 0 | D72: 0 | E72: 0 | G72: 5045518AF62192199C1053265490FC | H72: C! | I72: '③ 블레이드 및 물 소비량은 별도 계상한다.'
A73: ※2020년 표준품셈 토목부분 1-7-2 준용 | B73: 0 | C73: 0 | D73: 0 | E73: 0 | G73: 5045518AF62192199C1053265490FC | H73: C! | I73: '※2020년 표준품셈 토목부분 1-7-2 준용'
A74: 4.자재 | B74: 0 | C74: 0 | D74: 0 | E74: 0 | G74: 5045518AF62192199C1053265490FC | H74: C! | I74: '4.자재'
A75: 블레이드(다이어몬드14인치T=3.2MM)100M당0.27개소모 | B75: 0 | C75: 0 | D75: 0 | E75: 0 | G75: 5045518AF62192199C1053265490FC | H75: C! | I75: '블레이드(다이어몬드14인치T=3.2MM)100M당0.27개소모 '
A76: 재료비: 260000 * 0.0027 = 702 | B76: 702 | C76: 0 | D76: 0 | E76: 702 | G76: 5045518AF62192199C1053265490FC | H76: C! | I76: '재료비:' ~20111614200Z8261.M~ * 0.0027 =?MA+
A77: 용수100M당 2.0M3소요 | B77: 0 | C77: 0 | D77: 0 | E77: 0 | G77: 5045518AF62192199C1053265490FC | H77: C! | I77: '용수100M당 2.0M3소요'
A78: 재료비: 0 * 0.02 = 0 | B78: 0 | C78: 0 | D78: 0 | E78: 0 | G78: 5045518AF62192199C1053265490FC | H78: C! | I78: '재료비:' ~E001010102002512.M~ * 0.02 =?MA+
A79: 소 계 | B79: 702 | C79: 0 | D79: 0 | E79: 702 | G79: 5045518AF62192199C1053265490FC | H79: C! | I79: >'소 계'
A80: 총 계 | B80: 878 | C80: 1376 | D80: 35 | E80: 2289
A82: 절삭 후 아스팔트 덧씌우기(밀링깊이 70mm) A-TYPE (연속구간) M2 유지관리 토목 2-1-3 ( 산근 3 ) | G82: 5045518A832A4F19D43D6A80587011 | I82: 절삭 후 아스팔트 덧씌우기(밀링깊이 70mm) | J82: A-TYPE (연속구간) | K82: M2
G83: 5045518A832A4F19D43D6A80587011 | H83: C | L83: 1
A84: 절삭후 아스팔트 덧씌우기 M2당 | B84: 0 | C84: 0 | D84: 0 | E84: 0 | G84: 5045518A832A4F19D43D6A80587011 | H84: C! | I84: '절삭후 아스팔트 덧씌우기 M2당 '
A85: (팁날소모1M2당0.69개 별도) | B85: 0 | C85: 0 | D85: 0 | E85: 0 | G85: 5045518A832A4F19D43D6A80587011 | H85: C! | I85: ' (팁날소모1M2당0.69개 별도)'
B86: 0 | C86: 0 | D86: 0 | E86: 0 | G86: 5045518A832A4F19D43D6A80587011 | H86: C!
A87: Q1 1일시공량(M2/일) =5000 | B87: 0 | C87: 0 | D87: 0 | E87: 0 | G87: 5045518A832A4F19D43D6A80587011 | H87: C! | I87: q1'1일시공량(M2/일)' =5000
A88: Q 시간당 작업량(M2/HR) =Q1/8= 625 | B88: 0 | C88: 0 | D88: 0 | E88: 0 | G88: 5045518A832A4F19D43D6A80587011 | H88: C! | I88: Q '시간당 작업량(M2/HR)' =q1/8=?
B89: 0 | C89: 0 | D89: 0 | E89: 0 | G89: 5045518A832A4F19D43D6A80587011 | H89: C!
A90: ◈배치인원 | B90: 0 | C90: 0 | D90: 0 | E90: 0 | G90: 5045518A832A4F19D43D6A80587011 | H90: C! | I90: '◈배치인원'
B91: 0 | C91: 0 | D91: 0 | E91: 0 | G91: 5045518A832A4F19D43D6A80587011 | H91: C!
A92: 1.인력 | B92: 0 | C92: 0 | D92: 0 | E92: 0 | G92: 5045518A832A4F19D43D6A80587011 | H92: C! | I92: '1.인력'
B93: 0 | C93: 0 | D93: 0 | E93: 0 | G93: 5045518A832A4F19D43D6A80587011 | H93: C!
A94: 포 장 공 4인/8HR*작업시간 | B94: 0 | C94: 0 | D94: 0 | E94: 0 | G94: 5045518A832A4F19D43D6A80587011 | H94: C! | I94: '포 장 공 4인/8HR*작업시간'
A95: 노무비: 273308*4/8/625 = 218.6 | B95: 0 | C95: 218.6 | D95: 0 | E95: 218.6 | G95: 5045518A832A4F19D43D6A80587011 | H95: C! | I95: '노무비:' ~L001010101000019.L~*4/8/{Q} =?LA+
A96: 보통인부 2인/8HR*작업시간 | B96: 0 | C96: 0 | D96: 0 | E96: 0 | G96: 5045518A832A4F19D43D6A80587011 | H96: C! | I96: '보통인부 2인/8HR*작업시간'
A97: 노무비: 172068*2/8/625 = 68.8 | B97: 0 | C97: 68.8 | D97: 0 | E97: 68.8 | G97: 5045518A832A4F19D43D6A80587011 | H97: C! | I97: '노무비:' ~L001010101000002.L~*2/8/{Q} =?LA+
A98: 소 계 | B98: 0 | C98: 287.4 | D98: 0 | E98: 287.4 | G98: 5045518A832A4F19D43D6A80587011 | H98: C! | I98: >'소 계'
B99: 0 | C99: 0 | D99: 0 | E99: 0 | G99: 5045518A832A4F19D43D6A80587011 | H99: C!
A100: ◈사용기계 | B100: 0 | C100: 0 | D100: 0 | E100: 0 | G100: 5045518A832A4F19D43D6A80587011 | H100: C! | I100: '◈사용기계 '
B101: 0 | C101: 0 | D101: 0 | E101: 0 | G101: 5045518A832A4F19D43D6A80587011 | H101: C!
A102: 2.노면 파쇄기, 2M (2대) | B102: 0 | C102: 0 | D102: 0 | E102: 0 | G102: 5045518A832A4F19D43D6A80587011 | H102: C! | I102: '2.노면 파쇄기, 2M (2대) '
...

Sheet 단가대비표
A1: 단 가 대 비 표
A2: 2026년 상반기 충청남도교육청 건설공사 일위대가(토목, 조경)
A3: 코 드 | B3: 품 명 | C3: 규격 | D3: 단위 | E3: 재 료 비 | P3: 노 무 비 | Q3: 경 비 | W3: 번 호 | X3: 비 고 | Y3: 품목구분 | Z3: 노임구분 | AA3: 소수점처리 | AB3: 자재구분
E4: 조달청가격 | F4: PAGE | G4: 거래가격 | H4: PAGE | I4: 유통물가 | J4: PAGE | K4: 조사가격1 | L4: PAGE | M4: 조사가격2 | N4: PAGE | O4: 적용단가 | Q4: 조달청가격 | R4: 거래가격 | S4: 유통물가 | T4: 조사가격1 | U4: 조사가격2 | V4: 적용단가
A5: 577F118D8878F81948753DBF54A39208010373 | B5: 불도저(무한궤도) | C5: 19ton | D5: 대 | E5: 0 | G5: 0 | I5: 0 | K5: 0 | M5: 0 | O5: 0 | P5: 0 | Q5: 0 | R5: 0 | S5: 0 | T5: 0 | U5: 198150 | V5: =SMALL(Q5:U5,COUNTIF(Q5:U5,0)+1) -> 198150 | W5: 자재 1 | X5: 천원
A6: 577F118D8878F81948753DBF54A1EFB7BEB532 | B6: 불도저(무한궤도) | C6: 32ton | D6: 대 | E6: 0 | G6: 0 | I6: 0 | K6: 0 | M6: 0 | O6: 0 | P6: 0 | Q6: 0 | R6: 0 | S6: 0 | T6: 0 | U6: 263682 | V6: =SMALL(Q6:U6,COUNTIF(Q6:U6,0)+1) -> 263682 | W6: 자재 2 | X6: 천원
A7: 577F118D8878F81975B30CD1525C25E8BFC9E2 | B7: 굴착기(무한궤도) | C7: 0.2㎥ | D7: 대 | E7: 0 | G7: 0 | I7: 0 | K7: 0 | M7: 0 | O7: 0 | P7: 0 | Q7: 0 | R7: 0 | S7: 0 | T7: 0 | U7: 66538 | V7: =SMALL(Q7:U7,COUNTIF(Q7:U7,0)+1) -> 66538 | W7: 자재 3 | X7: 천원
A8: 577F118D8878F81975B30CD1525A770CB8653E | B8: 굴착기(무한궤도) | C8: 0.4㎥ | D8: 대 | E8: 0 | G8: 0 | I8: 0 | K8: 0 | M8: 0 | O8: 0 | P8: 0 | Q8: 0 | R8: 0 | S8: 0 | T8: 0 | U8: 84000 | V8: =SMALL(Q8:U8,COUNTIF(Q8:U8,0)+1) -> 84000 | W8: 자재 4 | X8: 천원
A9: 577F118D8878F81975B30CD152584A182F9E16 | B9: 굴착기(무한궤도) | C9: 0.6㎥ | D9: 대 | E9: 0 | G9: 0 | I9: 0 | K9: 0 | M9: 0 | O9: 0 | P9: 0 | Q9: 0 | R9: 0 | S9: 0 | T9: 0 | U9: 112342 | V9: =SMALL(Q9:U9,COUNTIF(Q9:U9,0)+1) -> 112342 | W9: 자재 5 | X9: 천원
A10: 577F118D8878F81975B30CD152595109C0EDBB | B10: 굴착기(무한궤도) | C10: 0.7㎥ | D10: 대 | E10: 0 | G10: 0 | I10: 0 | K10: 0 | M10: 0 | O10: 0 | P10: 0 | Q10: 0 | R10: 0 | S10: 0 | T10: 0 | U10: 117766 | V10: =SMALL(Q10:U10,COUNTIF(Q10:U10,0)+1) -> 117766 | W10: 자재 6 | X10: 천원
A11: 577F118D8878F81975B30CD152569CBC073D53 | B11: 굴착기(무한궤도) | C11: 0.8㎥ | D11: 대 | E11: 0 | G11: 0 | I11: 0 | K11: 0 | M11: 0 | O11: 0 | P11: 0 | Q11: 0 | R11: 0 | S11: 0 | T11: 0 | U11: 129586 | V11: =SMALL(Q11:U11,COUNTIF(Q11:U11,0)+1) -> 129586 | W11: 자재 7 | X11: 천원
A12: 577F118D8878F81975B30CD15365C43313EDD8 | B12: 굴착기(무한궤도) | C12: 1.0㎥ | D12: 대 | E12: 0 | G12: 0 | I12: 0 | K12: 0 | M12: 0 | O12: 0 | P12: 0 | Q12: 0 | R12: 0 | S12: 0 | T12: 0 | U12: 142069 | V12: =SMALL(Q12:U12,COUNTIF(Q12:U12,0)+1) -> 142069 | W12: 자재 8 | X12: 천원
A13: 577F118D8878F81975A2B893566CC7E9D8CEE0 | B13: 굴착기(타이어) | C13: 0.18㎥ | D13: 대 | E13: 0 | G13: 0 | I13: 0 | K13: 0 | M13: 0 | O13: 0 | P13: 0 | Q13: 0 | R13: 0 | S13: 0 | T13: 0 | U13: 69333 | V13: =SMALL(Q13:U13,COUNTIF(Q13:U13,0)+1) -> 69333 | W13: 자재 9 | X13: 천원
A14: 577F118D8878F81975A2B893566B299D6732AD | B14: 굴착기(타이어) | C14: 0.6㎥ | D14: 대 | E14: 0 | G14: 0 | I14: 0 | K14: 0 | M14: 0 | O14: 0 | P14: 0 | Q14: 0 | R14: 0 | S14: 0 | T14: 0 | U14: 119000 | V14: =SMALL(Q14:U14,COUNTIF(Q14:U14,0)+1) -> 119000 | W14: 자재 10 | X14: 천원
A15: 577F118D8878F81975A2B893566580B9A5CDBE | B15: 굴착기(타이어) | C15: 0.8㎥ | D15: 대 | E15: 0 | G15: 0 | I15: 0 | K15: 0 | M15: 0 | O15: 0 | P15: 0 | Q15: 0 | R15: 0 | S15: 0 | T15: 0 | U15: 141171 | V15: =SMALL(Q15:U15,COUNTIF(Q15:U15,0)+1) -> 141171 | W15: 자재 11 | X15: 천원
A16: 577F118D8878F81975A2B893577321BFE0FFE1 | B16: 굴착기(타이어) | C16: 1.0㎥ | D16: 대 | E16: 0 | G16: 0 | I16: 0 | K16: 0 | M16: 0 | O16: 0 | P16: 0 | Q16: 0 | R16: 0 | S16: 0 | T16: 0 | U16: 144360 | V16: =SMALL(Q16:U16,COUNTIF(Q16:U16,0)+1) -> 144360 | W16: 자재 12 | X16: 천원
... A21: 577F118D8878F8197587D2D65F98F7C102AEEF | B21: 대형 브레이커 | C21: 1.0㎥용 | D21: 대 | E21: 0 | G21: 0 | I21: 0 | K21: 0 | M21: 0 | O21: 0 | P21: 0 | Q21: 0 | R21: 0 | S21: 0 | T21: 0 | U21: 28692 | V21: =SMALL(Q21:U21,COUNTIF(Q21:U21,0)+1) -> 28692 | W21: 자재 17 | X21: 천원
A22: 577F118D8878F8197587C0765C21E3646B5F3E | B22: 대형 브레이커용 치즐 | C22: 0.4㎥용 | D22: 본 | E22: 0 | G22: 0 | I22: 0 | K22: 0 | M22: 0 | O22: 0 | P22: 0 | Q22: 0 | R22: 0 | S22: 0 | T22: 0 | U22: 204000 | V22: =SMALL(Q22:U22,COUNTIF(Q22:U22,0)+1) -> 204000 | W22: 자재 18
A23: 577F118D8878F8197587C0765C21E0AF9D5FCB | B23: 대형 브레이커용 치즐 | C23: 0.7㎥용 | D23: 본 | E23: 0 | G23: 0 | I23: 0 | K23: 0 | M23: 0 | O23: 0 | P23: 0 | Q23: 0 | R23: 0 | S23: 0 | T23: 0 | U23: 216000 | V23: =SMALL(Q23:U23,COUNTIF(Q23:U23,0)+1) -> 216000 | W23: 자재 19
A24: 577F118D8878F81975E85D275478DB9E59FF78 | B24: 압쇄기(펄버라이저) | C24: 1.0㎥용 | D24: 대 | E24: 0 | G24: 0 | I24: 0 | K24: 0 | M24: 0 | O24: 0 | P24: 0 | Q24: 0 | R24: 0 | S24: 0 | T24: 0 | U24: 28567 | V24: =SMALL(Q24:U24,COUNTIF(Q24:U24,0)+1) -> 28567 | W24: 자재 20 | X24: 천원
A25: 577F118D8878F8196B445B6250BA9825B9D048 | B25: 로더(타이어) | C25: 0.25㎥ | D25: 대 | E25: 0 | G25: 0 | I25: 0 | K25: 0 | M25: 0 | O25: 0 | P25: 0 | Q25: 0 | R25: 0 | S25: 0 | T25: 0 | U25: 30197 | V25: =SMALL(Q25:U25,COUNTIF(Q25:U25,0)+1) -> 30197 | W25: 자재 21 | X25: 천원
A26: 577F118D8878F8196B445B6250BD55C8A94FE4 | B26: 로더(타이어) | C26: 0.57㎥ | D26: 대 | E26: 0 | G26: 0 | I26: 0 | K26: 0 | M26: 0 | O26: 0 | P26: 0 | Q26: 0 | R26: 0 | S26: 0 | T26: 0 | U26: 35999 | V26: =SMALL(Q26:U26,COUNTIF(Q26:U26,0)+1) -> 35999 | W26: 자재 22 | X26: 천원
A27: 577F118D8878F8196B445B6250B1A43FC00768 | B27: 로더(타이어) | C27: 0.95㎥ | D27: 대 | E27: 0 | G27: 0 | I27: 0 | K27: 0 | M27: 0 | O27: 0 | P27: 0 | Q27: 0 | R27: 0 | S27: 0 | T27: 0 | U27: 46576 | V27: =SMALL(Q27:U27,COUNTIF(Q27:U27,0)+1) -> 46576 | W27: 자재 23 | X27: 천원
A28: 577F118D8878F81902C605E553105FB22A9BEC | B28: 모터그레이더 | C28: 3.6(일반용) | D28: 대 | E28: 0 | G28: 0 | I28: 0 | K28: 0 | M28: 0 | O28: 0 | P28: 0 | Q28: 0 | R28: 0 | S28: 0 | T28: 0 | U28: 310687 | V28: =SMALL(Q28:U28,COUNTIF(Q28:U28,0)+1) -> 310687 | W28: 자재 24 | X28: 천원
A29: 577F118D8878F8193E0EA90A592BDB1745A78A | B29: 덤프트럭 | C29: 2.5ton | D29: 대 | E29: 0 | G29: 0 | I29: 0 | K29: 0 | M29: 0 | O29: 0 | P29: 0 | Q29: 0 | R29: 0 | S29: 0 | T29: 0 | U29: 21982 | V29: =SMALL(Q29:U29,COUNTIF(Q29:U29,0)+1) -> 21982 | W29: 자재 25 | X29: 천원
A30: 577F118D8878F8193E0EA90A592D89F34C0B8E | B30: 덤프트럭 | C30: 4.5ton | D30: 대 | E30: 0 | G30: 0 | I30: 0 | K30: 0 | M30: 0 | O30: 0 | P30: 0 | Q30: 0 | R30: 0 | S30: 0 | T30: 0 | U30: 25662 | V30: =SMALL(Q30:U30,COUNTIF(Q30:U30,0)+1) -> 25662 | W30: 자재 26 | X30: 천원
A31: 577F118D8878F8193E0EA90A592FB9BC5A56F5 | B31: 덤프트럭 | C31: 6ton | D31: 대 | E31: 0 | G31: 0 | I31: 0 | K31: 0 | M31: 0 | O31: 0 | P31: 0 | Q31: 0 | R31: 0 | S31: 0 | T31: 0 | U31: 28043 | V31: =SMALL(Q31:U31,COUNTIF(Q31:U31,0)+1) -> 28043 | W31: 자재 27 | X31: 천원
A32: 577F118D8878F8193E0EA90A5921DBBEE15454 | B32: 덤프트럭 | C32: 8ton | D32: 대 | E32: 0 | G32: 0 | I32: 0 | K32: 0 | M32: 0 | O32: 0 | P32: 0 | Q32: 0 | R32: 0 | S32: 0 | T32: 0 | U32: 37391 | V32: =SMALL(Q32:U32,COUNTIF(Q32:U32,0)+1) -> 37391 | W32: 자재 28 | X32: 천원
A33: 577F118D8878F8193E0EA90A580202542E1CFC | B33: 덤프트럭 | C33: 10.5ton | D33: 대 | E33: 0 | G33: 0 | I33: 0 | K33: 0 | M33: 0 | O33: 0 | P33: 0 | Q33: 0 | R33: 0 | S33: 0 | T33: 0 | U33: 52810 | V33: =SMALL(Q33:U33,COUNTIF(Q33:U33,0)+1) -> 52810 | W33: 자재 29 | X33: 천원
A34: 577F118D8878F8193E0EA90A580789EF4B1AD6 | B34: 덤프트럭 | C34: 15ton | D34: 대 | E34: 0 | G34: 0 | I34: 0 | K34: 0 | M34: 0 | O34: 0 | P34: 0 | Q34: 0 | R34: 0 | S34: 0 | T34: 0 | U34: 90653 | V34: =SMALL(Q34:U34,COUNTIF(Q34:U34,0)+1) -> 90653 | W34: 자재 30 | X34: 천원
A35: 577F118D8878F8193E0EA90A5BD6A55F84BA05 | B35: 덤프트럭 | C35: 20ton | D35: 대 | E35: 0 | G35: 0 | I35: 0 | K35: 0 | M35: 0 | O35: 0 | P35: 0 | Q35: 0 | R35: 0 | S35: 0 | T35: 0 | U35: 127336 | V35: =SMALL(Q35:U35,COUNTIF(Q35:U35,0)+1) -> 127336 | W35: 자재 31 | X35: 천원
... A52: 577F118D8878EF1995A831A95F9818A7774402 | B52: 래머 | C52: 80kg | D52: 대 | E52: 0 | G52: 0 | I52: 0 | K52: 0 | M52: 0 | O52: 0 | P52: 0 | Q52: 0 | R52: 0 | S52: 0 | T52: 0 | U52: 1418 | V52: =SMALL(Q52:U52,COUNTIF(Q52:U52,0)+1) -> 1418 | W52: 자재 48 | X52: 천원
A53: 577F118D8878EF198B31E8BB5192377784825B | B53: 관로조사용 CCTV | C53: 자주식 측시.직시 | D53: 대 | E53: 0 | G53: 0 | H53: 1340 | I53: 0 | K53: 0 | M53: 0 | O53: 0 | P53: 0 | Q53: 0 | R53: 26436 | S53: 0 | T53: 0 | U53: 0 | V53: =SMALL(Q53:U53,COUNTIF(Q53:U53,0)+1) -> 26436 | W53: 자재 49 | X53: 천원 | Y53: C
A54: 577F118D8878EF198B045ABD5EEB630C9AE64F | B54: 플레이트 콤팩터 | C54: 1.5ton | D54: 대 | E54: 0 | G54: 0 | I54: 0 | K54: 0 | M54: 0 | O54: 0 | P54: 0 | Q54: 0 | R54: 0 | S54: 0 | T54: 0 | U54: 1673 | V54: =SMALL(Q54:U54,COUNTIF(Q54:U54,0)+1) -> 1673 | W54: 자재 50 | X54: 천원
A55: 577F118D8878DD199FF292BE5B793CEB156ECC | B55: 크레인(무한궤도) | C55: 10ton(0.29㎥) | D55: 대 | E55: 0 | G55: 0 | I55: 0 | K55: 0 | M55: 0 | O55: 0 | P55: 0 | Q55: 0 | R55: 0 | S55: 0 | T55: 0 | U55: 78059 | V55: =SMALL(Q55:U55,COUNTIF(Q55:U55,0)+1) -> 78059 | W55: 자재 51 | X55: 천원
A56: 577F118D8878DD199FF292BE5B7AC37C9F5D41 | B56: 크레인(무한궤도) | C56: 20ton(0.57㎥) | D56: 대 | E56: 0 | G56: 0 | I56: 0 | K56: 0 | M56: 0 | O56: 0 | P56: 0 | Q56: 0 | R56: 0 | S56: 0 | T56: 0 | U56: 164175 | V56: =SMALL(Q56:U56,COUNTIF(Q56:U56,0)+1) -> 164175 | W56: 자재 52 | X56: 천원
A57: 577F118D8878DD199FF292BE5B7AC6316CB6CA | B57: 크레인(무한궤도) | C57: 25ton(0.76㎥) | D57: 대 | E57: 0 | G57: 0 | I57: 0 | K57: 0 | M57: 0 | O57: 0 | P57: 0 | Q57: 0 | R57: 0 | S57: 0 | T57: 0 | U57: 189905 | V57: =SMALL(Q57:U57,COUNTIF(Q57:U57,0)+1) -> 189905 | W57: 자재 53 | X57: 천원
A58: 577F118D8878DD199FF292BE5B7BEA06C93B95 | B58: 크레인(무한궤도) | C58: 30ton(1.15㎥) | D58: 대 | E58: 0 | G58: 0 | I58: 0 | K58: 0 | M58: 0 | O58: 0 | P58: 0 | Q58: 0 | R58: 0 | S58: 0 | T58: 0 | U58: 246262 | V58: =SMALL(Q58:U58,COUNTIF(Q58:U58,0)+1) -> 246262 | W58: 자재 54 | X58: 천원
A59: 577F118D8878DD199FF292BE5B7D97DBDEC82D | B59: 크레인(무한궤도) | C59: 50ton(1.91㎥) | D59: 대 | E59: 0 | G59: 0 | I59: 0 | K59: 0 | M59: 0 | O59: 0 | P59: 0 | Q59: 0 | R59: 0 | S59: 0 | T59: 0 | U59: 442274 | V59: =SMALL(Q59:U59,COUNTIF(Q59:U59,0)+1) -> 442274 | W59: 자재 55 | X59: 천원
A60: 577F118D8878DD199FF2CFF058FD512A9DF6A9 | B60: 크레인(타이어) | C60: 10ton | D60: 대 | E60: 0 | G60: 0 | I60: 0 | K60: 0 | M60: 0 | O60: 0 | P60: 0 | Q60: 0 | R60: 0 | S60: 0 | T60: 0 | U60: 136400 | V60: =SMALL(Q60:U60,COUNTIF(Q60:U60,0)+1) -> 136400 | W60: 자재 56 | X60: 천원
A61: 577F118D8878DD199FF2CFF058FD54FE3BA043 | B61: 크레인(타이어) | C61: 15ton | D61: 대 | E61: 0 | G61: 0 | I61: 0 | K61: 0 | M61: 0 | O61: 0 | P61: 0 | Q61: 0 | R61: 0 | S61: 0 | T61: 0 | U61: 187184 | V61: =SMALL(Q61:U61,COUNTIF(Q61:U61,0)+1) -> 187184 | W61: 자재 57 | X61: 천원
A62: 577F118D8878DD199FF2CFF058FE78334003C4 | B62: 크레인(타이어) | C62: 20ton | D62: 대 | E62: 0 | G62: 0 | I62: 0 | K62: 0 | M62: 0 | O62: 0 | P62: 0 | Q62: 0 | R62: 0 | S62: 0 | T62: 0 | U62: 233376 | V62: =SMALL(Q62:U62,COUNTIF(Q62:U62,0)+1) -> 233376 | W62: 자재 58 | X62: 천원
A63: 577F118D8878DD199FF2CFF058FE7DB559A7F6 | B63: 크레인(타이어) | C63: 25ton | D63: 대 | E63: 0 | G63: 0 | I63: 0 | K63: 0 | M63: 0 | O63: 0 | P63: 0 | Q63: 0 | R63: 0 | S63: 0 | T63: 0 | U63: 290480 | V63: =SMALL(Q63:U63,COUNTIF(Q63:U63,0)+1) -> 290480 | W63: 자재 59 | X63: 천원
A64: 577F118D8878DD199FF2CFF058FF1FBD08EED8 | B64: 크레인(타이어) | C64: 30ton | D64: 대 | E64: 0 | G64: 0 | I64: 0 | K64: 0 | M64: 0 | O64: 0 | P64: 0 | Q64: 0 | R64: 0 | S64: 0 | T64: 0 | U64: 332101 | V64: =SMALL(Q64:U64,COUNTIF(Q64:U64,0)+1) -> 332101 | W64: 자재 60 | X64: 천원
A65: 577F118D8878DD199FF2CFF058F9F6F9BE4306 | B65: 크레인(타이어) | C65: 50ton | D65: 대 | E65: 0 | G65: 0 | I65: 0 | K65: 0 | M65: 0 | O65: 0 | P65: 0 | Q65: 0 | R65: 0 | S65: 0 | T65: 0 | U65: 520694 | V65: =SMALL(Q65:U65,COUNTIF(Q65:U65,0)+1) -> 520694 | W65: 자재 61 | X65: 천원
... A93: 577F118D8878A01939433C7C564E6723257303 | B93: 노면파쇄기 | C93: 2m | D93: 대 | E93: 0 | G93: 0 | I93: 0 | K93: 0 | M93: 0 | O93: 0 | P93: 0 | Q93: 0 | R93: 0 | S93: 0 | T93: 0 | U93: 438356 | V93: =SMALL(Q93:U93,COUNTIF(Q93:U93,0)+1) -> 438356 | W93: 자재 89 | X93: 천원
B94: 소형노면파쇄기 | C94: 0.95m3 | D94: 대 | E94: 0 | G94: 0 | I94: 0 | K94: 0 | M94: 0 | O94: 0 | P94: 0 | Q94: 0 | R94: 0 | S94: 0 | T94: 0 | U94: 29250 | V94: =SMALL(Q94:U94,COUNTIF(Q94:U94,0)+1) -> 29250 | W94: 자재 90 | X94: 천원
A95: 577F118D88789719CC25683753912757EC807B | B95: 그라우팅 믹서 | C95: 190L*2(2kw) | D95: 대 | E95: 0 | G95: 0 | I95: 0 | K95: 0 | M95: 0 | O95: 0 | P95: 0 | Q95: 0 | R95: 0 | S95: 0 | T95: 0 | U95: 2900 | V95: =SMALL(Q95:U95,COUNTIF(Q95:U95,0)+1) -> 2900 | W95: 자재 91 | X95: 천원
A96: 577F118D88789719F9630219527D3909C86354 | B96: 그라우팅 펌프 | C96: 30∼60L/min(3.7kw) | D96: 대 | E96: 0 | G96: 0 | I96: 0 | K96: 0 | M96: 0 | O96: 0 | P96: 0 | Q96: 0 | R96: 0 | S96: 0 | T96: 0 | U96: 4086 | V96: =SMALL(Q96:U96,COUNTIF(Q96:U96,0)+1) -> 4086 | W96: 자재 92 | X96: 천원
A97: 577F118D887897198665A67454F4CCECBA5DE6 | B97: 강연선인장기 | C97: 60ton | D97: 대 | E97: 0 | G97: 0 | I97: 0 | K97: 0 | M97: 0 | O97: 0 | P97: 0 | Q97: 0 | R97: 0 | S97: 0 | T97: 0 | U97: 7036 | V97: =SMALL(Q97:U97,COUNTIF(Q97:U97,0)+1) -> 7036 | W97: 자재 93 | X97: 천원
A98: 577F118D8878851941144BF250AEB7BCD4D948 | B98: 물탱크(살수차) | C98: 1800L | D98: 대 | E98: 0 | G98: 0 | I98: 0 | K98: 0 | M98: 0 | O98: 0 | P98: 0 | Q98: 0 | R98: 0 | S98: 0 | T98: 0 | U98: 35141 | V98: =SMALL(Q98:U98,COUNTIF(Q98:U98,0)+1) -> 35141 | W98: 자재 94 | X98: 천원
A99: 577F118D8878851941144BF250ACFA5B658CDB | B99: 물탱크(살수차) | C99: 3800L | D99: 대 | E99: 0 | G99: 0 | I99: 0 | K99: 0 | M99: 0 | O99: 0 | P99: 0 | Q99: 0 | R99: 0 | S99: 0 | T99: 0 | U99: 40753 | V99: =SMALL(Q99:U99,COUNTIF(Q99:U99,0)+1) -> 40753 | W99: 자재 95 | X99: 천원
A100: 577F118D8878851941144BF250AAC1B52D17F7 | B100: 물탱크(살수차) | C100: 5500L | D100: 대 | E100: 0 | G100: 0 | I100: 0 | K100: 0 | M100: 0 | O100: 0 | P100: 0 | Q100: 0 | R100: 0 | S100: 0 | T100: 0 | U100: 47263 | V100: =SMALL(Q100:U100,COUNTIF(Q100:U100,0)+1) -> 47263 | W100: 자재 96 | X100: 천원
A101: 577F118D8878851941144BF250A9387608D5A1 | B101: 물탱크(살수차) | C101: 6500L | D101: 대 | E101: 0 | G101: 0 | I101: 0 | K101: 0 | M101: 0 | O101: 0 | P101: 0 | Q101: 0 | R101: 0 | S101: 0 | T101: 0 | U101: 51396 | V101: =SMALL(Q101:U101,COUNTIF(Q101:U101,0)+1) -> 51396 | W101: 자재 97 | X101: 천원
A102: 577F118D8878851941144BF251B02FB0BC63E0 | B102: 물탱크(살수차) | C102: 16000L | D102: 대 | E102: 0 | G102: 0 | I102: 0 | K102: 0 | M102: 0 | O102: 0 | P102: 0 | Q102: 0 | R102: 0 | S102: 0 | T102: 0 | U102: 90649 | V102: =SMALL(Q102:U102,COUNTIF(Q102:U102,0)+1) -> 90649 | W102: 자재 98 | X102: 천원
A103: 577F118D88788519411466D95C2CF677A419A8 | B103: 부착용 집게 | C103: 0.2㎥ | D103: 대 | E103: 0 | G103: 0 | I103: 0 | K103: 0 | M103: 0 | O103: 0 | P103: 0 | Q103: 0 | R103: 0 | S103: 0 | T103: 0 | U103: 4942 | V103: =SMALL(Q103:U103,COUNTIF(Q103:U103,0)+1) -> 4942 | W103: 자재 99 | X103: 천원
A104: 577F118D88788519411466D95C2922D9FA7F86 | B104: 부착용 집게 | C104: 0.7㎥ | D104: 대 | E104: 0 | G104: 0 | I104: 0 | K104: 0 | M104: 0 | O104: 0 | P104: 0 | Q104: 0 | R104: 0 | S104: 0 | T104: 0 | U104: 7783 | V104: =SMALL(Q104:U104,COUNTIF(Q104:U104,0)+1) -> 7783 | W104: 자재 100 | X104: 천원
A105: 577F118D88788519410BA19257C69BC14D448E | B105: 동력분무기 | C105: 4.85kw | D105: 대 | E105: 0 | G105: 0 | I105: 0 | K105: 0 | M105: 0 | O105: 0 | P105: 0 | Q105: 0 | R105: 0 | S105: 0 | T105: 0 | U105: 922 | V105: =SMALL(Q105:U105,COUNTIF(Q105:U105,0)+1) -> 922 | W105: 자재 101 | X105: 천원
A106: 577F118D8878851953B3E24753F4A88FB64827 | B106: 라인 마커 | C106: 10Km/hr | D106: 대 | E106: 0 | G106: 0 | I106: 0 | K106: 0 | M106: 0 | O106: 0 | P106: 0 | Q106: 0 | R106: 0 | S106: 0 | T106: 0 | U106: 68298 | V106: =SMALL(Q106:U106,COUNTIF(Q106:U106,0)+1) -> 68298 | W106: 자재 102 | X106: 천원
... A109: 577F118D8878851915818FC45CD68291A09DEF | B109: 취부기(녹생토 암절개면 보호식재용) | C109: 25L, 18.65kw | D109: 대 | E109: 0 | G109: 0 | I109: 0 | K109: 0 | M109: 0 | O109: 0 | P109: 0 | Q109: 0 | R109: 0 | S109: 0 | T109: 0 | U109: 71951 | V109: =SMALL(Q109:U109,COUNTIF(Q109:U109,0)+1) -> 71951 | W109: 자재 105 | X109: 천원
A110: 576EA18E7D1CCD19CCA270C65F126B632B4037 | B110: 착지핀 | C110: D=16*350mm | D110: EA | E110: 0 | G110: 600 | H110: 398 | I110: 1200 | J110: 239 | K110: 0 | M110: 0 | O110: =SMALL(E110:M110,COUNTIF(E110:M110,0)+1) -> 600 | P110: 0 | Q110: 0 | R110: 0 | S110: 0 | T110: 0 | U110: 0 | V110: 0 | W110: 자재 106
A111: 576EA18E7D1CCD19CCA270C65F126B632B4035 | B111: 앵커핀 | C111: D=16*500mm | D111: EA | E111: 0 | G111: 800 | H111: 398 | I111: 2500 | J111: 239 | K111: 0 | M111: 0 | O111: =SMALL(E111:M111,COUNTIF(E111:M111,0)+1) -> 800 | P111: 0 | Q111: 0 | R111: 0 | S111: 0 | T111: 0 | U111: 0 | V111: 0 | W111: 자재 107
A112: 576EB188C9114919E3E7FC4058F6C9701E092A | B112: 내수합판 | C112: 내수합판, 1급, 12*1220*2440mm | D112: M2 | E112: 11268 | G112: 11287.28 | H112: 667 | I112: 11556.03 | J112: 407 | K112: 0 | M112: 0 | O112: =SMALL(E112:M112,COUNTIF(E112:M112,0)+1) -> 11268 | P112: 0 | Q112: 0 | R112: 0 | S112: 0 | T112: 0 | U112: 0 | V112: 0 | W112: 자재 108
A113: 576E81839BD8B81940F8F8365ADD6206E19EAA | B113: 벤토나이트 | C113: 토목용 A급 | D113: kg | E113: 0 | G113: 240 | H113: 386 | I113: 400 | J113: 1195 | K113: 0 | M113: 0 | O113: =SMALL(E113:M113,COUNTIF(E113:M113,0)+1) -> 240 | P113: 0 | Q113: 0 | R113: 0 | S113: 0 | T113: 0 | U113: 0 | V113: 0 | W113: 자재 109
A114: 576EF18691171F195AA3EB525272BD656DC0FE | B114: 경유 | C114: 경유, 저유황 | D114: L | E114: 1334 | F114: 조달:26-02-03 | G114: 0 | I114: 0 | K114: 0 | M114: 0 | O114: =SMALL(E114:M114,COUNTIF(E114:M114,0)+1) -> 1334 | P114: 0 | Q114: 0 | R114: 0 | S114: 0 | T114: 0 | U114: 0 | V114: 0 | W114: 자재 110
A115: 576EF18691171F195AA3D92F53342C02EDF7D8 | B115: 공업용휘발유 | C115: 공업용휘발유, 무연 | D115: L | E115: 1473 | F115: 조달:26-02-03 | G115: 0 | I115: 0 | K115: 0 | M115: 0 | O115: =SMALL(E115:M115,COUNTIF(E115:M115,0)+1) -> 1473 | P115: 0 | Q115: 0 | R115: 0 | S115: 0 | T115: 0 | U115: 0 | V115: 0 | W115: 자재 111
A116: 576EF18691068D1943026EB150DB6A81E85D5F | B116: 프로판가스 | D116: kg | E116: 0 | G116: 1887.97 | H116: 1451 | I116: 1417 | J116: 1189 | K116: 0 | M116: 0 | O116: =SMALL(E116:M116,COUNTIF(E116:M116,0)+1) -> 1417 | P116: 0 | Q116: 0 | R116: 0 | S116: 0 | T116: 0 | U116: 0 | V116: 0 | W116: 자재 112
A117: 575C418E2B1D921989A9D6E85BEB991F296B5B | B117: 싱글코아바렐 | C117: BX ∮50.8mm*1.0m | D117: 조 | E117: 0 | G117: 0 | I117: 85000 | J117: 1167 | K117: 0 | M117: 0 | O117: =SMALL(E117:M117,COUNTIF(E117:M117,0)+1) -> 85000 | P117: 0 | Q117: 0 | R117: 0 | S117: 0 | T117: 0 | U117: 0 | V117: 0 | W117: 자재 113 | X117: 대리점상차도
A118: 575C418E2B1D921989A9D6E85BEB991F296B58 | B118: 싱글코아바렐 | C118: NX ∮76mm*1.0m | D118: 조 | E118: 0 | G118: 0 | I118: 110000 | J118: 1167 | K118: 0 | M118: 0 | O118: =SMALL(E118:M118,COUNTIF(E118:M118,0)+1) -> 110000 | P118: 0 | Q118: 0 | R118: 0 | S118: 0 | T118: 0 | U118: 0 | V118: 0 | W118: 자재 114 | X118: 대리점상차도
A119: 575C418E2B1D921989A9D6E85BEB991F296B5F | B119: 더블코아바렐 | C119: BX ∮50.8mm*1.5m | D119: 조 | E119: 0 | G119: 0 | I119: 340000 | J119: 1167 | K119: 0 | M119: 0 | O119: =SMALL(E119:M119,COUNTIF(E119:M119,0)+1) -> 340000 | P119: 0 | Q119: 0 | R119: 0 | S119: 0 | T119: 0 | U119: 0 | V119: 0 | W119: 자재 115 | X119: 대리점상차도
A120: 575C418E2B1D921989A9D6E85BEB991F296B5C | B120: 더블코아바렐 | C120: NX ∮76㎜*3.0m | D120: 조 | E120: 0 | G120: 0 | I120: 480000 | J120: 1167 | K120: 0 | M120: 0 | O120: =SMALL(E120:M120,COUNTIF(E120:M120,0)+1) -> 480000 | P120: 0 | Q120: 0 | R120: 0 | S120: 0 | T120: 0 | U120: 0 | V120: 0 | W120: 자재 116 | X120: 대리점상차도
A121: 575C418E2B1D921989A9D6E85BEB991F2969AF | B121: 코아리프타 | C121: BX ∮50.8mm | D121: 조 | E121: 0 | G121: 0 | I121: 15000 | J121: 1167 | K121: 0 | M121: 0 | O121: =SMALL(E121:M121,COUNTIF(E121:M121,0)+1) -> 15000 | P121: 0 | Q121: 0 | R121: 0 | S121: 0 | T121: 0 | U121: 0 | V121: 0 | W121: 자재 117 | X121: 대리점상차도
A122: 575C418E2B1D921989A9D6E85BEB991F2969A8 | B122: 코아리프타 | C122: NX ∮76㎜ | D122: 조 | E122: 0 | G122: 0 | I122: 17000 | J122: 1167 | K122: 0 | M122: 0 | O122: =SMALL(E122:M122,COUNTIF(E122:M122,0)+1) -> 17000 | P122: 0 | Q122: 0 | R122: 0 | S122: 0 | T122: 0 | U122: 0 | V122: 0 | W122: 자재 118 | X122: 대리점상차도
A123: 575C418E2B1D921989A9D6E85BEB991F2969A9 | B123: 다이아몬드리밍쉘 | C123: BX ∮50.8mm | D123: 개 | E123: 0 | G123: 0 | I123: 180000 | J123: 1167 | K123: 0 | M123: 0 | O123: =SMALL(E123:M123,COUNTIF(E123:M123,0)+1) -> 180000 | P123: 0 | Q123: 0 | R123: 0 | S123: 0 | T123: 0 | U123: 0 | V123: 0 | W123: 자재 119 | X123: 대리점상차도
A124: 575C418E2B1D921989A9D6E85BEB991F2969AA | B124: 다이아몬드리밍쉘 | C124: NX ∮76㎜ | D124: 개 | E124: 0 | G124: 0 | I124: 230000 | J124: 1167 | K124: 0 | M124: 0 | O124: =SMALL(E124:M124,COUNTIF(E124:M124,0)+1) -> 230000 | P124: 0 | Q124: 0 | R124: 0 | S124: 0 | T124: 0 | U124: 0 | V124: 0 | W124: 자재 120 | X124: 대리점상차도
A125: 575C418E2B1D921989A9D6E85BEB991F2969AB | B125: 다이아몬드코아 비트 | C125: BX ∮50.8mm | D125: 개 | E125: 0 | G125: 0 | I125: 0 | K125: 0 | M125: 0 | O125: 0 | P125: 0 | Q125: 0 | R125: 0 | S125: 0 | T125: 0 | U125: 0 | V125: 0 | W125: 자재 121 | X125: 대리점상차도
A126: 575C418E2B1D921989A9D6E85BEB991F2969A4 | B126: 다이아몬드코아 비트 | C126: NX ∮76㎜ | D126: 개 | E126: 0 | G126: 0 | I126: 0 | K126: 0 | M126: 0 | O126: 0 | P126: 0 | Q126: 0 | R126: 0 | S126: 0 | T126: 0 | U126: 0 | V126: 0 | W126: 자재 122 | X126: 대리점상차도
A127: 575C418E2B1D921989A9D6E85BEB991F2969A5 | B127: 메탈크라운빗트 | C127: BXL ∮50.8mm(티수 6~8) | D127: 조 | E127: 0 | G127: 0 | I127: 23000 | J127: 1167 | K127: 0 | M127: 0 | O127: =SMALL(E127:M127,COUNTIF(E127:M127,0)+1) -> 23000 | P127: 0 | Q127: 0 | R127: 0 | S127: 0 | T127: 0 | U127: 0 | V127: 0 | W127: 자재 123 | X127: 대리점상차도
A128: 575C418E2B1D921989A9D6E85BEB991F296885 | B128: 메탈크라운빗트 | C128: NXL ∮76mm(티수 6~10) | D128: 조 | E128: 0 | G128: 0 | I128: 30000 | J128: 1167 | K128: 0 | M128: 0 | O128: =SMALL(E128:M128,COUNTIF(E128:M128,0)+1) -> 30000 | P128: 0 | Q128: 0 | R128: 0 | S128: 0 | T128: 0 | U128: 0 | V128: 0 | W128: 자재 124 | X128: 대리점상차도
A129: 575C418E2B1D921989A9D6E85BEB991F296880 | B129: 드라이브(케이싱)파이프 | C129: BX 50.8*1.5m | D129: 개 | E129: 0 | G129: 0 | I129: 85000 | J129: 1167 | K129: 0 | M129: 0 | O129: =SMALL(E129:M129,COUNTIF(E129:M129,0)+1) -> 85000 | P129: 0 | Q129: 0 | R129: 0 | S129: 0 | T129: 0 | U129: 0 | V129: 0 | W129: 자재 125 | X129: 대리점상차도
A130: 575C418E2B1D921989A9D6E85BEB991F296883 | B130: 드라이브(케이싱)파이프 | C130: NX 76*1.5m | D130: 개 | E130: 0 | G130: 0 | I130: 130000 | J130: 1167 | K130: 0 | M130: 0 | O130: =SMALL(E130:M130,COUNTIF(E130:M130,0)+1) -> 130000 | P130: 0 | Q130: 0 | R130: 0 | S130: 0 | T130: 0 | U130: 0 | V130: 0 | W130: 자재 126 | X130: 대리점상차도
A131: 575C418E2B1D921989A9D6E85BEB991F296882 | B131: 드라이브 파이프해드 | C131: BX ∮50.8㎜ | D131: 개 | E131: 0 | G131: 0 | I131: 40000 | J131: 1167 | K131: 0 | M131: 0 | O131: =SMALL(E131:M131,COUNTIF(E131:M131,0)+1) -> 40000 | P131: 0 | Q131: 0 | R131: 0 | S131: 0 | T131: 0 | U131: 0 | V131: 0 | W131: 자재 127 | X131: 대리점상차도
A132: 575C418E2B1D921989A9D6E85BEB991F29688D | B132: 드라이브 파이프해드 | C132: NX ∮76㎜ | D132: 개 | E132: 0 | G132: 0 | I132: 50000 | J132: 1167 | K132: 0 | M132: 0 | O132: =SMALL(E132:M132,COUNTIF(E132:M132,0)+1) -> 50000 | P132: 0 | Q132: 0 | R132: 0 | S132: 0 | T132: 0 | U132: 0 | V132: 0 | W132: 자재 128 | X132: 대리점상차도
A133: 575C418E2B1D921989A9D6E85BEB991F29688C | B133: 드라이브 파이프 슈 | C133: BX ∮50.8mm | D133: 개 | E133: 0 | G133: 0 | I133: 30000 | J133: 1167 | K133: 0 | M133: 0 | O133: =SMALL(E133:M133,COUNTIF(E133:M133,0)+1) -> 30000 | P133: 0 | Q133: 0 | R133: 0 | S133: 0 | T133: 0 | U133: 0 | V133: 0 | W133: 자재 129 | X133: 대리점상차도
A134: 575C418E2B1D921989A9D6E85BEB991F296F35 | B134: 드라이브 파이프 슈 | C134: NX ∮76mm | D134: 개 | E134: 0 | G134: 0 | I134: 35000 | J134: 1167 | K134: 0 | M134: 0 | O134: =SMALL(E134:M134,COUNTIF(E134:M134,0)+1) -> 35000 | P134: 0 | Q134: 0 | R134: 0 | S134: 0 | T134: 0 | U134: 0 | V134: 0 | W134: 자재 130 | X134: 대리점상차도
A135: 575C418E2B1D921989A9D6E85BEB991F296F34 | B135: 쵸핑 빗트(스트레이트) | C135: BX ∮50.8mm | D135: 개 | E135: 0 | G135: 0 | I135: 126000 | J135: 1167 | K135: 0 | M135: 0 | O135: =SMALL(E135:M135,COUNTIF(E135:M135,0)+1) -> 126000 | P135: 0 | Q135: 0 | R135: 0 | S135: 0 | T135: 0 | U135: 0 | V135: 0 | W135: 자재 131 | X135: 대리점상차도
A136: 575C418E2B1D921989A9D6E85BEB991F296F37 | B136: 쵸핑 빗트(스트레이트) | C136: NX ∮76mm | D136: 개 | E136: 0 | G136: 0 | I136: 173000 | J136: 1167 | K136: 0 | M136: 0 | O136: =SMALL(E136:M136,COUNTIF(E136:M136,0)+1) -> 173000 | P136: 0 | Q136: 0 | R136: 0 | S136: 0 | T136: 0 | U136: 0 | V136: 0 | W136: 자재 132 | X136: 대리점상차도
A137: 575C418E2B1D921989A9D6E85BEB991F296F33 | B137: 기포제 | D137: L | E137: 0 | G137: 0 | I137: 0 | K137: 0 | M137: 10811 | O137: =SMALL(E137:M137,COUNTIF(E137:M137,0)+1) -> 10811 | P137: 0 | Q137: 0 | R137: 0 | S137: 0 | T137: 0 | U137: 0 | V137: 0 | W137: 자재 133 | X137: 농어촌공사
A138: 575C418E2B1D921989A9D6E85BEB991F296F32 | B138: 메탈리밍쉘 | C138: BX ∮50.8mm | D138: 개 | E138: 0 | G138: 0 | I138: 45000 | J138: 1167 | K138: 0 | M138: 0 | O138: =SMALL(E138:M138,COUNTIF(E138:M138,0)+1) -> 45000 | P138: 0 | Q138: 0 | R138: 0 | S138: 0 | T138: 0 | U138: 0 | V138: 0 | W138: 자재 134 | X138: 대리점상차도
A139: 575C418E2B1D921989A9D6E85BEB991F296F3D | B139: 메탈리밍쉘 | C139: NX ∮76㎜ | D139: 개 | E139: 0 | G139: 0 | I139: 50000 | J139: 1167 | K139: 0 | M139: 0 | O139: =SMALL(E139:M139,COUNTIF(E139:M139,0)+1) -> 50000 | P139: 0 | Q139: 0 | R139: 0 | S139: 0 | T139: 0 | U139: 0 | V139: 0 | W139: 자재 135 | X139: 대리점상차도
A140: 575C418E2B035B19513AB9A956A760547DE529 | B140: 3윙비트 | C140: ∮4" | D140: 개 | E140: 0 | G140: 0 | I140: 170000 | J140: 1167 | K140: 0 | M140: 0 | O140: =SMALL(E140:M140,COUNTIF(E140:M140,0)+1) -> 170000 | P140: 0 | Q140: 0 | R140: 0 | S140: 0 | T140: 0 | U140: 0 | V140: 0 | W140: 자재 136 | X140: 대리점상차도
A141: 575C418E2B035B19513AB9A956A7605BAD5A54 | B141: 버튼 비트 | C141: D=100mm | D141: 개 | E141: 0 | G141: 0 | I141: 0 | K141: 0 | M141: 324528 | O141: =SMALL(E141:M141,COUNTIF(E141:M141,0)+1) -> 324528 | P141: 0 | Q141: 0 | R141: 0 | S141: 0 | T141: 0 | U141: 0 | V141: 0 | W141: 자재 137 | X141: 농어촌공사
A142: 575C418E2B035B19513AB9A956A7605BAE6147 | B142: 에어햄머 | C142: D=100mm | D142: 개 | E142: 0 | G142: 0 | I142: 0 | K142: 0 | M142: 338994 | O142: =SMALL(E142:M142,COUNTIF(E142:M142,0)+1) -> 338994 | P142: 0 | Q142: 0 | R142: 0 | S142: 0 | T142: 0 | U142: 0 | V142: 0 | W142: 자재 138 | X142: 농어촌공사
A143: 575C418E2B035B19513AB9A956A7605BAE67EE | B143: 블래이드(도로절단용) | C143: D=14인치*5.0mm | D143: 개 | E143: 0 | G143: 260000 | H143: 1338 | I143: 0 | K143: 0 | M143: 0 | O143: =SMALL(E143:M143,COUNTIF(E143:M143,0)+1) -> 260000 | P143: 0 | Q143: 0 | R143: 0 | S143: 0 | T143: 0 | U143: 0 | V143: 0 | W143: 자재 139 | X143: 대리점상차도
A144: 5743D18533656519D86BE9CD513951F717AED3 | B144: 각재 | C144: 각재, 외송 | D144: M3 | E144: 511929 | G144: 595808.38 | H144: 148 | I144: 571556.88 | J144: 73 | K144: 0 | M144: 0 | O144: =SMALL(E144:M144,COUNTIF(E144:M144,0)+1) -> 511929 | P144: 0 | Q144: 0 | R144: 0 | S144: 0 | T144: 0 | U144: 0 | V144: 0 | W144: 자재 140
A145: 5743D18533382F19D67A0C715C28F99C102275 | B145: 능형철망 PVC 코팅 | C145: #8*58*58mm | D145: M2 | E145: 0 | G145: 9600 | H145: 517 | I145: 5400 | J145: 346 | K145: 0 | M145: 0 | O145: =SMALL(E145:M145,COUNTIF(E145:M145,0)+1) -> 5400 | P145: 0 | Q145: 0 | R145: 0 | S145: 0 | T145: 0 | U145: 0 | V145: 0 | W145: 자재 141
A146: 5743D185331D25193EC236115157D4DE216856 | B146: 녹화마대 | C146: 4.5cm*20m | D146: M | E146: 0 | G146: 0 | I146: 0 | K146: 0 | M146: 270 | N146: 5400/20 | O146: =SMALL(E146:M146,COUNTIF(E146:M146,0)+1) -> 270 | P146: 0 | Q146: 0 | R146: 0 | S146: 0 | T146: 0 | U146: 0 | V146: 0 | W146: 자재 142
A147: 5743D185331D25193EC236115157D4DE220E39 | B147: 녹화끈 | C147: 4mm*400m | D147: M | E147: 0 | G147: 13.33 | H147: 402 | I147: 0 | K147: 0 | M147: 0 | O147: =SMALL(E147:M147,COUNTIF(E147:M147,0)+1) -> 13.33 | P147: 0 | Q147: 0 | R147: 0 | S147: 0 | T147: 0 | U147: 0 | V147: 0 | W147: 자재 143
A148: 5743D185331D25193EC236115157D4DE25C346 | B148: 고무바 | C148: 2.2cm*10m*2t | D148: M | E148: 0 | G148: 238.88 | H148: 407 | I148: 0 | K148: 0 | M148: 0 | O148: =SMALL(E148:M148,COUNTIF(E148:M148,0)+1) -> 238.88 | P148: 0 | Q148: 0 | R148: 0 | S148: 0 | T148: 0 | U148: 0 | V148: 0 | W148: 자재 144
A149: 5743D18533FB8A19E64CD22F53E6972329B7B6 | B149: 건설용거푸집 | C149: 건설용거푸집, 강, 600*1200*63.5mm | D149: 매 | E149: 27075 | G149: 29000 | H149: 166 | I149: 0 | K149: 0 | M149: 0 | O149: =SMALL(E149:M149,COUNTIF(E149:M149,0)+1) -> 27075 | P149: 0 | Q149: 0 | R149: 0 | S149: 0 | T149: 0 | U149: 0 | V149: 0 | W149: 자재 145
...

Sheet  공사설정 
A1: 이 Sheet는 수정하지 마십시요
A2: 공사구분 | B2: B | C2: 타이틀
A3: 확정내역 | B3: 원내역
A4: 자재단가적용 | B4: 5
A5: 경비단가적용 | B5: 5
A6: 품목코드형식 | B6: XXXX-XXXX-XXXXXXXXX
A7: 내역금액소수점처리 | B7: C | C7: T
A8: 일위대가내역소수점처리 | B8: C | C8: 2
A9: 단가명 | B9: 조달청가격 | C9: 거래가격 | D9: 유통물가 | E9: 조사가격1 | F9: 조사가격2 | G9: TTTTT
A10: 환율 | B10: 1442 | C10: 0 | D10: 0
A11: 시간당작업량 | B11: R | C11: 4
A12: 1회 사이클시간 | B12: R | C12: 4
A13: 시간당 작업사이클 | B13: R | C13: 3
A14: 일반변수 | B14: R | C14: 5
A15: 시간당 노임산출 계수 | B15: A | C15: 1/8*16/12*25/20 | D15: 1/8*16/12*25/20 | E15: 1/8*16/12*25/20 | F15: 1
A16: 재료비 할증 계수 | B16: 1.11 | C16: 1.12
A17: 노무비 할증 계수 | B17: 1 | C17: 1.5 | D17: 1.16 | E17: 1.6 | F17: 1.6 | G17: 1.6 | H17: 1.94 | I17: 1.94 | J17: 1.94 | K17: 1 | L17: 1 | M17: 1
A18: 경비 할증 계수 | B18: 1.25 | C18: 1.071
A19: 내역,일위대가 품명,규격,단위 따로적용
A20: 내역단가 소수점처리 | B20: C | C20: 1
A21: 코드 | B21: 공종구분명 | C21: 원가비목코드
A22: 1 | B22: 작업부산물 | C22: A3
A23: 2 | B23: 운 반 비 | C23: C1
A24: 3 | B24: 품 질 관 리 비 | C24: C3
A25: 4 | B25: 안 전 관 리 비 | C25: CF
A26: 5 | B26: 미확정공종(PS) | C26: D5
A27: 6 | B27: 제요율제외공종 | C27: D6
A28: 7 | B28: 폐기물처리비 | C28: D7
A29: 8 | B29: 도급자관급자재비 | C29: DK
A30: 9 | B30: 관급자관급자재비 | C30: DL
A43: 단가 순서 | B43: 1234
