Workbook
Name ____H66766: #REF!
Name __H66766: #REF!
Name _0: [1]직재!#REF!
Name _1: [2]I一般比!#REF!
Name _1._PANEL_BD.__LP___1: #REF!
Name _2: #N/A
Name _24_24: #REF!
Name _3: #N/A
Name _5: '[3]설직재-1'!#REF!
Name _7: '[3]설직재-1'!#REF!
Name _A1: #REF!
Name _b2: #REF!
Name _D1: #REF!
Name _D2: #REF!
Name _DOG1: #REF!
Name _DOG2: #REF!
Name _DOG22: #REF!
Name _DOG3: #REF!
Name _DOG33: #REF!
Name _DOG4: #REF!
Name _E7_E9_E11_E13_: #N/A
Name _FF1: #REF!
Name _H66766: #REF!
Name _IL1: #REF!
Name _l1: [4]내역서!#REF!
Name _LP1: #REF!
Name _LP2: #REF!
Name _LPB1: [5]부하계산서!#REF!
Name _LPK1: [5]부하계산서!#REF!
Name _LU1: '[6]부하(성남)'!#REF!
Name _LU2: '[6]부하(성남)'!#REF!
Name _LV01: '[6]부하(성남)'!#REF!
Name _MDL1: '[7]2월가격표-ESG-1월'!$B:$B
Name _MDL2: [7]SPEC!$A:$A
Name _OIU1: [8]!BlankMacro1
Name _OIU1: [8]!BlankMacro1
Name _OIU1: [8]!BlankMacro1
Name _OIU1: [8]!BlankMacro1
Name _PB1: [9]工완성공사율!$A$1:$J$45
Name _PB2: [9]工완성공사율!$K$1:$T$45
Name _PB3: [9]工완성공사율!$U$1:$AD$45
Name _PI48: #REF!
Name _PI60: #REF!
Name _Q1: #REF!
Name _Q2: #REF!
Name _Q3: #REF!
Name _RNG1: '[7]2월가격표-ESG-1월'!$A:$D
Name _RO110: #REF!
Name _RO22: #REF!
Name _RO35: #REF!
Name _RO45: #REF!
Name _RO60: #REF!
Name _RO80: #REF!
Name _SUB1: #REF!
Name _SUB2: #REF!
Name _SUB3: #REF!
Name _sub4: #REF!
Name _sub5: #REF!
Name _SUM1: [10]EP0618!#REF!
Name _SUM10: [10]EP0618!#REF!

Sheet 1.공통자재
A1: 단 가 대 비 표
A2: 2026년 상반기 충남교육청 건설공사 일위대가(전기, 통신, 전기소방)
A3: 품 명 | B3: 규 격 | C3: 단위 | D3: 재 료 비 | O3: 번 호 | P3: 비 고
D4: 조달청가격 | E4: PAGE | F4: 거래가격 | G4: PAGE | H4: 유통물가 | I4: PAGE | J4: 물가자료 | K4: PAGE | L4: 물가정보 | M4: PAGE | N4: 적용단가
A5: 사각맨홀(뚜껑별도) | B5: 800x800x800x150t | C5: 조 | D5: 0 | F5: 210000 | G5: 222 | H5: 320000 | I5: 197 | J5: 0 | L5: 170000 | M5: 207 | N5: =SMALL(D5:L5,COUNTIF(D5:L5,0)+1) -> 170000
A6: 사각맨홀(뚜껑별도) | B6: 1000x1000x1000x150t | C6: 조 | D6: 0 | F6: 0 | H6: 0 | J6: 0 | L6: 220000 | M6: 207 | N6: =SMALL(D6:L6,COUNTIF(D6:L6,0)+1) -> 220000
A7: 사각맨홀(뚜껑별도) | B7: 1200*1200*1200*200t | C7: 조 | D7: 0 | F7: 0 | H7: 0 | J7: 0 | L7: 290000 | M7: 207 | N7: =SMALL(D7:L7,COUNTIF(D7:L7,0)+1) -> 290000
A8: 사각맨홀(뚜껑별도) | B8: 1500x1500x1500x150t | C8: 조 | D8: 0 | F8: 0 | H8: 0 | J8: 0 | L8: 440000 | M8: 207 | N8: =SMALL(D8:L8,COUNTIF(D8:L8,0)+1) -> 440000
A9: 사각맨홀(뚜껑별도) | B9: 1800*1800*1800*200t | C9: 조 | D9: 0 | F9: 0 | H9: 0 | J9: 0 | L9: 1350000 | M9: 207 | N9: =SMALL(D9:L9,COUNTIF(D9:L9,0)+1) -> 1350000
A10: 사각맨홀(뚜껑별도) | B10: 2000x2000x1500x150t | C10: 조 | D10: 0 | F10: 0 | H10: 0 | J10: 0 | L10: 1600000 | M10: 207 | N10: =SMALL(D10:L10,COUNTIF(D10:L10,0)+1) -> 1600000
A11: 수공1호 (뚜껑별도) | B11: 950*450*700*150t | C11: 조 | D11: 0 | F11: 0 | H11: 0 | J11: 0 | L11: 110000 | M11: 207 | N11: =SMALL(D11:L11,COUNTIF(D11:L11,0)+1) -> 110000
A12: 수공2호 (뚜껑별도) | B12: 1700*800*1100*150t | C12: 조 | D12: 0 | F12: 0 | H12: 0 | J12: 0 | L12: 290000 | M12: 207 | N12: =SMALL(D12:L12,COUNTIF(D12:L12,0)+1) -> 290000
A13: 수공3호 (뚜껑별도) | B13: 2000*1000*1400*150t | C13: 조 | D13: 0 | F13: 0 | H13: 0 | J13: 0 | L13: 450000 | M13: 207 | N13: =SMALL(D13:L13,COUNTIF(D13:L13,0)+1) -> 450000
A14: 수공4호 (뚜껑별도) | B14: 2000*1500*1500*150t | C14: 조 | D14: 0 | F14: 0 | H14: 0 | J14: 0 | L14: 590000 | M14: 207 | N14: =SMALL(D14:L14,COUNTIF(D14:L14,0)+1) -> 590000
A15: 원형주철 뚜껑 (전기,통신) | B15: Φ648(KS) | C15: 조 | D15: 0 | F15: 0 | H15: 0 | J15: 0 | L15: 230000 | M15: 207 | N15: =SMALL(D15:L15,COUNTIF(D15:L15,0)+1) -> 230000
A16: 4각주철(수공) 뚜껑 (전기,통신) | B16: 1,120*620(KS) | C16: 조 | D16: 0 | F16: 540000 | G16: 222 | H16: 0 | J16: 0 | L16: 370000 | M16: 207 | N16: =SMALL(D16:L16,COUNTIF(D16:L16,0)+1) -> 370000
A17: 지중선로표시기 | B17: 전기,통신용 | C17: 개 | D17: 0 | F17: 5400 | G17: 1083 | H17: 5400 | I17: 905 | J17: 0 | L17: 0 | N17: =SMALL(D17:L17,COUNTIF(D17:L17,0)+1) -> 5400
A18: 경고테이프(케이블표시시트) | B18: 200㎜ | C18: M | D18: 0 | F18: 202 | G18: 1134 | H18: 180 | I18: 539 | J18: 0 | L18: 0 | N18: =SMALL(D18:L18,COUNTIF(D18:L18,0)+1) -> 180
A19: 경고테이프(케이블표시시트) | B19: 300㎜ | C19: M | D19: 0 | F19: 297 | G19: 1134 | H19: 200 | I19: 539 | J19: 0 | L19: 0 | N19: =SMALL(D19:L19,COUNTIF(D19:L19,0)+1) -> 200
A20: 스위치박스 | B20: 1개용, 44mm | C20: 개 | D20: 507 | F20: 600 | G20: 1028 | H20: 600 | I20: 873 | J20: 560 | K20: 1105 | L20: 600 | M20: 1206 | N20: =SMALL(D20:L20,COUNTIF(D20:L20,0)+1) -> 507
A21: 스위치박스 | B21: 1개용 54mm | C21: 개 | D21: 591 | F21: 650 | G21: 1028 | H21: 700 | I21: 873 | J21: 650 | K21: 1105 | L21: 700 | M21: 1206 | N21: =SMALL(D21:L21,COUNTIF(D21:L21,0)+1) -> 591
A22: 스위치박스 | B22: 1개용, 75mm | C22: 개 | D22: 1285 | F22: 1400 | G22: 1028 | H22: 1518 | I22: 873 | J22: 1360 | K22: 1105 | L22: 1518 | M22: 1206 | N22: =SMALL(D22:L22,COUNTIF(D22:L22,0)+1) -> 1285
A23: 스위치박스 | B23: 2개용, 44mm | C23: 개 | D23: 764 | F23: 900 | G23: 1028 | H23: 904 | I23: 873 | J23: 820 | K23: 1105 | L23: 904 | M23: 1206 | N23: =SMALL(D23:L23,COUNTIF(D23:L23,0)+1) -> 764
A24: 스위치박스 | B24: 2개용, 54mm | C24: 개 | D24: 823 | F24: 1000 | G24: 1028 | H24: 973 | I24: 873 | J24: 920 | K24: 1105 | L24: 973 | M24: 1206 | N24: =SMALL(D24:L24,COUNTIF(D24:L24,0)+1) -> 823
A25: 스위치박스 | B25: 2개용, 75mm | C25: 개 | D25: 1447 | F25: 1600 | G25: 1028 | H25: 1709 | I25: 873 | J25: 1540 | K25: 1105 | L25: 1709 | M25: 1206 | N25: =SMALL(D25:L25,COUNTIF(D25:L25,0)+1) -> 1447
A26: 콘센트박스 | B26: 1개용, 44mm | C26: 개 | D26: 507 | F26: 600 | G26: 1028 | H26: 600 | I26: 873 | J26: 0 | L26: 0 | N26: =SMALL(D26:L26,COUNTIF(D26:L26,0)+1) -> 507
A27: 콘센트박스 | B27: 1개용, 54mm | C27: 개 | D27: 591 | F27: 650 | G27: 1028 | H27: 700 | I27: 873 | J27: 740 | K27: 1105 | L27: 763 | M27: 1206 | N27: =SMALL(D27:L27,COUNTIF(D27:L27,0)+1) -> 591
A28: 콘센트박스 | B28: 1개용, 75mm | C28: 개 | D28: 1285 | F28: 1400 | G28: 1028 | H28: 1518 | I28: 873 | J28: 1450 | K28: 1105 | L28: 1526 | M28: 1206 | N28: =SMALL(D28:L28,COUNTIF(D28:L28,0)+1) -> 1285
A29: 콘센트박스 | B29: 2개용, 44mm | C29: 개 | D29: 764 | F29: 900 | G29: 1028 | H29: 904 | I29: 873 | J29: 0 | L29: 0 | N29: =SMALL(D29:L29,COUNTIF(D29:L29,0)+1) -> 764
A30: 콘센트박스 | B30: 2개용, 54mm | C30: 개 | D30: 823 | F30: 1000 | G30: 1028 | H30: 973 | I30: 873 | J30: 980 | K30: 1105 | L30: 1003 | M30: 1206 | N30: =SMALL(D30:L30,COUNTIF(D30:L30,0)+1) -> 823
A31: 콘센트박스 | B31: 2개용, 75mm | C31: 개 | D31: 1447 | F31: 1600 | G31: 1028 | H31: 1709 | I31: 873 | J31: 1600 | K31: 1105 | L31: 1660 | M31: 1206 | N31: =SMALL(D31:L31,COUNTIF(D31:L31,0)+1) -> 1447
A32: 아웃렛박스 | B32: 4각, 44mm | C32: 개 | D32: 0 | F32: 661 | G32: 1020 | H32: 0 | J32: 0 | L32: 0 | N32: =SMALL(D32:L32,COUNTIF(D32:L32,0)+1) -> 661
A33: 아웃렛박스 | B33: 4각, 54mm | C33: 개 | F33: 840 | G33: 1020 | H33: 0 | J33: 3100 | K33: 1105 | L33: 3480 | M33: 1206 | N33: =SMALL(D33:L33,COUNTIF(D33:L33,0)+1) -> 840
A34: 아웃렛박스 | B34: 4각, 75mm | C34: 개 | D34: 0 | F34: 1562 | G34: 1020 | H34: 0 | J34: 3330 | K34: 1105 | L34: 3960 | M34: 1206 | N34: =SMALL(D34:L34,COUNTIF(D34:L34,0)+1) -> 1562
A35: 아웃렛박스 | B35: 8각, 44mm | C35: 개 | D35: 562 | F35: 527 | G35: 1020 | H35: 752 | I35: 873 | J35: 690 | K35: 1105 | L35: 752 | M35: 1206 | N35: =SMALL(D35:L35,COUNTIF(D35:L35,0)+1) -> 527
A36: 아웃렛박스 | B36: 8각, 54mm | C36: 개 | D36: 626 | F36: 721 | G36: 1020 | H36: 845 | I36: 873 | J36: 790 | K36: 1105 | L36: 845 | M36: 1206 | N36: =SMALL(D36:L36,COUNTIF(D36:L36,0)+1) -> 626
A37: 아웃렛박스 | B37: 8각, 75mm | C37: 개 | D37: 1219 | F37: 1254 | G37: 1020 | H37: 1650 | I37: 873 | J37: 1450 | K37: 1105 | L37: 1650 | M37: 1206 | N37: =SMALL(D37:L37,COUNTIF(D37:L37,0)+1) -> 1219
A38: 평 커 바 | B38: 8각 | C38: 개 | F38: 240 | G38: 1020 | H38: 328 | I38: 905 | J38: 0 | L38: 0 | N38: =SMALL(D38:L38,COUNTIF(D38:L38,0)+1) -> 240
A39: 평 커 바 | B39: 4각 | C39: 개 | F39: 240 | G39: 1020 | H39: 0 | J39: 400 | K39: 1105 | L39: 0 | N39: =SMALL(D39:L39,COUNTIF(D39:L39,0)+1) -> 240
A40: 오 목 커버 | B40: 4각 | C40: 개 | F40: 240 | G40: 1020 | H40: 448 | I40: 905 | J40: 400 | K40: 1105 | L40: 0 | N40: =SMALL(D40:L40,COUNTIF(D40:L40,0)+1) -> 240
A41: 평 커 버 | B41: 1개용S/W, 평형 | C41: 개 | F41: 213 | G41: 1020 | H41: 0 | J41: 240 | K41: 1105 | L41: 0 | N41: =SMALL(D41:L41,COUNTIF(D41:L41,0)+1) -> 213
A42: 오목 커 버 | B42: 2개용S/W, 오목 | C42: 개 | F42: 240 | G42: 1020 | H42: 0 | J42: 400 | K42: 1105 | L42: 0 | N42: =SMALL(D42:L42,COUNTIF(D42:L42,0)+1) -> 240
A43: 노출박스 | B43: 후강전선관, 16mm, 1방출 | C43: 개 | D43: 2527 | F43: 2657 | G43: 1030 | H43: 2657 | I43: 873 | J43: 0 | L43: 0 | N43: =SMALL(D43:L43,COUNTIF(D43:L43,0)+1) -> 2527
A44: 노출박스 | B44: 후강전선관, 16mm, 2방출 | C44: 개 | D44: 2696 | F44: 2818 | G44: 1030 | H44: 2818 | I44: 873 | J44: 0 | L44: 0 | N44: =SMALL(D44:L44,COUNTIF(D44:L44,0)+1) -> 2696
A45: 노출박스 | B45: 후강전선관, 22mm, 1방출 | C45: 개 | D45: 2808 | F45: 2898 | G45: 1030 | H45: 2898 | I45: 873 | J45: 0 | L45: 0 | N45: =SMALL(D45:L45,COUNTIF(D45:L45,0)+1) -> 2808
A46: 노출박스 | B46: 후강전선관, 22mm, 2방출 | C46: 개 | D46: 3119 | F46: 3623 | G46: 1030 | H46: 3220 | I46: 873 | J46: 0 | L46: 0 | N46: =SMALL(D46:L46,COUNTIF(D46:L46,0)+1) -> 3119
A47: 노출박스 | B47: 후강전선관, 28mm, 1방출 | C47: 개 | D47: 4581 | F47: 4669 | G47: 1030 | H47: 4669 | I47: 873 | J47: 0 | L47: 0 | N47: =SMALL(D47:L47,COUNTIF(D47:L47,0)+1) -> 4581
A48: 노출박스 | B48: 후강전선관, 28mm, 2방출 | C48: 개 | D48: 5224 | F48: 5313 | G48: 1030 | H48: 5313 | I48: 873 | J48: 0 | L48: 0 | N48: =SMALL(D48:L48,COUNTIF(D48:L48,0)+1) -> 5224
A49: 노출박스(PVC) | B49: 스위치박스(1개용) | C49: 개 | D49: 0 | F49: 0 | H49: 0 | J49: 700 | K49: 1104 | L49: 0 | N49: =SMALL(D49:L49,COUNTIF(D49:L49,0)+1) -> 700
A50: 노출박스(PVC) | B50: 스위치박스(2개용) | C50: 개 | D50: 0 | F50: 0 | H50: 0 | J50: 1200 | K50: 1104 | L50: 0 | N50: =SMALL(D50:L50,COUNTIF(D50:L50,0)+1) -> 1200
A51: 노출박스(PVC) | B51: 콘센트박스(1개용) | C51: 개 | D51: 0 | F51: 0 | H51: 0 | J51: 900 | K51: 1104 | L51: 0 | N51: =SMALL(D51:L51,COUNTIF(D51:L51,0)+1) -> 900
A52: 노출박스(PVC) | B52: 콘센트박스(2개용) | C52: 개 | D52: 0 | F52: 0 | H52: 0 | J52: 1300 | K52: 1104 | L52: 0 | N52: =SMALL(D52:L52,COUNTIF(D52:L52,0)+1) -> 1300
A53: 하이박스(HI-BOX) | B53: 150*150*90㎜ | C53: 개 | D53: 0 | F53: 7200 | G53: 1028 | H53: 8180 | I53: 871 | J53: 4900 | K53: 1105 | L53: 0 | N53: =SMALL(D53:L53,COUNTIF(D53:L53,0)+1) -> 4900
A54: 하이박스(HI-BOX) | B54: 150*200*122㎜ | C54: 개 | D54: 0 | F54: 7500 | G54: 1028 | H54: 9090 | I54: 871 | J54: 7200 | K54: 1105 | L54: 0 | N54: =SMALL(D54:L54,COUNTIF(D54:L54,0)+1) -> 7200
A55: 하이박스(HI-BOX) | B55: 200*300*140㎜ | C55: 개 | D55: 0 | F55: 8500 | G55: 1028 | H55: 14540 | I55: 871 | J55: 8500 | K55: 1105 | L55: 0 | N55: =SMALL(D55:L55,COUNTIF(D55:L55,0)+1) -> 8500
A56: 하이박스(HI-BOX) | B56: 300*300*165㎜ | C56: 개 | D56: 0 | F56: 12500 | G56: 1028 | H56: 0 | J56: 12200 | K56: 1105 | L56: 0 | N56: =SMALL(D56:L56,COUNTIF(D56:L56,0)+1) -> 12200
A57: 하이박스(HI-BOX) | B57: 300*400*170㎜ | C57: 개 | D57: 0 | F57: 17500 | G57: 1028 | H57: 300000 | I57: 871 | J57: 17500 | K57: 1105 | L57: 0 | N57: =SMALL(D57:L57,COUNTIF(D57:L57,0)+1) -> 17500
A58: 하이박스(HI-BOX) | B58: 400*500*170㎜ | C58: 개 | D58: 0 | F58: 35100 | G58: 1028 | H58: 40000 | I58: 871 | J58: 35000 | K58: 1105 | L58: 0 | N58: =SMALL(D58:L58,COUNTIF(D58:L58,0)+1) -> 35000
A59: 시스템박스(매입용) | B59: 전열2구 | C59: 개 | D59: 54967 | F59: 23850 | G59: 1035 | H59: 0 | J59: 0 | L59: 0 | N59: =SMALL(D59:L59,COUNTIF(D59:L59,0)+1) -> 23850
A60: 시스템박스(악세스플로어용) | B60: 전열2구 | C60: 개 | D60: 0 | F60: 22850 | G60: 1035 | H60: 0 | J60: 0 | L60: 0 | N60: =SMALL(D60:L60,COUNTIF(D60:L60,0)+1) -> 22850
A61: 풀 박 스 (철재) | B61: 100*100*50mm | C61: 개 | D61: 2286 | F61: 4200 | G61: 1028 | H61: 2690 | I61: 873 | J61: 0 | L61: 2690 | M61: 1206 | N61: =SMALL(D61:L61,COUNTIF(D61:L61,0)+1) -> 2286
A62: 풀 박 스 (철재) | B62: 100*100*75mm | C62: 개 | D62: 2737 | F62: 5100 | G62: 1028 | H62: 3220 | I62: 873 | J62: 0 | L62: 3220 | M62: 1206 | N62: =SMALL(D62:L62,COUNTIF(D62:L62,0)+1) -> 2737
A63: 풀 박 스 (철재) | B63: 100*100*100mm | C63: 개 | D63: 2864 | F63: 5800 | G63: 1028 | H63: 3520 | I63: 873 | J63: 3370 | K63: 1105 | L63: 3520 | M63: 1206 | N63: =SMALL(D63:L63,COUNTIF(D63:L63,0)+1) -> 2864
A64: 풀 박 스 (철재) | B64: 150*150*100mm | C64: 개 | D64: 3856 | F64: 7510 | G64: 1028 | H64: 3360 | I64: 873 | J64: 3870 | K64: 1105 | L64: 3360 | M64: 1206 | N64: =SMALL(D64:L64,COUNTIF(D64:L64,0)+1) -> 3360
A65: 풀 박 스 (철재) | B65: 200*200*100mm | C65: 개 | D65: 4020 | F65: 10250 | G65: 1028 | H65: 4730 | I65: 873 | J65: 5540 | K65: 1105 | L65: 4730 | M65: 1206 | N65: =SMALL(D65:L65,COUNTIF(D65:L65,0)+1) -> 4020
A66: 풀 박 스 (철재) | B66: 200*200*150mm | C66: 개 | D66: 4760 | F66: 12500 | G66: 1028 | H66: 5600 | I66: 873 | J66: 6600 | K66: 1105 | L66: 5600 | M66: 1206 | N66: =SMALL(D66:L66,COUNTIF(D66:L66,0)+1) -> 4760
A67: 풀 박 스 (철재) | B67: 200*200*200mm | C67: 개 | D67: 6035 | F67: 14600 | G67: 1028 | H67: 7100 | I67: 873 | J67: 7920 | K67: 1105 | L67: 7100 | M67: 1206 | N67: =SMALL(D67:L67,COUNTIF(D67:L67,0)+1) -> 6035
A68: 풀 박 스 (철재) | B68: 250*250*100mm | C68: 개 | D68: 6740 | F68: 14300 | G68: 1028 | H68: 7930 | I68: 873 | J68: 8140 | K68: 1105 | L68: 7930 | M68: 1206 | N68: =SMALL(D68:L68,COUNTIF(D68:L68,0)+1) -> 6740
A69: 풀 박 스 (철재) | B69: 250*250*150mm | C69: 개 | D69: 7675 | F69: 16800 | G69: 1028 | H69: 9030 | I69: 873 | J69: 9500 | K69: 1105 | L69: 9030 | M69: 1206 | N69: =SMALL(D69:L69,COUNTIF(D69:L69,0)+1) -> 7675
A70: 풀 박 스 (철재) | B70: 300*300*100mm | C70: 개 | D70: 7741 | F70: 17200 | G70: 1028 | H70: 9970 | I70: 873 | J70: 9460 | K70: 1105 | L70: 9970 | M70: 1206 | N70: =SMALL(D70:L70,COUNTIF(D70:L70,0)+1) -> 7741
A71: 풀 박 스 (철재) | B71: 300*300*150mm | C71: 개 | D71: 9996 | F71: 20100 | G71: 1028 | H71: 11760 | I71: 873 | J71: 11880 | K71: 1105 | L71: 11760 | M71: 1206 | N71: =SMALL(D71:L71,COUNTIF(D71:L71,0)+1) -> 9996
A72: 풀 박 스 (철재) | B72: 300*300*200mm | C72: 개 | D72: 10769 | F72: 23400 | G72: 1028 | H72: 13460 | I72: 873 | J72: 12670 | K72: 1105 | L72: 13460 | M72: 1206 | N72: =SMALL(D72:L72,COUNTIF(D72:L72,0)+1) -> 10769
A73: 풀 박 스 (철재) | B73: 300*300*300mm | C73: 개 | D73: 14365 | F73: 31600 | G73: 1028 | H73: 16900 | I73: 873 | J73: 0 | L73: 16900 | M73: 1206 | N73: =SMALL(D73:L73,COUNTIF(D73:L73,0)+1) -> 14365
A74: 풀 박 스 (철재) | B74: 400*400*150mm | C74: 개 | D74: 14637 | F74: 32200 | G74: 1028 | H74: 17220 | I74: 873 | J74: 0 | L74: 17220 | M74: 1206 | N74: =SMALL(D74:L74,COUNTIF(D74:L74,0)+1) -> 14637
A75: 풀 박 스 (철재) | B75: 400*400*200mm | C75: 개 | D75: 17042 | F75: 37300 | G75: 1028 | H75: 20050 | I75: 873 | J75: 26840 | K75: 1105 | L75: 20050 | M75: 1206 | N75: =SMALL(D75:L75,COUNTIF(D75:L75,0)+1) -> 17042
A76: 풀 박 스 (철재) | B76: 400*400*300mm | C76: 개 | D76: 21020 | F76: 46800 | G76: 1028 | H76: 24730 | I76: 873 | J76: 31900 | K76: 1105 | L76: 24730 | M76: 1206 | N76: =SMALL(D76:L76,COUNTIF(D76:L76,0)+1) -> 21020
A77: 풀 박 스 (철재) | B77: 500*500*200mm | C77: 개 | D77: 29036 | H77: 34160 | I77: 873 | J77: 0 | L77: 34160 | M77: 1206 | N77: =SMALL(D77:L77,COUNTIF(D77:L77,0)+1) -> 29036
A78: 풀 박 스 (철재) | B78: 500*500*300mm | C78: 개 | D78: 34093 | H78: 40110 | I78: 873 | J78: 0 | L78: 40110 | M78: 1206 | N78: =SMALL(D78:L78,COUNTIF(D78:L78,0)+1) -> 34093
A79: 풀 박 스 (철재) | B79: 600*600*300mm | C79: 개 | D79: 47523 | H79: 55910 | I79: 873 | J79: 0 | L79: 55910 | M79: 1206 | N79: =SMALL(D79:L79,COUNTIF(D79:L79,0)+1) -> 47523
A80: 풀 박 스 (스텐)) | B80: 100*100*50mm | C80: 개 | D80: 0 | F80: 5800 | G80: 1028 | H80: 0 | J80: 0 | L80: 0 | N80: =SMALL(D80:L80,COUNTIF(D80:L80,0)+1) -> 5800
A81: 풀 박 스 (스텐)) | B81: 100*100*75mm | C81: 개 | D81: 0 | F81: 6800 | G81: 1028 | H81: 0 | J81: 0 | L81: 0 | N81: =SMALL(D81:L81,COUNTIF(D81:L81,0)+1) -> 6800
A82: 풀 박 스 (스텐)) | B82: 100*100*100mm | C82: 개 | D82: 0 | F82: 7600 | G82: 1028 | H82: 0 | J82: 0 | L82: 0 | N82: =SMALL(D82:L82,COUNTIF(D82:L82,0)+1) -> 7600
A83: 풀 박 스 (스텐)) | B83: 150*150*100mm | C83: 개 | D83: 0 | F83: 11900 | G83: 1028 | H83: 0 | J83: 0 | L83: 0 | N83: =SMALL(D83:L83,COUNTIF(D83:L83,0)+1) -> 11900
A84: 풀 박 스 (스텐)) | B84: 200*200*100mm | C84: 개 | D84: 0 | F84: 16500 | G84: 1028 | H84: 0 | J84: 0 | L84: 0 | N84: =SMALL(D84:L84,COUNTIF(D84:L84,0)+1) -> 16500
A85: 풀 박 스 (스텐)) | B85: 200*200*150mm | C85: 개 | D85: 0 | F85: 19800 | G85: 1028 | H85: 0 | J85: 0 | L85: 0 | N85: =SMALL(D85:L85,COUNTIF(D85:L85,0)+1) -> 19800
A86: 풀 박 스 (스텐)) | B86: 200*200*200mm | C86: 개 | D86: 0 | F86: 22700 | G86: 1028 | H86: 0 | J86: 0 | L86: 0 | N86: =SMALL(D86:L86,COUNTIF(D86:L86,0)+1) -> 22700
A87: 풀 박 스 (스텐)) | B87: 250*250*100mm | C87: 개 | D87: 0 | F87: 22700 | G87: 1028 | H87: 0 | J87: 0 | L87: 0 | N87: =SMALL(D87:L87,COUNTIF(D87:L87,0)+1) -> 22700
A88: 풀 박 스 (스텐)) | B88: 250*250*150mm | C88: 개 | D88: 0 | F88: 26500 | G88: 1028 | H88: 0 | J88: 0 | L88: 0 | N88: =SMALL(D88:L88,COUNTIF(D88:L88,0)+1) -> 26500
A89: 풀 박 스 (스텐)) | B89: 300*300*100mm | C89: 개 | D89: 0 | F89: 35500 | G89: 1028 | H89: 0 | J89: 0 | L89: 0 | N89: =SMALL(D89:L89,COUNTIF(D89:L89,0)+1) -> 35500
A90: 풀 박 스 (스텐)) | B90: 300*300*150mm | C90: 개 | D90: 0 | F90: 40700 | G90: 1028 | H90: 0 | J90: 0 | L90: 0 | N90: =SMALL(D90:L90,COUNTIF(D90:L90,0)+1) -> 40700
A91: 풀 박 스 (스텐)) | B91: 300*300*200mm | C91: 개 | D91: 0 | F91: 46400 | G91: 1028 | H91: 0 | J91: 0 | L91: 0 | N91: =SMALL(D91:L91,COUNTIF(D91:L91,0)+1) -> 46400
... A96: 풀 박 스 (스텐)) | B96: 500*500*200mm | C96: 개 | D96: 0 | F96: 117250 | G96: 1028 | H96: 0 | J96: 0 | L96: 0 | N96: =SMALL(D96:L96,COUNTIF(D96:L96,0)+1) -> 117250
A97: 폐기물 처리비(수집운송비포함) | B97: 폐형광등(직관형외) | C97: 개 | D97: 0 | F97: 0 | H97: 0 | J97: 0 | L97: 300 | M97: 견적 | N97: =SMALL(D97:L97,COUNTIF(D97:L97,0)+1) -> 300
A98: 폐기물 처리비(수집운송비포함) | B98: 폐LED등 | C98: 개 | D98: 0 | F98: 0 | H98: 0 | J98: 0 | L98: 350 | M98: 견적 | N98: =SMALL(D98:L98,COUNTIF(D98:L98,0)+1) -> 350
A99: 폐기물 처리비(수집운송비포함) | B99: 메탈,나트륨 | C99: 개 | D99: 0 | F99: 0 | H99: 0 | J99: 0 | L99: 7000 | M99: 견적 | N99: =SMALL(D99:L99,COUNTIF(D99:L99,0)+1) -> 7000

Sheet 2.전기자재
A1: 단 가 대 비 표
A2: 2026년 상반기 충남교육청 건설공사 일위대가(전기, 통신, 전기소방)
A3: 품 명 | B3: 규 격 | C3: 단위 | D3: 재 료 비 | O3: 번 호 | P3: 비 고
D4: 조달청가격 | E4: PAGE | F4: 거래가격 | G4: PAGE | H4: 유통물가 | I4: PAGE | J4: 물가자료 | K4: PAGE | L4: 물가정보 | M4: PAGE | N4: 적용단가
A5: 케이블단말처리재-25kV 3C옥내외 | B5: 자기수축형, 60~70SQ | C5: kit | D5: 212788 | F5: 264000 | G5: 1021 | H5: 264000 | I5: 855 | J5: 264000 | K5: 1096 | L5: 0 | N5: =SMALL(D5:L5,COUNTIF(D5:L5,0)+1) -> 212788
A6: 케이블 헤드지지금구 | B6: 상,하부용 | C6: 식 | D6: 0 | F6: 79715 | G6: 1134 | H6: 0 | J6: 0 | L6: 0 | N6: =SMALL(D6:L6,COUNTIF(D6:L6,0)+1) -> 79715
A7: 케이블 헤드 카바 | C7: 개 | D7: 0 | F7: 55186 | G7: 1134 | H7: 0 | J7: 0 | L7: 0 | N7: =SMALL(D7:L7,COUNTIF(D7:L7,0)+1) -> 55186
A8: 케이블 지지용강밴드 | B8: 40*1200mm | C8: 개 | D8: 0 | F8: 3500 | G8: 1134 | H8: 0 | J8: 0 | L8: 3500 | M8: 1298 | N8: =SMALL(D8:L8,COUNTIF(D8:L8,0)+1) -> 3500
A9: 위험표지판(특별고압) | B9: SUS,규격품 | C9: 개 | D9: 0 | F9: 0 | H9: 0 | J9: 0 | L9: 35000 | M9: 조사가 | N9: =SMALL(D9:L9,COUNTIF(D9:L9,0)+1) -> 35000
A10: 준공표지판 | B10: SUS,규격품 | C10: 개 | D10: 0 | F10: 0 | H10: 0 | J10: 0 | L10: 150000 | M10: 조사가 | N10: =SMALL(D10:L10,COUNTIF(D10:L10,0)+1) -> 150000
A11: 전주용입상관 | B11: 130Φx2m | C11: 개 | D11: 0 | F11: 39856 | G11: 1134 | H11: 0 | J11: 0 | L11: 0 | N11: =SMALL(D11:L11,COUNTIF(D11:L11,0)+1) -> 39856
A12: 조립식 반할강판 | B12: 130Φ | C12: 개 | D12: 0 | F12: 88911 | G12: 1134 | H12: 0 | J12: 0 | L12: 0 | N12: =SMALL(D12:L12,COUNTIF(D12:L12,0)+1) -> 88911
A13: 저압가선용랙크 | B13: 1선 | C13: 개 | D13: 0 | F13: 0 | H13: 0 | J13: 0 | L13: 1650 | M13: 1298 | N13: =SMALL(D13:L13,COUNTIF(D13:L13,0)+1) -> 1650
A14: 저압가선용랙크 | B14: 2선 | C14: 개 | D14: 0 | F14: 0 | H14: 0 | J14: 0 | L14: 6000 | M14: 1298 | N14: =SMALL(D14:L14,COUNTIF(D14:L14,0)+1) -> 6000
A15: 저압가선용랙크 | B15: 3선 | C15: 개 | D15: 0 | F15: 0 | H15: 0 | J15: 0 | L15: 8700 | M15: 1298 | N15: =SMALL(D15:L15,COUNTIF(D15:L15,0)+1) -> 8700
A16: 저압가선용랙크 | B16: 4선 | C16: 개 | D16: 0 | F16: 0 | H16: 0 | J16: 0 | L16: 11700 | M16: 1298 | N16: =SMALL(D16:L16,COUNTIF(D16:L16,0)+1) -> 11700
A17: 고장구간자동개폐기 | B17: ASS, 25.8KV | C17: 개 | D17: 0 | F17: 3026000 | G17: 1096 | H17: 0 | J17: 2507000 | K17: 1168 | L17: 2631000 | M17: 1241 | N17: =SMALL(D17:L17,COUNTIF(D17:L17,0)+1) -> 2507000
A18: 기중차단기 | B18: ACB, 1000AF | C18: 개 | D18: 0 | F18: 3773000 | G18: 1063 | H18: 0 | J18: 2222000 | K18: 1149 | L18: 3773000 | M18: 1240 | N18: =SMALL(D18:L18,COUNTIF(D18:L18,0)+1) -> 2222000
A19: 기중차단기 | B19: ACB, 1601AF | C19: 개 | D19: 0 | F19: 4740000 | G19: 1063 | H19: 0 | J19: 2495000 | K19: 1149 | L19: 4740000 | M19: 1240 | N19: =SMALL(D19:L19,COUNTIF(D19:L19,0)+1) -> 2495000
A20: 기중차단기 | B20: ACB, 2000AF | C20: 개 | D20: 0 | F20: 5022000 | G20: 1063 | H20: 0 | J20: 3310000 | K20: 1149 | L20: 5022000 | M20: 1240 | N20: =SMALL(D20:L20,COUNTIF(D20:L20,0)+1) -> 3310000
A21: 등기구보강대 | B21: 형광등기구용, 찬넬보강형 | C21: 조 | D21: 9246 | F21: 11800 | G21: 1104 | H21: 19000 | I21: 933 | J21: 0 | L21: 19000 | M21: 1289 | N21: =SMALL(D21:L21,COUNTIF(D21:L21,0)+1) -> 9246
A22: 등기구보강대 | B22: 형광등기구용, 행거스프링형 | C22: 조 | D22: 10329 | F22: 11200 | G22: 1104 | H22: 15600 | I22: 933 | J22: 0 | L22: 15600 | M22: 1289 | N22: =SMALL(D22:L22,COUNTIF(D22:L22,0)+1) -> 10329
A23: 등기구보강대 | B23: 형광등기구용, 장력형, 0.3m | C23: 조 | D23: 4560 | F23: 5900 | G23: 1104 | H23: 9000 | I23: 933 | J23: 0 | L23: 9000 | M23: 1289 | N23: =SMALL(D23:L23,COUNTIF(D23:L23,0)+1) -> 4560
A24: 등기구보강대 | B24: 형광등기구용, 장력형, 1.0m | C24: 조 | D24: 8199 | F24: 8400 | G24: 1104 | H24: 9600 | I24: 933 | J24: 0 | L24: 9600 | M24: 1289 | N24: =SMALL(D24:L24,COUNTIF(D24:L24,0)+1) -> 8199
A25: 등기구보강대 | B25: 형광등기구용, 장력형, 1.5m | C25: 조 | D25: 8544 | F25: 10000 | G25: 1104 | H25: 0 | J25: 0 | L25: 0 | N25: =SMALL(D25:L25,COUNTIF(D25:L25,0)+1) -> 8544
A26: 등기구보강대 | B26: 다운라이트용, 장력형, 1.0m | C26: 조 | D26: 5123 | F26: 5500 | G26: 1104 | H26: 6600 | I26: 933 | J26: 0 | L26: 6600 | M26: 1289 | N26: =SMALL(D26:L26,COUNTIF(D26:L26,0)+1) -> 5123
A27: 등기구보강대 | B27: 다운라이트용, 행거스프링형 | C27: 조 | D27: 6795 | F27: 6800 | G27: 1104 | H27: 9000 | I27: 933 | J27: 0 | L27: 9000 | M27: 1289 | N27: =SMALL(D27:L27,COUNTIF(D27:L27,0)+1) -> 6795
A28: 등기구보강대 | B28: 다운라이트용, 평형스프링형 | C28: 조 | D28: 7402 | F28: 9500 | G28: 1104 | H28: 14800 | I28: 933 | J28: 0 | L28: 14800 | M28: 1289 | N28: =SMALL(D28:L28,COUNTIF(D28:L28,0)+1) -> 7402
A29: 천정형 선풍기 보강대 | B29: 철판형 | C29: 조 | D29: 0 | F29: 5600 | G29: 1104 | H29: 10200 | I29: 933 | J29: 0 | L29: 0 | N29: =SMALL(D29:L29,COUNTIF(D29:L29,0)+1) -> 5600
A30: 천정형 선풍기 보강대 | B30: 표준형 | C30: 조 | D30: 0 | F30: 13600 | G30: 1104 | H30: 15600 | I30: 933 | J30: 0 | L30: 0 | N30: =SMALL(D30:L30,COUNTIF(D30:L30,0)+1) -> 13600
A31: 천정형 선풍기 보강대 | B31: 행가표준형 | C31: 조 | D31: 0 | F31: 15600 | G31: 1104 | H31: 18000 | I31: 933 | J31: 0 | L31: 0 | N31: =SMALL(D31:L31,COUNTIF(D31:L31,0)+1) -> 15600
A32: 덤블러스위치(와이드) | B32: 1로스위치, 15A250V1구 | C32: 개 | D32: 1323 | F32: 3920 | G32: 1098 | H32: 3967 | I32: 930 | J32: 0 | L32: 0 | N32: =SMALL(D32:L32,COUNTIF(D32:L32,0)+1) -> 1323
A33: 덤블러스위치(와이드) | B33: 1로스위치, 15A250V 2구 | C33: 개 | D33: 1851 | F33: 5500 | G33: 1098 | H33: 5934 | I33: 930 | J33: 0 | L33: 0 | N33: =SMALL(D33:L33,COUNTIF(D33:L33,0)+1) -> 1851
A34: 덤블러스위치(와이드) | B34: 1로스위치, 15A250V 3구 | C34: 개 | D34: 2393 | F34: 7070 | G34: 1098 | H34: 7900 | I34: 930 | J34: 0 | L34: 0 | N34: =SMALL(D34:L34,COUNTIF(D34:L34,0)+1) -> 2393
A35: 덤블러스위치(와이드) | B35: 1로스위치, 15A250V 4구 | C35: 개 | D35: 3350 | F35: 0 | H35: 11867 | I35: 930 | J35: 0 | L35: 0 | N35: =SMALL(D35:L35,COUNTIF(D35:L35,0)+1) -> 3350
A36: 덤블러스위치(와이드) | B36: 1로스위치, 15A250V 5구 | C36: 개 | D36: 4686 | F36: 0 | H36: 13834 | I36: 930 | J36: 0 | L36: 0 | N36: =SMALL(D36:L36,COUNTIF(D36:L36,0)+1) -> 4686
A37: 덤블러스위치(와이드) | B37: 1로스위치, 15A250V 6구 | C37: 개 | D37: 6233 | F37: 0 | H37: 15800 | I37: 930 | J37: 0 | L37: 0 | N37: =SMALL(D37:L37,COUNTIF(D37:L37,0)+1) -> 6233
A38: 덤블러스위치(와이드) | B38: 3로스위치, 15A250V1구 | C38: 개 | D38: 1725 | F38: 4210 | G38: 1098 | H38: 4434 | I38: 930 | J38: 0 | L38: 0 | N38: =SMALL(D38:L38,COUNTIF(D38:L38,0)+1) -> 1725
A39: 덤블러스위치(와이드) | B39: 3로스위치, 15A250V2구 | C39: 개 | D39: 2589 | F39: 6070 | G39: 1098 | H39: 6667 | I39: 930 | J39: 0 | L39: 0 | N39: =SMALL(D39:L39,COUNTIF(D39:L39,0)+1) -> 2589
A40: 덤블러스위치(와이드) | B40: 3로스위치, 15A250V3구 | C40: 개 | D40: 3544 | F40: 7920 | G40: 1098 | H40: 8450 | I40: 930 | J40: 0 | L40: 0 | N40: =SMALL(D40:L40,COUNTIF(D40:L40,0)+1) -> 3544
A41: 일괄소등스위치 | B41: 터치식 | C41: 개 | D41: 0 | F41: 0 | H41: 0 | J41: 61600 | K41: 1204 | L41: 0 | N41: =SMALL(D41:L41,COUNTIF(D41:L41,0)+1) -> 61600
A42: 칼라플레이트(박스마감) | B42: SW박스용(지정색칼라) | C42: 개 | D42: 0 | F42: 0 | H42: 0 | J42: 1020 | K42: 1204 | L42: 0 | N42: =SMALL(D42:L42,COUNTIF(D42:L42,0)+1) -> 1020
A43: 칼라플레이트(박스마감) | B43: 4각박스용(지정색칼라) | C43: 개 | D43: 0 | F43: 0 | H43: 0 | J43: 1680 | K43: 1204 | L43: 0 | N43: =SMALL(D43:L43,COUNTIF(D43:L43,0)+1) -> 1680
A44: 콘센트 | B44: 1구, 15A, 250V, 매입형, 접지 | C44: 개 | D44: 935 | F44: 2417 | G44: 1099 | H44: 2467 | I44: 930 | J44: 2200 | K44: 1205 | L44: 0 | N44: =SMALL(D44:L44,COUNTIF(D44:L44,0)+1) -> 935
A45: 콘센트 | B45: 2구, 15A, 250V, 매입형, 접지 | C45: 개 | D45: 1384 | F45: 2834 | G45: 1099 | H45: 2884 | I45: 930 | J45: 2420 | K45: 1205 | L45: 0 | N45: =SMALL(D45:L45,COUNTIF(D45:L45,0)+1) -> 1384
A46: 콘센트 | B46: 1구, 15A, 250V, 둥근형-노출형, 접지 | C46: 개 | D46: 1294 | F46: 1734 | G46: 1099 | H46: 0 | J46: 2380 | K46: 1205 | L46: 0 | N46: =SMALL(D46:L46,COUNTIF(D46:L46,0)+1) -> 1294
A47: 콘센트 | B47: 2구, 15A, 250V, 둥근형-노출형, 접지 | C47: 개 | D47: 1456 | F47: 2567 | G47: 1099 | H47: 0 | J47: 4040 | K47: 1205 | L47: 0 | N47: =SMALL(D47:L47,COUNTIF(D47:L47,0)+1) -> 1456
A48: 콘센트 | B48: 1구, 15A, 250V, 방우형 | C48: 개 | D48: 2035 | F48: 3567 | G48: 1099 | H48: 3567 | I48: 930 | J48: 3600 | K48: 1205 | L48: 0 | N48: =SMALL(D48:L48,COUNTIF(D48:L48,0)+1) -> 2035
A49: 콘센트 | B49: 2구, 15A, 250V, 방우형 | C49: 개 | D49: 2121 | F49: 4251 | G49: 1099 | H49: 4251 | I49: 930 | J49: 4400 | K49: 1205 | L49: 0 | N49: =SMALL(D49:L49,COUNTIF(D49:L49,0)+1) -> 2121
A50: 콘센트 | B50: 3P, 30A, 250V, 노출형 | C50: 개 | D50: 3361 | F50: 0 | H50: 0 | J50: 0 | L50: 0 | N50: =SMALL(D50:L50,COUNTIF(D50:L50,0)+1) -> 3361
A51: 콘센트 | B51: 3P, 50A, 250V, 노출형 | C51: 개 | D51: 3776 | F51: 0 | H51: 0 | J51: 0 | L51: 0 | N51: =SMALL(D51:L51,COUNTIF(D51:L51,0)+1) -> 3776
A52: 콘센트 | B52: 4P, 30A, 480V, 노출/걸림형 | C52: 개 | D52: 5872 | F52: 0 | H52: 0 | J52: 0 | L52: 0 | N52: =SMALL(D52:L52,COUNTIF(D52:L52,0)+1) -> 5872
A53: 안전형 매입접지 콘센트 | B53: 2구 16A 250V | C53: 개 | D53: 0 | F53: 3767 | G53: 1099 | H53: 3734 | I53: 930 | J53: 0 | L53: 0 | N53: =SMALL(D53:L53,COUNTIF(D53:L53,0)+1) -> 3734
A54: 안전형 매입접지 콘센트 | B54: 4구 16A 250V | C54: 개 | D54: 0 | F54: 7367 | G54: 1099 | H54: 7300 | I54: 930 | J54: 0 | L54: 0 | N54: =SMALL(D54:L54,COUNTIF(D54:L54,0)+1) -> 7300
A55: 콘센트 누전차단기 | B55: 1구 16A 250V | C55: 개 | D55: 0 | F55: 0 | H55: 18800 | I55: 930 | J55: 0 | L55: 0 | N55: =SMALL(D55:L55,COUNTIF(D55:L55,0)+1) -> 18800
A56: 콘센트 누전차단기 | B56: 2구 16A 250V | C56: 개 | D56: 0 | F56: 0 | H56: 21584 | I56: 930 | J56: 0 | L56: 0 | N56: =SMALL(D56:L56,COUNTIF(D56:L56,0)+1) -> 21584
A57: 대기전력자동차단 콘센트 | B57: 1구 16A 250V | C57: 개 | D57: 31100 | F57: 54550 | G57: 1099 | H57: 54550 | I57: 930 | J57: 0 | L57: 0 | N57: =SMALL(D57:L57,COUNTIF(D57:L57,0)+1) -> 31100
A58: 대기전력자동차단 콘센트 | B58: 3구 16A 250V | C58: 개 | D58: 46800 | F58: 59550 | G58: 1099 | H58: 59550 | I58: 930 | J58: 0 | L58: 0 | N58: =SMALL(D58:L58,COUNTIF(D58:L58,0)+1) -> 46800
A59: 화장실자동전멸센서 | B59: 일반형(ON/OFF) | C59: 개 | D59: 0 | F59: 64000 | G59: 1103 | H59: 0 | J59: 0 | L59: 0 | N59: =SMALL(D59:L59,COUNTIF(D59:L59,0)+1) -> 64000
A60: 화장실자동전멸센서 | B60: RF형(적외선) | C60: 개 | D60: 0 | F60: 87000 | G60: 1103 | H60: 0 | J60: 0 | L60: 0 | N60: =SMALL(D60:L60,COUNTIF(D60:L60,0)+1) -> 87000
A61: 화장실자동음향장치(천정매입형) | B61: 재실감지센서(적외선),앰프20W,스테레오스피커14W | C61: 개 | D61: 0 | F61: 400000 | G61: 1155 | H61: 0 | J61: 0 | L61: 0 | N61: =SMALL(D61:L61,COUNTIF(D61:L61,0)+1) -> 400000
A62: 장애인용 음성안내 형수신기 | B62: 디지털40회로 벽부형 | C62: 개 | D62: 0 | F62: 0 | H62: 0 | J62: 0 | L62: 130000 | M62: 견적 | N62: =SMALL(D62:L62,COUNTIF(D62:L62,0)+1) -> 130000
A63: 장애인용 중계기 | B63: 수신거리용 | C63: 개 | D63: 0 | F63: 0 | H63: 0 | J63: 0 | L63: 170000 | M63: 견적 | N63: =SMALL(D63:L63,COUNTIF(D63:L63,0)+1) -> 170000
A64: 장애인용 비상벨 | B64: 점자스티커,안내보드판,아크릴케이스포함 | C64: 개 | D64: 0 | F64: 0 | H64: 0 | J64: 0 | L64: 135000 | M64: 견적 | N64: =SMALL(D64:L64,COUNTIF(D64:L64,0)+1) -> 135000
A65: 장애인용 경광등 | B65: 경광등+음성 | C65: 개 | D65: 0 | F65: 0 | H65: 0 | J65: 0 | L65: 170000 | M65: 견적 | N65: =SMALL(D65:L65,COUNTIF(D65:L65,0)+1) -> 170000
A66: 보안등 기초 | B66: 400x500x565x400 | C66: 개 | D66: 0 | F66: 0 | H66: 0 | J66: 100000 | K66: 1230 | L66: 0 | N66: =SMALL(D66:L66,COUNTIF(D66:L66,0)+1) -> 100000
A67: 보안등 기초 | B67: 400x525x605x500 | C67: 개 | D67: 0 | F67: 0 | H67: 0 | J67: 110000 | K67: 1230 | L67: 0 | N67: =SMALL(D67:L67,COUNTIF(D67:L67,0)+1) -> 110000
A68: 보안등 기초 | B68: 400x525x650x600 | C68: 개 | D68: 0 | F68: 0 | H68: 0 | J68: 120000 | K68: 1230 | L68: 0 | N68: =SMALL(D68:L68,COUNTIF(D68:L68,0)+1) -> 120000
A69: 가로등 방수접속함 | B69: 누전차단기내장 | C69: 개 | D69: 0 | F69: 0 | H69: 45000 | I69: 959 | J69: 45000 | K69: 1236 | L69: 45000 | M69: 1320 | N69: =SMALL(D69:L69,COUNTIF(D69:L69,0)+1) -> 45000

Sheet 3.통신자재
A1: 단 가 대 비 표
A2: 2026년 상반기 충남교육청 건설공사 일위대가(전기, 통신, 전기소방)
A3: 품 명 | B3: 규 격 | C3: 단위 | D3: 재 료 비 | O3: 번 호 | P3: 비 고
D4: 조달청가격 | E4: PAGE | F4: 거래가격 | G4: PAGE | H4: 유통물가 | I4: PAGE | J4: 물가자료 | K4: PAGE | L4: 물가정보 | M4: PAGE | N4: 적용단가
A5: 국선매입단자함(전면:스텐)보호기+110블럭포함 | B5: 국선10/사선25 | C5: Set | D5: 0 | F5: 0 | H5: 0 | J5: 74000 | K5: 1283 | L5: 0 | N5: =SMALL(D5:L5,COUNTIF(D5:L5,0)+1) -> 74000
A6: 국선매입단자함(전면:스텐)보호기+110블럭포함 | B6: 국선10/사선50 | C6: Set | D6: 0 | F6: 0 | H6: 0 | J6: 77000 | K6: 1283 | L6: 0 | N6: =SMALL(D6:L6,COUNTIF(D6:L6,0)+1) -> 77000
A7: 국선매입단자함(전면:스텐)보호기+110블럭포함 | B7: 국선20/사선50 | C7: Set | D7: 0 | F7: 0 | H7: 0 | J7: 101000 | K7: 1283 | L7: 0 | N7: =SMALL(D7:L7,COUNTIF(D7:L7,0)+1) -> 101000
A8: 국선매입단자함(전면:스텐)보호기+110블럭포함 | B8: 국선20/사선100 | C8: Set | D8: 0 | F8: 0 | H8: 0 | J8: 123000 | K8: 1283 | L8: 0 | N8: =SMALL(D8:L8,COUNTIF(D8:L8,0)+1) -> 123000
A9: 국선매입단자함(전면:스텐)보호기+110블럭포함 | B9: 국선30/사선100 | C9: Set | D9: 0 | F9: 0 | H9: 0 | J9: 136000 | K9: 1283 | L9: 0 | N9: =SMALL(D9:L9,COUNTIF(D9:L9,0)+1) -> 136000
A10: 국선매입단자함(전면:스텐)보호기+110블럭포함 | B10: 국선30/사선150 | C10: Set | D10: 0 | F10: 0 | H10: 0 | J10: 163000 | K10: 1283 | L10: 0 | N10: =SMALL(D10:L10,COUNTIF(D10:L10,0)+1) -> 163000
A11: 국선매입단자함(전면:스텐)보호기+110블럭포함 | B11: 국선40/사선100 | C11: Set | D11: 0 | F11: 0 | H11: 0 | J11: 170000 | K11: 1283 | L11: 0 | N11: =SMALL(D11:L11,COUNTIF(D11:L11,0)+1) -> 170000
A12: 국선매입단자함(전면:스텐)보호기+110블럭포함 | B12: 국선40/사선200 | C12: Set | D12: 0 | F12: 0 | H12: 0 | J12: 180000 | K12: 1283 | L12: 0 | N12: =SMALL(D12:L12,COUNTIF(D12:L12,0)+1) -> 180000
A13: 국선매입단자함(전면:스텐)보호기+110블럭포함 | B13: 국선50/사선100 | C13: Set | D13: 0 | F13: 0 | H13: 0 | J13: 183000 | K13: 1283 | N13: =SMALL(D13:L13,COUNTIF(D13:L13,0)+1) -> 183000
A14: 국선매입단자함(전면:스텐)보호기+110블럭포함 | B14: 국선50/사선200 | C14: Set | D14: 0 | F14: 0 | H14: 0 | J14: 197000 | K14: 1283 | L14: 0 | N14: =SMALL(D14:L14,COUNTIF(D14:L14,0)+1) -> 197000
A15: 국선매입단자함(전면:스텐)보호기+110블럭포함 | B15: 국선80/사선200 | C15: Set | D15: 0 | F15: 0 | H15: 0 | J15: 234000 | K15: 1283 | L15: 0 | N15: =SMALL(D15:L15,COUNTIF(D15:L15,0)+1) -> 234000
A16: 국선매입단자함(전면:스텐)보호기+110블럭포함 | B16: 국선80/사선300 | C16: Set | D16: 0 | F16: 0 | H16: 0 | J16: 290000 | K16: 1283 | L16: 0 | N16: =SMALL(D16:L16,COUNTIF(D16:L16,0)+1) -> 290000
A17: 국선매입단자함(전면:스텐)보호기+110블럭포함 | B17: 국선100/사선300 | C17: Set | D17: 0 | F17: 0 | H17: 0 | J17: 348000 | K17: 1283 | L17: 0 | N17: =SMALL(D17:L17,COUNTIF(D17:L17,0)+1) -> 348000
A18: 국선매입단자함(전면:스텐)보호기+110블럭포함 | B18: 국선100/사선600 | C18: Set | D18: 0 | F18: 0 | H18: 0 | J18: 378000 | K18: 1283 | L18: 0 | N18: =SMALL(D18:L18,COUNTIF(D18:L18,0)+1) -> 378000
A19: 국선매입단자함(전면:스텐)보호기+110블럭포함 | B19: 국선150/사선600 | C19: Set | D19: 0 | F19: 0 | H19: 0 | J19: 499000 | K19: 1283 | L19: 0 | N19: =SMALL(D19:L19,COUNTIF(D19:L19,0)+1) -> 499000
A20: 국선매입단자함(전면:스텐)보호기+110블럭포함 | B20: 국선200/사선800 | C20: Set | D20: 0 | F20: 0 | H20: 0 | J20: 617000 | K20: 1283 | L20: 0 | N20: =SMALL(D20:L20,COUNTIF(D20:L20,0)+1) -> 617000
A21: 국선단자함(노출:스텐)보호기+110블럭포함 | B21: 국선10/사선25 | C21: Set | D21: 0 | F21: 0 | H21: 0 | J21: 82000 | K21: 1283 | L21: 0 | N21: =SMALL(D21:L21,COUNTIF(D21:L21,0)+1) -> 82000
A22: 국선단자함(노출:스텐)보호기+110블럭포함 | B22: 국선10/사선50 | C22: Set | D22: 0 | F22: 0 | H22: 0 | J22: 85000 | K22: 1283 | L22: 0 | N22: =SMALL(D22:L22,COUNTIF(D22:L22,0)+1) -> 85000
A23: 국선단자함(노출:스텐)보호기+110블럭포함 | B23: 국선20/사선50 | C23: Set | D23: 0 | F23: 0 | H23: 0 | J23: 119000 | K23: 1283 | L23: 0 | N23: =SMALL(D23:L23,COUNTIF(D23:L23,0)+1) -> 119000
A24: 국선단자함(노출:스텐)보호기+110블럭포함 | B24: 국선20/사선100 | C24: Set | D24: 0 | F24: 0 | H24: 0 | J24: 137000 | K24: 1283 | L24: 0 | N24: =SMALL(D24:L24,COUNTIF(D24:L24,0)+1) -> 137000
A25: 국선단자함(노출:스텐)보호기+110블럭포함 | B25: 국선30/사선100 | C25: Set | D25: 0 | F25: 0 | H25: 0 | J25: 150000 | K25: 1283 | L25: 0 | N25: =SMALL(D25:L25,COUNTIF(D25:L25,0)+1) -> 150000
... A116: 방송단자함(노출:철재)단자대포함 | B116: 300회선 | C116: Set | D116: 0 | F116: 0 | H116: 0 | J116: 199500 | K116: 1283 | L116: 0 | N116: =SMALL(D116:L116,COUNTIF(D116:L116,0)+1) -> 199500
A117: TV매입증폭기함(전면:스텐) | B117: 300*400mm | C117: 개 | D117: 60264 | F117: 0 | H117: 0 | J117: 66000 | K117: 1283 | L117: 96940 | M117: 1336 | N117: =SMALL(D117:L117,COUNTIF(D117:L117,0)+1) -> 60264
A118: TV매입증폭기함(전면:스텐) | B118: 400*500mm | C118: 개 | D118: 72564 | F118: 0 | H118: 0 | J118: 98200 | K118: 1283 | L118: 141520 | M118: 1336 | N118: =SMALL(D118:L118,COUNTIF(D118:L118,0)+1) -> 72564
A119: TV매입증폭기함(전면:스텐) | B119: 500*600mm | C119: 개 | D119: 99863 | F119: 0 | H119: 0 | J119: 133300 | K119: 1283 | L119: 198020 | M119: 1336 | N119: =SMALL(D119:L119,COUNTIF(D119:L119,0)+1) -> 99863
A120: TV매입증폭기함(전면:스텐) | B120: 600*700mm | C120: 개 | D120: 127045 | F120: 0 | H120: 0 | J120: 170900 | K120: 1283 | L120: 266800 | M120: 1336 | N120: =SMALL(D120:L120,COUNTIF(D120:L120,0)+1) -> 127045
A121: TV매입증폭기함(전면:스텐) | B121: 700*800mm | C121: 개 | D121: 181528 | F121: 0 | H121: 0 | J121: 222400 | K121: 1283 | L121: 0 | N121: =SMALL(D121:L121,COUNTIF(D121:L121,0)+1) -> 181528
A122: TV매입증폭기함(전면:철재) | B122: 300*400mm | C122: Set | D122: 36281 | F122: 30000 | G122: 1177 | H122: 0 | J122: 43800 | K122: 1283 | L122: 62550 | M122: 1336 | N122: =SMALL(D122:L122,COUNTIF(D122:L122,0)+1) -> 30000
A123: TV매입증폭기함(전면:철재) | B123: 400*500mm | C123: Set | D123: 45380 | F123: 0 | H123: 0 | J123: 66000 | K123: 1283 | L123: 88810 | M123: 1336 | N123: =SMALL(D123:L123,COUNTIF(D123:L123,0)+1) -> 45380
A124: TV매입증폭기함(전면:철재) | B124: 500*600mm | C124: Set | D124: 54480 | F124: 70000 | G124: 1177 | H124: 0 | J124: 87800 | K124: 1283 | L124: 133400 | M124: 1336 | N124: =SMALL(D124:L124,COUNTIF(D124:L124,0)+1) -> 54480
A125: TV매입증폭기함(전면:철재) | B125: 600*700mm | C125: Set | D125: 90763 | F125: 0 | H125: 0 | J125: 125400 | K125: 1283 | L125: 185930 | M125: 1336 | N125: =SMALL(D125:L125,COUNTIF(D125:L125,0)+1) -> 90763
A126: TV매입증폭기함(전면:철재) | B126: 700*800mm | C126: Set | D126: 117946 | F126: 0 | H126: 0 | J126: 162400 | K126: 1283 | L126: 0 | N126: =SMALL(D126:L126,COUNTIF(D126:L126,0)+1) -> 117946
A127: TV증폭기함(노출:스텐) | B127: 300*400mm | C127: Set | D127: 0 | F127: 0 | H127: 0 | J127: 74100 | K127: 1283 | L127: 0 | N127: =SMALL(D127:L127,COUNTIF(D127:L127,0)+1) -> 74100
A128: TV증폭기함(노출:스텐) | B128: 400*500mm | C128: Set | D128: 0 | F128: 0 | H128: 0 | J128: 101900 | K128: 1283 | L128: 0 | N128: =SMALL(D128:L128,COUNTIF(D128:L128,0)+1) -> 101900
A129: TV증폭기함(노출:스텐) | B129: 500*600mm | C129: Set | D129: 0 | F129: 0 | H129: 0 | J129: 137200 | K129: 1283 | L129: 0 | N129: =SMALL(D129:L129,COUNTIF(D129:L129,0)+1) -> 137200
A130: TV증폭기함(노출:스텐) | B130: 600*700mm | C130: Set | D130: 0 | F130: 0 | H130: 0 | J130: 171500 | K130: 1283 | L130: 0 | N130: =SMALL(D130:L130,COUNTIF(D130:L130,0)+1) -> 171500
A131: TV증폭기함(노출:스텐) | B131: 700*800mm | C131: Set | D131: 0 | F131: 0 | H131: 0 | J131: 207800 | K131: 1283 | L131: 0 | N131: =SMALL(D131:L131,COUNTIF(D131:L131,0)+1) -> 207800
A132: TV증폭기함(노출:철재) | B132: 300*400mm | C132: Set | D132: 0 | F132: 0 | H132: 0 | J132: 41900 | K132: 1283 | L132: 68600 | M132: 1336 | N132: =SMALL(D132:L132,COUNTIF(D132:L132,0)+1) -> 41900
A133: TV증폭기함(노출:철재) | B133: 400*500mm | C133: Set | D133: 0 | F133: 0 | H133: 0 | J133: 64100 | K133: 1283 | L133: 99010 | M133: 1336 | N133: =SMALL(D133:L133,COUNTIF(D133:L133,0)+1) -> 64100
A134: TV증폭기함(노출:철재) | B134: 500*600mm | C134: Set | D134: 0 | F134: 0 | H134: 0 | J134: 83900 | K134: 1283 | L134: 149470 | M134: 1336 | N134: =SMALL(D134:L134,COUNTIF(D134:L134,0)+1) -> 83900
A135: TV증폭기함(노출:철재) | B135: 600*700mm | C135: Set | D135: 0 | F135: 0 | H135: 0 | J135: 120400 | K135: 1283 | L135: 206150 | M135: 1336 | N135: =SMALL(D135:L135,COUNTIF(D135:L135,0)+1) -> 120400
A136: TV증폭기함(노출:철재) | B136: 700*800mm | C136: Set | D136: 0 | F136: 0 | H136: 0 | J136: 154500 | K136: 1283 | L136: 0 | N136: =SMALL(D136:L136,COUNTIF(D136:L136,0)+1) -> 154500
A137: 전화콘센트 | B137: 모듈러잭8핀형, 1구용 | C137: 개 | D137: 2750 | F137: 0 | J137: 2480 | K137: 1205 | L137: 0 | N137: =SMALL(D137:L137,COUNTIF(D137:L137,0)+1) -> 2480
A138: 전화콘센트 | B138: 모듈러잭8핀형, 2구용 | C138: 개 | D138: 0 | F138: 0 | H138: 0 | J138: 4360 | K138: 1205 | L138: 0 | N138: =SMALL(D138:L138,COUNTIF(D138:L138,0)+1) -> 4360
A139: LAN콘센트 | B139: 모듈러잭8핀형, 1구용 | C139: 개 | D139: 2750 | F139: 0 | H139: 0 | J139: 2480 | K139: 1205 | L139: 0 | N139: =SMALL(D139:L139,COUNTIF(D139:L139,0)+1) -> 2480
A140: LAN콘센트 | B140: 모듈러잭8핀형, 2구용 | C140: 개 | D140: 0 | F140: 0 | H140: 0 | J140: 4360 | K140: 1205 | L140: 0 | N140: =SMALL(D140:L140,COUNTIF(D140:L140,0)+1) -> 4360
A141: 전화콘센트(시스템박스용) | B141: 모듈러잭8핀형, CAT-6 | C141: 개 | D141: 0 | F141: 0 | H141: 0 | J141: 3520 | K141: 1205 | L141: 0 | N141: =SMALL(D141:L141,COUNTIF(D141:L141,0)+1) -> 3520
A142: LAN콘센트(시스템박스용) | B142: 모듈러잭8핀형, CAT-6 | C142: 개 | D142: 0 | F142: 0 | H142: 0 | J142: 3520 | K142: 1205 | L142: 0 | N142: =SMALL(D142:L142,COUNTIF(D142:L142,0)+1) -> 3520
A143: 모듈러 플러그 | B143: RJ45-8Pin | C143: 개 | D143: 0 | F143: 250 | G143: 1177 | H143: 250 | I143: 1085 | J143: 1250 | K143: 1084 | L143: 0 | N143: =SMALL(D143:L143,COUNTIF(D143:L143,0)+1) -> 250
A144: TV유니트 | B144: 직렬 | C144: 개 | D144: 2302 | F144: 2917 | G144: 1099 | H144: 10000 | I144: 1057 | J144: 2280 | K144: 1205 | L144: 0 | N144: =SMALL(D144:L144,COUNTIF(D144:L144,0)+1) -> 2280
A145: TV유니트 | B145: 단말 | C145: 개 | D145: 2302 | F145: 3084 | G145: 1099 | H145: 5500 | I145: 1057 | J145: 2120 | K145: 1205 | L145: 0 | N145: =SMALL(D145:L145,COUNTIF(D145:L145,0)+1) -> 2120
A146: TV유니트 | B146: 직렬분기용 | C146: 개 | D146: 2302 | F146: 2917 | G146: 1099 | H146: 11000 | I146: 1057 | J146: 2280 | K146: 1205 | L146: 0 | N146: =SMALL(D146:L146,COUNTIF(D146:L146,0)+1) -> 2280
A147: 시스템박스 | B147: 벽부형 S.P JACK BOX, 2구 | C147: 개 | D147: 46877 | F147: 0 | H147: 0 | J147: 0 | L147: 0 | N147: =SMALL(D147:L147,COUNTIF(D147:L147,0)+1) -> 46877
A148: 시스템박스 | B148: FLOOR용, MIC JACK BOX, 2구 | C148: 개 | D148: 60896 | F148: 0 | H148: 0 | J148: 0 | L148: 0 | N148: =SMALL(D148:L148,COUNTIF(D148:L148,0)+1) -> 60896
A149: 스피카짹박스(FLOOR용) | B149: S.P JACK BOX, 1구 | C149: 개 | D149: 60933 | F149: 0 | H149: 0 | J149: 0 | L149: 0 | N149: =SMALL(D149:L149,COUNTIF(D149:L149,0)+1) -> 60933
A150: 스피카짹박스(FLOOR용) | B150: S.P.JACK BOX, 2구 | C150: 개 | D150: 60933 | F150: 0 | H150: 0 | J150: 0 | L150: 0 | N150: =SMALL(D150:L150,COUNTIF(D150:L150,0)+1) -> 60933
A151: 스피커짹박스(벽부용) | B151: S.P JACK BOX, 2구 | C151: 개 | D151: 60933 | F151: 0 | H151: 0 | J151: 0 | L151: 0 | N151: =SMALL(D151:L151,COUNTIF(D151:L151,0)+1) -> 60933
A152: 스피카짹박스(FLOOR용) | B152: S.P.JACK BOX, 2구 | C152: 개 | D152: 60933 | F152: 0 | H152: 0 | J152: 0 | L152: 0 | N152: =SMALL(D152:L152,COUNTIF(D152:L152,0)+1) -> 60933
A153: 마이크짹박스(FLOOR용) | B153: MIC.JACK BOX, 1구 | C153: 개 | D153: 60933 | F153: 0 | H153: 0 | J153: 0 | L153: 0 | N153: =SMALL(D153:L153,COUNTIF(D153:L153,0)+1) -> 60933
A154: 마이크짹박스(FLOOR용) | B154: MIC.JACK BOX, 2구 | C154: 개 | D154: 60933 | F154: 0 | H154: 0 | J154: 0 | L154: 0 | N154: =SMALL(D154:L154,COUNTIF(D154:L154,0)+1) -> 60933
A155: PC짹박스(FLOOR용) | B155: PC.JACK BOX, 1구 | C155: 개 | D155: 60933 | F155: 0 | H155: 0 | J155: 0 | L155: 0 | N155: =SMALL(D155:L155,COUNTIF(D155:L155,0)+1) -> 60933
A156: PC짹박스(FLOOR용) | B156: PC.JACK BOX, 2구 | C156: 개 | D156: 60933 | F156: 0 | H156: 0 | J156: 0 | L156: 0 | N156: =SMALL(D156:L156,COUNTIF(D156:L156,0)+1) -> 60933
A157: A/V짹박스(FLOOR용) | B157: A/V.JACK BOX, 2구 | C157: 개 | D157: 60933 | F157: 0 | H157: 0 | J157: 0 | L157: 0 | N157: =SMALL(D157:L157,COUNTIF(D157:L157,0)+1) -> 60933
A158: 가입자보안기 | B158: 10회선 | C158: 대 | D158: 11525 | F158: 0 | H158: 0 | J158: 0 | L158: 0 | N158: =SMALL(D158:L158,COUNTIF(D158:L158,0)+1) -> 11525
D159: 0 | F159: A사 | H159: B사 | J159: C사
A160: 허브랙(IDF)벽부형 | B160: 19"x250㎜(5U) | C160: 개 | D160: 0 | F160: 308000 | H160: 338800 | J160: 372680 | L160: 0 | N160: =SMALL(D160:L160,COUNTIF(D160:L160,0)+1) -> 308000
A161: 허브랙(IDF)스텐다드형 | B161: 19"x500㎜(8U) | C161: 개 | D161: 0 | F161: 321200 | H161: 353320 | J161: 388652 | L161: 0 | N161: =SMALL(D161:L161,COUNTIF(D161:L161,0)+1) -> 321200
A162: 허브랙(IDF)스텐다드형 | B162: 19"x750㎜(13U) | C162: 개 | D162: 0 | F162: 605000 | H162: 665500 | J162: 732050 | L162: 0 | N162: =SMALL(D162:L162,COUNTIF(D162:L162,0)+1) -> 605000
A163: 허브랙(IDF)스텐다드형 | B163: 19"x1,000㎜(18U) | C163: 개 | D163: 0 | F163: 627000 | H163: 689700 | J163: 758670 | L163: 0 | N163: =SMALL(D163:L163,COUNTIF(D163:L163,0)+1) -> 627000
A164: 허브랙(IDF)스텐다드형 | B164: 19"x1,400㎜(27U) | C164: 개 | D164: 0 | F164: 671000 | H164: 738100 | J164: 811910 | L164: 0 | N164: =SMALL(D164:L164,COUNTIF(D164:L164,0)+1) -> 671000
A165: 허브랙(IDF)스텐다드형 | B165: 19"x1,800㎜(36U) | C165: 개 | D165: 0 | F165: 712000 | H165: 786500 | J165: 865150 | L165: 0 | N165: =SMALL(D165:L165,COUNTIF(D165:L165,0)+1) -> 712000
A166: 기가비트 스위치 허브 | B166: 100/1000M 5PORT | C166: 개 | D166: 0 | F166: 45760 | H166: 50336 | J166: 55370 | L166: 0 | N166: =SMALL(D166:L166,COUNTIF(D166:L166,0)+1) -> 45760
A167: 기가비트 스위치 허브 | B167: 100/1000M 8PORT | C167: 개 | D167: 0 | F167: 78650 | H167: 86515 | J167: 95167 | L167: 0 | N167: =SMALL(D167:L167,COUNTIF(D167:L167,0)+1) -> 78650
A168: 기가비트 스위치 허브 | B168: 100/1000M 24PORT+4PORT SFP | C168: 개 | D168: 0 | F168: 1464100 | H168: 1610510 | J168: 1771561 | L168: 0 | N168: =SMALL(D168:L168,COUNTIF(D168:L168,0)+1) -> 1464100
A169: 광분배함(FDF) | B169: 8Port, Mini | C169: 개 | D169: 0 | F169: 21890 | H169: 24079 | J169: 26487 | L169: 0 | N169: =SMALL(D169:L169,COUNTIF(D169:L169,0)+1) -> 21890
A170: 광분배함(FDF) | B170: 12Port, 19", 라운드형 | C170: 개 | D170: 0 | F170: 73700 | H170: 81070 | J170: 89177 | L170: 0 | N170: =SMALL(D170:L170,COUNTIF(D170:L170,0)+1) -> 73700
A171: 광분배함(FDF) | B171: 24Port, 19", 라운드형 | C171: 개 | D171: 0 | F171: 79200 | H171: 87120 | J171: 95832 | L171: 0 | N171: =SMALL(D171:L171,COUNTIF(D171:L171,0)+1) -> 79200
... A176: SFP-1G-SX-500M DOM | B176: 1.25Gbps, Multi, LC | C176: 개 | D176: 0 | F176: 37400 | H176: 41140 | J176: 45254 | L176: 0 | N176: =SMALL(D176:L176,COUNTIF(D176:L176,0)+1) -> 37400
A177: 비상방송용앰프(벽부형) | B177: 60W (단락보호보호내장형) | C177: 개 | D177: 0 | F177: 0 | H177: 1658000 | I177: 1008 | J177: 0 | L177: 0 | N177: =SMALL(D177:L177,COUNTIF(D177:L177,0)+1) -> 1658000
A178: 비상방송용앰프(벽부형) | B178: 120W (단락보호보호내장형) | C178: 개 | D178: 0 | F178: 0 | H178: 1933000 | I178: 1008 | J178: 0 | L178: 0 | N178: =SMALL(D178:L178,COUNTIF(D178:L178,0)+1) -> 1933000
A179: 비상방송용앰프(벽부형) | B179: 240W (단락보호보호내장형) | C179: 개 | D179: 0 | F179: 0 | H179: 2278000 | I179: 1008 | J179: 0 | L179: 0 | N179: =SMALL(D179:L179,COUNTIF(D179:L179,0)+1) -> 2278000
A180: 비상방송용앰프(벽부형) | B180: 360W (단락보호보호내장형) | C180: 개 | D180: 0 | F180: 0 | H180: 2573000 | I180: 1008 | J180: 0 | L180: 0 | N180: =SMALL(D180:L180,COUNTIF(D180:L180,0)+1) -> 2573000
A181: 비상방송용앰프(벽부형) | B181: 480W (단락보호보호내장형) | C181: 개 | D181: 0 | F181: 0 | H181: 2875000 | I181: 1008 | J181: 0 | L181: 0 | N181: =SMALL(D181:L181,COUNTIF(D181:L181,0)+1) -> 2875000
A182: 스피커셀렉타 | B182: 16회로 | C182: 개 | D182: 0 | F182: 0 | H182: 253000 | I182: 1008 | J182: 0 | L182: 0 | N182: =SMALL(D182:L182,COUNTIF(D182:L182,0)+1) -> 253000
A183: 스피커(천정형) | B183: S.T/Ceiling형, 3W | C183: 개 | D183: 16164 | F183: 18000 | G183: 1144 | H183: 40000 | I183: 1006 | J183: 34400 | K183: 1247 | L183: 0 | N183: =SMALL(D183:L183,COUNTIF(D183:L183,0)+1) -> 16164
A184: 스피커(천정형) | B184: PVC/Ceiling형, 3W | C184: 개 | D184: 13582 | F184: 0 | H184: 0 | J184: 0 | L184: 0 | N184: =SMALL(D184:L184,COUNTIF(D184:L184,0)+1) -> 13582
A185: 스피커(벽부형) | B185: ATT포함/Wall형, 3W | C185: 개 | D185: 13577 | F185: 0 | H185: 0 | J185: 40500 | K185: 1247 | L185: 0 | N185: =SMALL(D185:L185,COUNTIF(D185:L185,0)+1) -> 13577
A186: 스피커(벽부형) | B186: Wall형, 10W | C186: 개 | D186: 23036 | F186: 42000 | G186: 1144 | H186: 34000 | I186: 1049 | J186: 0 | L186: 0 | N186: =SMALL(D186:L186,COUNTIF(D186:L186,0)+1) -> 23036
A187: 스피커(천정형) | B187: Ceiling형, 10W | C187: 개 | D187: 35027 | F187: 0 | H187: 26400 | I187: 1049 | J187: 0 | L187: 0 | N187: =SMALL(D187:L187,COUNTIF(D187:L187,0)+1) -> 26400
A188: 콜롬스피커 | B188: Column형/옥내용, 10W | C188: 개 | D188: 0 | F188: 45000 | G188: 1144 | H188: 55000 | I188: 1049 | J188: 68800 | K188: 1247 | L188: 0 | N188: =SMALL(D188:L188,COUNTIF(D188:L188,0)+1) -> 45000
A189: 콜롬스피커 | B189: Column형/옥내용, 20W | C189: 개 | D189: 0 | F189: 66000 | G189: 1144 | H189: 75000 | I189: 1049 | J189: 88500 | K189: 1247 | L189: 0 | N189: =SMALL(D189:L189,COUNTIF(D189:L189,0)+1) -> 66000
A190: 콜롬스피커 | B190: Column형/옥내용, 30W | C190: 개 | D190: 0 | F190: 79000 | G190: 1144 | H190: 103000 | I190: 1049 | J190: 0 | L190: 0 | N190: =SMALL(D190:L190,COUNTIF(D190:L190,0)+1) -> 79000
A191: 콜롬스피커 | B191: Column형/옥내용, 40W | C191: 개 | D191: 0 | F191: 97000 | G191: 1144 | H191: 120000 | I191: 1049 | J191: 0 | L191: 0 | N191: =SMALL(D191:L191,COUNTIF(D191:L191,0)+1) -> 97000
A192: 콜롬스피커 | B192: Column형/옥외용, 10W | C192: 개 | D192: 0 | F192: 0 | H192: 59000 | I192: 1049 | L192: 0 | N192: =SMALL(D192:L192,COUNTIF(D192:L192,0)+1) -> 59000
A193: 콜롬스피커 | B193: Column형/옥외용, 20W | C193: 개 | D193: 0 | F193: 0 | H193: 78000 | I193: 1049 | J193: 79900 | K193: 1247 | L193: 0 | N193: =SMALL(D193:L193,COUNTIF(D193:L193,0)+1) -> 78000
A194: 콜롬스피커 | B194: Column형/옥외용, 30W | C194: 개 | D194: 0 | F194: 0 | H194: 106000 | I194: 1049 | J194: 123000 | K194: 1247 | L194: 0 | N194: =SMALL(D194:L194,COUNTIF(D194:L194,0)+1) -> 106000
...

Sheet 4.소방자재
A1: 단 가 대 비 표 | U1: 만든이:나라기술 정진붕
A2: 2026년 상반기 충남교육청 건설공사 일위대가(전기, 통신, 전기소방)
A3: 품 명 | B3: 규 격 | C3: 단위 | D3: 재 료 비 | O3: 번 호 | P3: 비 고
D4: 조달청가격 | E4: PAGE | F4: 거래가격 | G4: PAGE | H4: 유통물가 | I4: PAGE | J4: 물가자료 | K4: PAGE | L4: 물가정보 | M4: PAGE | N4: 적용단가
A5: 화재수신기(복합형) | B5: 기본10회로-LCD | C5: 대 | D5: 0 | F5: 0 | H5: 0 | J5: 0 | L5: 800000 | M5: 1393 | N5: =SMALL(D5:L5,COUNTIF(D5:L5,0)+1) -> 800000
A6: 화재수신기(복합형) | B6: 기본20회로-LCD | C6: 대 | D6: 0 | F6: 0 | H6: 0 | J6: 0 | L6: 1300000 | M6: 1393 | N6: =SMALL(D6:L6,COUNTIF(D6:L6,0)+1) -> 1300000
A7: P형회로추가 | B7: 1회로당 | C7: 회로 | D7: 0 | F7: 0 | H7: 0 | J7: 0 | L7: 50000 | M7: 1393 | N7: =SMALL(D7:L7,COUNTIF(D7:L7,0)+1) -> 50000
A8: 화재감지기(열) | B8: 차동식 스포트형2종 | C8: 개 | D8: 4010 | F8: 5000 | G8: 1194 | H8: 5000 | I8: 758 | J8: 0 | L8: 0 | N8: =SMALL(D8:L8,COUNTIF(D8:L8,0)+1) -> 4010
A9: 화재감지기(열) | B9: 정온식 스포트형1종 | C9: 개 | D9: 3663 | F9: 5000 | G9: 1194 | H9: 5000 | I9: 758 | J9: 0 | L9: 0 | N9: =SMALL(D9:L9,COUNTIF(D9:L9,0)+1) -> 3663
A10: 화재감지기(연기) | B10: 광전식 스포트형2종-비축적 | C10: 개 | D10: 12631 | F10: 18000 | G10: 1194 | H10: 30000 | I10: 756 | J10: 0 | L10: 0 | N10: =SMALL(D10:L10,COUNTIF(D10:L10,0)+1) -> 12631
A11: 단독형감지기(연기) | B11: 광전식 | C11: 개 | D11: 0 | F11: 30000 | G11: 1194 | H11: 0 | J11: 0 | L11: 25000 | M11: 1393 | N11: =SMALL(D11:L11,COUNTIF(D11:L11,0)+1) -> 25000
A12: 불꽃감지기 | B12: 감시거리 30M, 옥내,외,방수,일반형 | C12: 개 | D12: 0 | F12: 2000000 | G12: 1194 | H12: 1100000 | I12: 757 | J12: 0 | L12: 1350000 | M12: 1387 | N12: =SMALL(D12:L12,COUNTIF(D12:L12,0)+1) -> 1100000
A13: 불꽃감지기 | B13: 감시거리 50M, 옥내,외,방수,일반형 | C13: 개 | D13: 0 | F13: 0 | H13: 1500000 | I13: 757 | J13: 0 | L13: 1800000 | M13: 1387 | N13: =SMALL(D13:L13,COUNTIF(D13:L13,0)+1) -> 1500000
A14: 불꽃감지기 전원공급기 | B14: AC220V/DC24V,3A | C14: 개 | D14: 0 | F14: 0 | H14: 0 | J14: 0 | L14: 300000 | M14: 1396 | N14: =SMALL(D14:L14,COUNTIF(D14:L14,0)+1) -> 300000
A15: 불꽃감지기 전원공급기 | B15: AC220V/DC24V,5A | C15: 개 | D15: 0 | F15: 0 | H15: 0 | J15: 0 | L15: 400000 | M15: 1396 | N15: =SMALL(D15:L15,COUNTIF(D15:L15,0)+1) -> 400000
A16: 불꽃감지기 전원공급기 | B16: AC220V/DC24V,15A | C16: 개 | D16: 0 | F16: 0 | H16: 0 | J16: 0 | L16: 600000 | M16: 1396 | N16: =SMALL(D16:L16,COUNTIF(D16:L16,0)+1) -> 600000
A17: 불꽃감지기 전원공급기 | B17: AC220V/DC24V,20A | C17: 개 | D17: 0 | F17: 0 | H17: 0 | J17: 0 | L17: 750000 | M17: 1396 | N17: =SMALL(D17:L17,COUNTIF(D17:L17,0)+1) -> 750000
A18: 발신기외함(노출) | B18: 문짝:철재, 박스:철재 | C18: 개 | D18: 19982 | F18: 70000 | G18: 1195 | H18: 50000 | I18: 757 | J18: 25000 | K18: 969 | L18: 0 | N18: =SMALL(D18:L18,COUNTIF(D18:L18,0)+1) -> 19982
A19: 발신기외함(노출) | B19: 문짝:스텐, 박스:스텐 | C19: 개 | D19: 40090 | F19: 155000 | G19: 1195 | H19: 110000 | I19: 757 | J19: 60000 | K19: 969 | L19: 0 | N19: =SMALL(D19:L19,COUNTIF(D19:L19,0)+1) -> 40090
A20: 발신기외함(매입) | B20: 문짝:스텐, 박스:철재 | C20: 개 | D20: 0 | F20: 0 | H20: 65000 | I20: 757 | J20: 0 | L20: 0 | N20: =SMALL(D20:L20,COUNTIF(D20:L20,0)+1) -> 65000
A21: 경종 | B21: DC 24V | C21: 개 | D21: 4138 | F21: 6000 | G21: 1194 | H21: 7500 | I21: 756 | J21: 0 | L21: 0 | N21: =SMALL(D21:L21,COUNTIF(D21:L21,0)+1) -> 4138
A22: 표시등(LED) | B22: DC 24V | C22: 개 | D22: 1364 | F22: 2000 | G22: 1194 | H22: 2000 | I22: 756 | J22: 0 | L22: 0 | N22: =SMALL(D22:L22,COUNTIF(D22:L22,0)+1) -> 1364
A23: 수동발신기 | B23: DC 24V | C23: 개 | D23: 2404 | F23: 5000 | G23: 1194 | H23: 5000 | I23: 756 | J23: 0 | L23: 0 | N23: =SMALL(D23:L23,COUNTIF(D23:L23,0)+1) -> 2404
A24: 가압표시등 | B24: 25mm, PILOT LAMP | C24: 개 | D24: 0 | F24: 3000 | G24: 1194 | H24: 0 | J24: 0 | L24: 0 | N24: =SMALL(D24:L24,COUNTIF(D24:L24,0)+1) -> 3000
A25: 접속단자대 | B25: TB, 10P 20A | C25: 개 | D25: 0 | F25: 0 | H25: 1900 | I25: 856 | J25: 0 | L25: 0 | N25: =SMALL(D25:L25,COUNTIF(D25:L25,0)+1) -> 1900
A26: 접속단자대 | B26: TB, 15P 20A | C26: 개 | D26: 0 | F26: 0 | H26: 2900 | I26: 856 | J26: 0 | L26: 0 | N26: =SMALL(D26:L26,COUNTIF(D26:L26,0)+1) -> 2900
A27: 접속단자대 | B27: TB, 20P 20A | C27: 개 | D27: 0 | F27: 0 | H27: 3770 | I27: 856 | J27: 0 | L27: 0 | N27: =SMALL(D27:L27,COUNTIF(D27:L27,0)+1) -> 3770
A28: 피난구 유도등(고효율,고휘도) | B28: LED, 소형(단면), 60분용 | C28: 개 | D28: 44806 | F28: 125000 | G28: 1194 | H28: 100000 | I28: 757 | J28: 100000 | K28: 969 | L28: 100000 | M28: 1396 | N28: =SMALL(D28:L28,COUNTIF(D28:L28,0)+1) -> 44806
A29: 피난구 유도등(고효율,고휘도) | B29: LED, 소형(양면), 60분용 | C29: 개 | D29: 48491 | F29: 150000 | G29: 1194 | H29: 150000 | I29: 757 | J29: 130000 | K29: 969 | L29: 110000 | M29: 1396 | N29: =SMALL(D29:L29,COUNTIF(D29:L29,0)+1) -> 48491
A30: 피난구 유도등(고효율,고휘도) | B30: LED, 중형(단면), 60분용 | C30: 개 | D30: 52282 | F30: 150000 | G30: 1194 | H30: 160000 | I30: 757 | J30: 130000 | K30: 969 | L30: 130000 | M30: 1396 | N30: =SMALL(D30:L30,COUNTIF(D30:L30,0)+1) -> 52282
A31: 피난구 유도등(고효율,고휘도) | B31: LED, 중형(양면), 60분용 | C31: 개 | D31: 56765 | F31: 180000 | G31: 1194 | H31: 200000 | I31: 757 | J31: 160000 | K31: 969 | L31: 150000 | M31: 1396 | N31: =SMALL(D31:L31,COUNTIF(D31:L31,0)+1) -> 56765
A32: 피난구 유도등(고효율,고휘도) | B32: LED, 대형(단면), 60분용 | C32: 개 | D32: 0 | F32: 180000 | G32: 1194 | H32: 200000 | I32: 756 | J32: 0 | L32: 150000 | M32: 1396 | N32: =SMALL(D32:L32,COUNTIF(D32:L32,0)+1) -> 150000
A33: 피난구 유도등(고효율,고휘도) | B33: LED, 대형(양면), 60분용 | C33: 개 | D33: 0 | F33: 220000 | G33: 1194 | H33: 0 | J33: 0 | L33: 170000 | M33: 1396 | N33: =SMALL(D33:L33,COUNTIF(D33:L33,0)+1) -> 170000
A34: 복도통로 유도등(고효율,고휘도) | B34: LED, 벽부, 60분용 | C34: 개 | D34: 0 | F34: 100000 | G34: 1194 | H34: 100000 | I34: 756 | J34: 100000 | K34: 969 | L34: 100000 | M34: 1396 | N34: =SMALL(D34:L34,COUNTIF(D34:L34,0)+1) -> 100000
A35: 계단통로 유도등(고효율,고휘도) | B35: LED, 벽부, 60분용 | C35: 개 | D35: 0 | F35: 120000 | G35: 1194 | H35: 220000 | I35: 756 | J35: 150000 | K35: 969 | L35: 150000 | M35: 1396 | N35: =SMALL(D35:L35,COUNTIF(D35:L35,0)+1) -> 120000
A36: 거실통로 유도등(고효율,고휘도) | B36: LED, 천정단면, 60분용 | C36: 개 | D36: 52282 | F36: 160000 | G36: 1194 | H36: 0 | J36: 130000 | K36: 969 | L36: 130000 | M36: 1396 | N36: =SMALL(D36:L36,COUNTIF(D36:L36,0)+1) -> 52282
A37: 거실통로 유도등(고효율,고휘도) | B37: LED, 천정양면, 60분용 | C37: 개 | D37: 56765 | F37: 190000 | G37: 1194 | H37: 160000 | I37: 756 | J37: 160000 | K37: 969 | L37: 160000 | M37: 1396 | N37: =SMALL(D37:L37,COUNTIF(D37:L37,0)+1) -> 56765
A38: 바닥통로 유도등(고효율,고휘도) | B38: LED, 소형, 60분용 | C38: 개 | D38: 170078 | F38: 300000 | G38: 1194 | H38: 0 | J38: 0 | L38: 0 | N38: =SMALL(D38:L38,COUNTIF(D38:L38,0)+1) -> 170078
A39: 바닥통로 유도등(고효율,고휘도) | B39: LED, 중형, 60분용 | C39: 개 | D39: 258163 | F39: 390000 | G39: 1194 | H39: 310000 | I39: 756 | J39: 310000 | K39: 969 | L39: 0 | N39: =SMALL(D39:L39,COUNTIF(D39:L39,0)+1) -> 258163
A40: 객석유도등 | B40: LED, DC24V | C40: 개 | F40: 100000 | G40: 1194 | H40: 0 | J40: 0 | L40: 0 | N40: =SMALL(D40:L40,COUNTIF(D40:L40,0)+1) -> 100000
A41: 객석유도등전원반 | B41: 10A | C41: 개 | D41: 0 | F41: 0 | H41: 0 | J41: 450000 | K41: 969 | L41: 0 | N41: =SMALL(D41:L41,COUNTIF(D41:L41,0)+1) -> 450000
A42: 피난구유도등 (음성점멸) | B42: 천정,대형,단면,노출 | C42: 개 | D42: 0 | F42: 0 | H42: 0 | J42: 0 | L42: 250000 | M42: 1396 | N42: =SMALL(D42:L42,COUNTIF(D42:L42,0)+1) -> 250000
A43: 피난구유도등 (음성점멸) | B43: 천정,대형,양면,노출 | C43: 개 | D43: 0 | F43: 0 | H43: 0 | J43: 0 | L43: 300000 | M43: 1396 | N43: =SMALL(D43:L43,COUNTIF(D43:L43,0)+1) -> 300000
A44: 피난구유도등 (음성점멸) | B44: 천정,중형,단면,노출 | C44: 개 | D44: 0 | F44: 0 | H44: 0 | J44: 0 | L44: 200000 | M44: 1396 | N44: =SMALL(D44:L44,COUNTIF(D44:L44,0)+1) -> 200000
A45: 피난구유도등 (음성점멸) | B45: 천정,중형,양면,노출 | C45: 개 | D45: 0 | F45: 0 | H45: 0 | J45: 0 | L45: 220000 | M45: 1396 | N45: =SMALL(D45:L45,COUNTIF(D45:L45,0)+1) -> 220000
A46: 피난구유도등 (음성점멸) | B46: 벽부,대형,단면,노출 | C46: 개 | D46: 0 | F46: 0 | H46: 0 | J46: 0 | L46: 250000 | M46: 1396 | N46: =SMALL(D46:L46,COUNTIF(D46:L46,0)+1) -> 250000
A47: 피난구유도등 (음성점멸) | B47: 벽부,중형,단면,노출 | C47: 개 | D47: 0 | F47: 0 | H47: 0 | J47: 0 | L47: 200000 | M47: 1396 | N47: =SMALL(D47:L47,COUNTIF(D47:L47,0)+1) -> 200000
A48: 피난구유도등 (음성점멸) | B48: 벽부,소형,단면,노출 | C48: 개 | D48: 0 | F48: 0 | H48: 0 | J48: 0 | L48: 170000 | M48: 1396 | N48: =SMALL(D48:L48,COUNTIF(D48:L48,0)+1) -> 170000
A49: 피난구유도등 (음성점멸) | B49: 벽부,중형, 와이드형 | C49: 개 | D49: 0 | F49: 0 | H49: 0 | J49: 0 | L49: 250000 | M49: 1396 | N49: =SMALL(D49:L49,COUNTIF(D49:L49,0)+1) -> 250000
A50: 입체형 유도등 통로 | B50: 소형 | C50: 개 | D50: 0 | F50: 0 | H50: 0 | J50: 0 | L50: 150000 | M50: 1396 | N50: =SMALL(D50:L50,COUNTIF(D50:L50,0)+1) -> 150000
A51: 입체형 유도등 피난구 | B51: 소형 | C51: 개 | D51: 0 | F51: 0 | H51: 0 | J51: 0 | L51: 160000 | M51: 1396 | N51: =SMALL(D51:L51,COUNTIF(D51:L51,0)+1) -> 160000
A52: 시각경보기 | B52: 15cd | C52: 개 | D52: 0 | F52: 60000 | G52: 1194 | H52: 60000 | I52: 757 | J52: 0 | L52: 0 | N52: =SMALL(D52:L52,COUNTIF(D52:L52,0)+1) -> 60000
A53: 시각경보기전원반 | B53: 3A | C53: 개 | D53: 0 | F53: 0 | H53: 100000 | I53: 757 | J53: 0 | L53: 100000 | M53: 1396 | N53: =SMALL(D53:L53,COUNTIF(D53:L53,0)+1) -> 100000
A54: 시각경보기전원반 | B54: 5A | C54: 개 | D54: 0 | F54: 0 | H54: 150000 | I54: 757 | J54: 0 | L54: 150000 | M54: 1396 | N54: =SMALL(D54:L54,COUNTIF(D54:L54,0)+1) -> 150000
A55: 시각경보기전원반 | B55: 10A | C55: 개 | D55: 0 | F55: 0 | H55: 200000 | I55: 757 | J55: 0 | L55: 200000 | M55: 1396 | N55: =SMALL(D55:L55,COUNTIF(D55:L55,0)+1) -> 200000
A56: 비상전원반 | B56: 20A | C56: 개 | D56: 0 | F56: 400000 | G56: 1193 | H56: 400000 | I56: 757 | J56: 450000 | K56: 964 | L56: 0 | N56: =SMALL(D56:L56,COUNTIF(D56:L56,0)+1) -> 400000
A57: 중계기전원반 | B57: 15A | C57: 개 | D57: 0 | F57: 0 | H57: 0 | J57: 0 | L57: 600000 | M57: 1389 | N57: =SMALL(D57:L57,COUNTIF(D57:L57,0)+1) -> 600000
A58: 중계기수용합 | B58: 1개용 | C58: 개 | D58: 11361 | F58: 0 | H58: 0 | J58: 0 | L58: 0 | N58: =SMALL(D58:L58,COUNTIF(D58:L58,0)+1) -> 11361
A59: 중계기수용합 | B59: 2개용 | C59: 개 | D59: 17220 | F59: 0 | H59: 0 | J59: 0 | L59: 0 | N59: =SMALL(D59:L59,COUNTIF(D59:L59,0)+1) -> 17220
A60: 중계기수용합 | B60: 4개용 | C60: 개 | D60: 23732 | F60: 0 | H60: 0 | J60: 0 | L60: 0 | N60: =SMALL(D60:L60,COUNTIF(D60:L60,0)+1) -> 23732
A61: 슈퍼비죠리판넬 | B61: DC 24V | C61: 개 | D61: 40206 | F61: 0 | H61: 0 | J61: 0 | L61: 0 | N61: =SMALL(D61:L61,COUNTIF(D61:L61,0)+1) -> 40206
A62: 방출표시등 | B62: 하론,소화약제 | C62: 개 | D62: 15613 | F62: 0 | H62: 0 | J62: 0 | L62: 0 | N62: =SMALL(D62:L62,COUNTIF(D62:L62,0)+1) -> 15613
A63: 방출표시등 | B63: 소화가스용 | C63: 개 | D63: 0 | F63: 35000 | G63: 1195 | H63: 35000 | I63: 756 | J63: 30000 | K63: 964 | L63: 40000 | M63: 1396 | N63: =SMALL(D63:L63,COUNTIF(D63:L63,0)+1) -> 30000
A64: 수동조작함 | B64: 스프링클러+소화약제+제연댐퍼 | C64: 개 | D64: 0 | F64: 50000 | G64: 1195 | H64: 60000 | I64: 756 | J64: 70000 | K64: 964 | L64: 60000 | M64: 1396 | N64: =SMALL(D64:L64,COUNTIF(D64:L64,0)+1) -> 50000
A65: 댐퍼 수동조작함 | B65: DC-24V | C65: 개 | D65: 0 | F65: 50000 | G65: 1193 | H65: 60000 | I65: 756 | J65: 70000 | K65: 964 | L65: 60000 | M65: 1396 | N65: =SMALL(D65:L65,COUNTIF(D65:L65,0)+1) -> 50000
A66: 스프링클러 조작함 | B66: DC-24V | C66: 개 | D66: 0 | F66: 60000 | G66: 1193 | H66: 0 | J66: 70000 | K66: 964 | L66: 60000 | M66: 1396 | N66: =SMALL(D66:L66,COUNTIF(D66:L66,0)+1) -> 60000
A67: 소화가스 수동조작함 | B67: DC-24V | C67: 개 | D67: 0 | F67: 50000 | G67: 1193 | H67: 60000 | I67: 756 | J67: 70000 | K67: 964 | L67: 60000 | M67: 1396 | N67: =SMALL(D67:L67,COUNTIF(D67:L67,0)+1) -> 50000
A68: 비상등(부착형)소방검정품 | B68: LED 6Wx2(60분) | C68: 개 | D68: 0 | F68: 170000 | G68: 1198 | H68: 0 | J68: 150000 | K68: 1210 | L68: 0 | N68: =SMALL(D68:L68,COUNTIF(D68:L68,0)+1) -> 150000
A69: 휴대용비상조명등 | B69: 건전지타입 | C69: 개 | D69: 0 | F69: 20000 | G69: 1197 | H69: 0 | J69: 0 | L69: 0 | N69: =SMALL(D69:L69,COUNTIF(D69:L69,0)+1) -> 20000
A70: 비상문 자동폐쇄장치(옥상출입문) | B70: 옥상복귀기능부(번호보턴식) | C70: 개 | D70: 0 | F70: 360000 | G70: 658 | H70: 360000 | I70: 454 | J70: 0 | L70: 0 | N70: =SMALL(D70:L70,COUNTIF(D70:L70,0)+1) -> 360000
A71: 사이렌 | B71: 사이렌 | C71: 개 | D71: 18260 | F71: 25000 | G71: 1196 | H71: 30000 | I71: 756 | J71: 0 | L71: 0 | N71: =SMALL(D71:L71,COUNTIF(D71:L71,0)+1) -> 18260
A72: 수위조절기(전극봉) | B72: 저수위경보용 | C72: 개 | D72: 0 | F72: 0 | H72: 0 | J72: 0 | L72: 100000 | M72: 견적 | N72: =SMALL(D72:L72,COUNTIF(D72:L72,0)+1) -> 100000
A73: 수위조절기(오뚜기) | B73: 저수위경보용 | C73: 개 | D73: 0 | F73: 0 | H73: 0 | J73: 0 | L73: 20000 | M73: 견적 | N73: =SMALL(D73:L73,COUNTIF(D73:L73,0)+1) -> 20000
A74: 자동화재속보설비 | B74: 자동속보기 | C74: 개 | D74: 0 | F74: 0 | H74: 0 | J74: 0 | L74: 385000 | M74: 견적 | N74: =SMALL(D74:L74,COUNTIF(D74:L74,0)+1) -> 385000
A75: 축광유도표지 | B75: 피난구 | C75: 개 | D75: 0 | F75: 0 | H75: 0 | J75: 0 | L75: 4500 | M75: 견적 | N75: =SMALL(D75:L75,COUNTIF(D75:L75,0)+1) -> 4500
A76: 축광유도표지 | B76: 통로 | C76: 개 | D76: 0 | F76: 0 | H76: 0 | J76: 0 | L76: 4500 | M76: 견적 | N76: =SMALL(D76:L76,COUNTIF(D76:L76,0)+1) -> 4500
A77: 발신기셋트 보호망(철재도장) | B77: 발신기셋트규격 | C77: 개 | D77: 0 | F77: 0 | H77: 0 | J77: 0 | L77: 42000 | M77: 견적 | N77: =SMALL(D77:L77,COUNTIF(D77:L77,0)+1) -> 42000
A78: 소화전발신기셋트 보호망(철재도장) | B78: 발신기셋트규격 | C78: 개 | D78: 0 | F78: 0 | H78: 0 | J78: 0 | L78: 35000 | M78: 견적 | N78: =SMALL(D78:L78,COUNTIF(D78:L78,0)+1) -> 35000
A79: 피난구유도등 보호망(철재도장) | B79: 소형규격 | C79: 개 | D79: 0 | F79: 0 | H79: 0 | J79: 0 | L79: 24000 | M79: 견적 | N79: =SMALL(D79:L79,COUNTIF(D79:L79,0)+1) -> 24000
A80: 피난구유도등 보호망(철재도장) | B80: 중형규격 | C80: 개 | D80: 0 | F80: 0 | H80: 0 | J80: 0 | L80: 28800 | M80: 견적 | N80: =SMALL(D80:L80,COUNTIF(D80:L80,0)+1) -> 28800
A81: 피난구유도등 보호망(철재도장) | B81: 대형규격 | C81: 개 | D81: 0 | F81: 0 | H81: 0 | J81: 0 | L81: 36000 | M81: 견적 | N81: =SMALL(D81:L81,COUNTIF(D81:L81,0)+1) -> 36000
A82: 통로유도등 보호망(철재도장) | B82: 소형규격 | C82: 개 | D82: 0 | F82: 0 | H82: 0 | J82: 0 | L82: 24000 | M82: 견적 | N82: =SMALL(D82:L82,COUNTIF(D82:L82,0)+1) -> 24000
A83: 비상조명등 보호망(철재도장) | B83: 조명등규격 | C83: 개 | D83: 0 | F83: 0 | H83: 0 | J83: 0 | L83: 34800 | M83: 견적 | N83: =SMALL(D83:L83,COUNTIF(D83:L83,0)+1) -> 34800
A84: 시각경보 보호망(철재도장) | B84: 시각경보규격 | C84: 개 | D84: 0 | F84: 0 | H84: 0 | J84: 0 | L84: 24000 | M84: 견적 | N84: =SMALL(D84:L84,COUNTIF(D84:L84,0)+1) -> 24000

Sheet 5.배선
A1: 단 가 대 비 표
A2: 2026년 상반기 충남교육청 건설공사 일위대가(전기, 통신, 전기소방)
A3: 품 명 | B3: 규 격 | C3: 단위 | D3: 재 료 비 | O3: 번 호 | P3: 비 고
D4: 조달청가격 | E4: PAGE | F4: 거래가격 | G4: PAGE | H4: 유통물가 | I4: PAGE | J4: 물가자료 | K4: PAGE | L4: 물가정보 | M4: PAGE | N4: 적용단가
A5: 강심알미늄전선 | B5: ACSR-OC, 58㎟, 22.9kV | C5: M | D5: 0 | F5: 1819 | G5: 1008 | H5: 3839 | I5: 839 | J5: 0 | L5: 3810 | M5: 1180 | N5: =SMALL(D5:L5,COUNTIF(D5:L5,0)+1) -> 1819
A6: 강심알미늄전선 | B6: ACSR, 58㎟ | C6: M | D6: 0 | F6: 1137 | G6: 1008 | H6: 2172 | I6: 839 | J6: 0 | L6: 2147 | M6: 1180 | N6: =SMALL(D6:L6,COUNTIF(D6:L6,0)+1) -> 1137
A7: 22.9KV동심중성선케이블 | B7: 22.9kv, FR-CN/CO-W, 수밀형무독성난연, 22.9kv, 1*60㎟ | C7: M | D7: 17959 | F7: 22679 | G7: 996 | H7: 25398 | I7: 835 | J7: 0 | L7: 26519 | M7: 1170 | N7: =SMALL(D7:L7,COUNTIF(D7:L7,0)+1) -> 17959 | P7: 대전,세종,충남
A8: 22.9kv동심중성선케이블 | B8: 22.9kv, CN/CV-W, 일반형, 1*60㎟ | C8: M | D8: 19159 | F8: 24425 | G8: 996 | H8: 27352 | I8: 835 | J8: 0 | L8: 28560 | M8: 1170 | N8: =SMALL(D8:L8,COUNTIF(D8:L8,0)+1) -> 19159 | P8: 대전,세종,충남
A9: 저독성난연케이블(단선) | B9: HFIX, 1.5㎣ (1.38㎜) | C9: M | D9: 342 | F9: 382 | G9: 993 | H9: 532 | I9: 833 | J9: 441 | K9: 1074 | L9: 596 | M9: 1165 | N9: =SMALL(D9:L9,COUNTIF(D9:L9,0)+1) -> 342 | P9: 대전,세종,충남
A10: 저독성난연케이블(단선) | B10: HFIX, 2.5㎣ (1.78㎜) | C10: M | D10: 513 | F10: 580 | G10: 993 | H10: 859 | I10: 833 | J10: 641 | K10: 1074 | L10: 981 | M10: 1165 | N10: =SMALL(D10:L10,COUNTIF(D10:L10,0)+1) -> 513 | P10: 대전,세종,충남
A11: 저독성난연케이블(단선) | B11: HFIX, 4㎣ (2.25㎜) | C11: M | D11: 781 | F11: 878 | G11: 993 | H11: 1349 | I11: 833 | J11: 980 | K11: 1074 | L11: 1528 | M11: 1165 | N11: =SMALL(D11:L11,COUNTIF(D11:L11,0)+1) -> 781 | P11: 대전,세종,충남
A12: 저독성난연케이블(연선) | B12: HFIX, 1.5㎟ | C12: M | D12: 0 | F12: 0 | H12: 0 | J12: 473 | K12: 1074 | L12: 0 | N12: =SMALL(D12:L12,COUNTIF(D12:L12,0)+1) -> 473 | P12: 대전,세종,충남
A13: 저독성난연케이블(연선) | B13: HFIX, 2.5㎟ | C13: M | D13: 551 | F13: 607 | G13: 993 | H13: 878 | I13: 833 | J13: 729 | K13: 1074 | L13: 999 | M13: 1165 | N13: =SMALL(D13:L13,COUNTIF(D13:L13,0)+1) -> 551 | P13: 대전,세종,충남
A14: 저독성난연케이블(연선) | B14: HFIX, 4㎟ | C14: M | D14: 817 | F14: 899 | G14: 993 | H14: 1446 | I14: 833 | J14: 1129 | K14: 1074 | L14: 1641 | M14: 1165 | N14: =SMALL(D14:L14,COUNTIF(D14:L14,0)+1) -> 817 | P14: 대전,세종,충남
A15: 저독성난연케이블 | B15: HFIX, 6㎟ | C15: M | D15: 1083 | F15: 1284 | G15: 993 | H15: 2069 | I15: 833 | J15: 1548 | K15: 1074 | L15: 2348 | M15: 1165 | N15: =SMALL(D15:L15,COUNTIF(D15:L15,0)+1) -> 1083 | P15: 대전,세종,충남
A16: 저독성난연케이블 | B16: HFIX, 10㎟ | C16: M | D16: 1896 | F16: 2087 | G16: 993 | H16: 3982 | I16: 833 | J16: 2700 | K16: 1074 | L16: 4521 | M16: 1165 | N16: =SMALL(D16:L16,COUNTIF(D16:L16,0)+1) -> 1896 | P16: 대전,세종,충남
A17: 저독성난연케이블 | B17: HFIX, 16㎟ | C17: M | D17: 2697 | F17: 3318 | G17: 993 | H17: 5413 | I17: 833 | J17: 4302 | K17: 1074 | L17: 6146 | M17: 1165 | N17: =SMALL(D17:L17,COUNTIF(D17:L17,0)+1) -> 2697 | P17: 대전,세종,충남
A18: 저독성난연케이블 | B18: HFIX, 25㎟ | C18: M | D18: 4295 | F18: 4983 | G18: 993 | H18: 8450 | I18: 833 | J18: 6664 | K18: 1074 | L18: 9660 | M18: 1165 | N18: =SMALL(D18:L18,COUNTIF(D18:L18,0)+1) -> 4295 | P18: 대전,세종,충남
A19: 저독성난연케이블 | B19: HFIX, 35㎟ | C19: M | D19: 5871 | F19: 6463 | G19: 993 | H19: 11225 | I19: 833 | J19: 9088 | K19: 1074 | L19: 12767 | M19: 1165 | N19: =SMALL(D19:L19,COUNTIF(D19:L19,0)+1) -> 5871 | P19: 대전,세종,충남
A20: 저독성난연케이블 | B20: HFIX, 50㎟ | C20: M | D20: 8150 | F20: 8971 | G20: 993 | H20: 15551 | I20: 833 | J20: 12970 | K20: 1074 | L20: 17746 | M20: 1165 | N20: =SMALL(D20:L20,COUNTIF(D20:L20,0)+1) -> 8150 | P20: 대전,세종,충남
A21: 저독성난연케이블 | B21: HFIX, 70㎟ | C21: M | D21: 11155 | F21: 12293 | G21: 993 | H21: 21095 | I21: 833 | J21: 17587 | K21: 1074 | L21: 23980 | M21: 1165 | N21: =SMALL(D21:L21,COUNTIF(D21:L21,0)+1) -> 11155 | P21: 대전,세종,충남
A22: 저독성난연케이블 | B22: HFIX, 95㎟ | C22: M | D22: 14462 | F22: 16803 | G22: 993 | H22: 28931 | I22: 833 | J22: 24008 | K22: 1074 | L22: 32908 | M22: 1165 | N22: =SMALL(D22:L22,COUNTIF(D22:L22,0)+1) -> 14462 | P22: 대전,세종,충남
A23: 저독성난연케이블 | B23: HFIX, 120㎟ | C23: M | D23: 18358 | F23: 21415 | G23: 993 | H23: 33637 | I23: 833 | J23: 30313 | K23: 1074 | L23: 38328 | M23: 1165 | N23: =SMALL(D23:L23,COUNTIF(D23:L23,0)+1) -> 18358 | P23: 대전,세종,충남
A24: 저독성난연케이블 | B24: HFIX, 150㎟ | C24: M | D24: 22386 | F24: 27811 | G24: 993 | H24: 41044 | I24: 833 | J24: 37180 | K24: 1074 | L24: 46739 | M24: 1165 | N24: =SMALL(D24:L24,COUNTIF(D24:L24,0)+1) -> 22386 | P24: 대전,세종,충남
... A27: 저독성난연케이블 | B27: HFIX, 300㎟ | C27: M | D27: 45457 | F27: 53075 | G27: 993 | H27: 86527 | I27: 833 | J27: 75609 | K27: 1074 | L27: 98750 | M27: 1165 | N27: =SMALL(D27:L27,COUNTIF(D27:L27,0)+1) -> 45457 | P27: 대전,세종,충남
A28: 저독성난연케이블 | B28: HFIX, 400㎟ | C28: M | D28: 56452 | F28: 68451 | G28: 993 | H28: 0 | J28: 0 | L28: 123013 | M28: 1165 | N28: =SMALL(D28:L28,COUNTIF(D28:L28,0)+1) -> 56452 | P28: 대전,세종,충남
A29: 600V폴리에틸렌케이블 | B29: F-CV, 1.5㎟ -1C | C29: M | D29: 442 | F29: 591 | G29: 993 | H29: 577 | I29: 834 | J29: 0 | L29: 586 | M29: 1168 | N29: =SMALL(D29:L29,COUNTIF(D29:L29,0)+1) -> 442 | P29: 대전,세종,충남
A30: 600V폴리에틸렌케이블 | B30: F-CV, 2.5㎟ -1C | C30: M | D30: 616 | F30: 965 | G30: 993 | H30: 798 | I30: 834 | J30: 1243 | K30: 1075 | L30: 816 | M30: 1168 | N30: =SMALL(D30:L30,COUNTIF(D30:L30,0)+1) -> 616 | P30: 대전,세종,충남
A31: 600V폴리에틸렌케이블 | B31: F-CV, 4㎟ -1C | C31: M | D31: 871 | F31: 1340 | G31: 993 | H31: 1127 | I31: 834 | J31: 1601 | K31: 1075 | L31: 1154 | M31: 1168 | N31: =SMALL(D31:L31,COUNTIF(D31:L31,0)+1) -> 871 | P31: 대전,세종,충남
A32: 600V폴리에틸렌케이블 | B32: F-CV, 6㎟ -1C | C32: M | D32: 1260 | F32: 1582 | G32: 993 | H32: 1650 | I32: 834 | J32: 2020 | K32: 1075 | L32: 1691 | M32: 1168 | N32: =SMALL(D32:L32,COUNTIF(D32:L32,0)+1) -> 1260 | P32: 대전,세종,충남
A33: 600V폴리에틸렌케이블 | B33: F-CV, 10㎟ -1C | C33: M | D33: 1983 | F33: 2643 | G33: 993 | H33: 2550 | I33: 834 | J33: 3169 | K33: 1075 | L33: 2625 | M33: 1168 | N33: =SMALL(D33:L33,COUNTIF(D33:L33,0)+1) -> 1983 | P33: 대전,세종,충남
A34: 600V폴리에틸렌케이블 | B34: F-CV, 16㎟ -1C | C34: M | D34: 3156 | F34: 4018 | G34: 993 | H34: 4002 | I34: 834 | J34: 4562 | K34: 1075 | L34: 4179 | M34: 1168 | N34: =SMALL(D34:L34,COUNTIF(D34:L34,0)+1) -> 3156 | P34: 대전,세종,충남
A35: 600V폴리에틸렌케이블 | B35: F-CV, 25㎟ -1C | C35: M | D35: 4767 | F35: 6068 | G35: 993 | H35: 6105 | I35: 834 | J35: 7259 | K35: 1075 | L35: 6311 | M35: 1168 | N35: =SMALL(D35:L35,COUNTIF(D35:L35,0)+1) -> 4767 | P35: 대전,세종,충남
A36: 600V폴리에틸렌케이블 | B36: F-CV, 35㎟ -1C | C36: M | D36: 6418 | F36: 8281 | G36: 993 | H36: 8608 | I36: 834 | J36: 9820 | K36: 1075 | L36: 8613 | M36: 1168 | N36: =SMALL(D36:L36,COUNTIF(D36:L36,0)+1) -> 6418 | P36: 대전,세종,충남
A37: 600V폴리에틸렌케이블 | B37: F-CV, 50㎟ -1C | C37: M | D37: 8697 | F37: 11069 | G37: 993 | H37: 11639 | I37: 834 | J37: 12871 | K37: 1075 | L37: 11513 | M37: 1168 | N37: =SMALL(D37:L37,COUNTIF(D37:L37,0)+1) -> 8697 | P37: 대전,세종,충남
A38: 600V폴리에틸렌케이블 | B38: F-CV, 70㎟ -1C | C38: M | D38: 12127 | F38: 15435 | G38: 993 | H38: 15657 | I38: 834 | J38: 18545 | K38: 1075 | L38: 16055 | M38: 1168 | N38: =SMALL(D38:L38,COUNTIF(D38:L38,0)+1) -> 12127 | P38: 대전,세종,충남
A39: 600V폴리에틸렌케이블 | B39: F-CV, 95㎟ -1C | C39: M | D39: 16587 | F39: 19426 | G39: 993 | H39: 22022 | I39: 834 | J39: 25149 | K39: 1075 | L39: 22209 | M39: 1168 | N39: =SMALL(D39:L39,COUNTIF(D39:L39,0)+1) -> 16587 | P39: 대전,세종,충남
A40: 600V폴리에틸렌케이블 | B40: F-CV, 120㎟ -1C | C40: M | D40: 20765 | F40: 24045 | G40: 993 | H40: 27005 | I40: 834 | J40: 31357 | K40: 1075 | L40: 27490 | M40: 1168 | N40: =SMALL(D40:L40,COUNTIF(D40:L40,0)+1) -> 20765 | P40: 대전,세종,충남
A41: 600V폴리에틸렌케이블 | B41: F-CV, 150㎟ -1C | C41: M | D41: 25591 | F41: 29633 | G41: 993 | H41: 32826 | I41: 834 | J41: 38748 | K41: 1075 | L41: 33878 | M41: 1168 | N41: =SMALL(D41:L41,COUNTIF(D41:L41,0)+1) -> 25591 | P41: 대전,세종,충남
... A45: 600V폴리에틸렌케이블 | B45: F-CV, 400㎟ -1C | C45: M | D45: 68894 | F45: 83974 | G45: 993 | H45: 93604 | I45: 834 | J45: 97651 | K45: 1075 | L45: 96002 | M45: 1168 | N45: =SMALL(D45:L45,COUNTIF(D45:L45,0)+1) -> 68894 | P45: 대전,세종,충남
A46: 600V폴리에틸렌케이블 | B46: F-CV, 500㎟ -1C | C46: M | D46: 89806 | F46: 103993 | G46: 993 | H46: 116172 | I46: 834 | J46: 0 | L46: 118889 | M46: 1168 | N46: =SMALL(D46:L46,COUNTIF(D46:L46,0)+1) -> 89806 | P46: 대전,세종,충남
A47: 600V폴리에틸렌케이블 | B47: F-CV, 630㎟ -1C | C47: M | D47: 114494 | F47: 132581 | G47: 993 | H47: 150487 | I47: 834 | J47: 0 | L47: 151572 | M47: 1168 | N47: =SMALL(D47:L47,COUNTIF(D47:L47,0)+1) -> 114494 | P47: 대전,세종,충남
A48: 600V폴리에틸렌케이블 | B48: F-CV, 1.5㎟ -2C | C48: M | D48: 1141 | F48: 1522 | G48: 993 | H48: 1473 | I48: 834 | J48: 1766 | K48: 1075 | L48: 1512 | M48: 1168 | N48: =SMALL(D48:L48,COUNTIF(D48:L48,0)+1) -> 1141 | P48: 대전,세종,충남
A49: 600V폴리에틸렌케이블 | B49: F-CV, 2.5㎟ -2C | C49: M | D49: 1501 | F49: 2002 | G49: 993 | H49: 1940 | I49: 834 | J49: 2333 | K49: 1075 | L49: 1989 | M49: 1168 | N49: =SMALL(D49:L49,COUNTIF(D49:L49,0)+1) -> 1501 | P49: 대전,세종,충남
A50: 600V폴리에틸렌케이블 | B50: F-CV, 4㎟ -2C | C50: M | D50: 2087 | F50: 2783 | G50: 993 | H50: 2682 | I50: 834 | J50: 3169 | K50: 1075 | L50: 2763 | M50: 1168 | N50: =SMALL(D50:L50,COUNTIF(D50:L50,0)+1) -> 2087 | P50: 대전,세종,충남
A51: 600V폴리에틸렌케이블 | B51: F-CV, 6㎟ -2C | C51: M | D51: 2820 | F51: 3764 | G51: 993 | H51: 3639 | I51: 834 | J51: 4264 | K51: 1075 | L51: 3738 | M51: 1168 | N51: =SMALL(D51:L51,COUNTIF(D51:L51,0)+1) -> 2820 | P51: 대전,세종,충남
A52: 600V폴리에틸렌케이블 | B52: F-CV, 10㎟ -2C | C52: M | D52: 4172 | F52: 5727 | G52: 993 | H52: 5533 | I52: 834 | J52: 6655 | K52: 1075 | L52: 5687 | M52: 1168 | N52: =SMALL(D52:L52,COUNTIF(D52:L52,0)+1) -> 4172 | P52: 대전,세종,충남
A53: 600V폴리에틸렌케이블 | B53: F-CV, 16㎟ -2C | C53: M | D53: 6702 | F53: 8548 | G53: 993 | H53: 8463 | I53: 834 | J53: 9628 | K53: 1075 | L53: 8890 | M53: 1168 | N53: =SMALL(D53:L53,COUNTIF(D53:L53,0)+1) -> 6702 | P53: 대전,세종,충남
A54: 600V폴리에틸렌케이블 | B54: F-CV, 25㎟ -2C | C54: M | D54: 10275 | F54: 13078 | G54: 993 | H54: 13138 | I54: 834 | J54: 14960 | K54: 1075 | L54: 13603 | M54: 1168 | N54: =SMALL(D54:L54,COUNTIF(D54:L54,0)+1) -> 10275 | P54: 대전,세종,충남
A55: 600V폴리에틸렌케이블 | B55: F-CV, 35㎟ -2C | C55: M | D55: 13635 | F55: 17362 | G55: 993 | H55: 18137 | I55: 834 | J55: 20351 | K55: 1075 | L55: 18058 | M55: 1168 | N55: =SMALL(D55:L55,COUNTIF(D55:L55,0)+1) -> 13635 | P55: 대전,세종,충남
A56: 600V폴리에틸렌케이블 | B56: F-CV, 50㎟ -2C | C56: M | D56: 18640 | F56: 23963 | G56: 993 | H56: 24487 | I56: 834 | J56: 30513 | K56: 1075 | L56: 24923 | M56: 1168 | N56: =SMALL(D56:L56,COUNTIF(D56:L56,0)+1) -> 18640 | P56: 대전,세종,충남
A57: 600V폴리에틸렌케이블 | B57: F-CV, 70㎟ -2C | C57: M | D57: 25736 | F57: 33146 | G57: 993 | H57: 33556 | I57: 834 | J57: 38495 | K57: 1075 | L57: 34475 | M57: 1168 | N57: =SMALL(D57:L57,COUNTIF(D57:L57,0)+1) -> 25736 | P57: 대전,세종,충남
A58: 600V폴리에틸렌케이블 | B58: F-CV, 95㎟ -2C | C58: M | D58: 36375 | F58: 42122 | G58: 993 | H58: 47196 | I58: 834 | J58: 52359 | K58: 1075 | L58: 48155 | M58: 1168 | N58: =SMALL(D58:L58,COUNTIF(D58:L58,0)+1) -> 36375 | P58: 대전,세종,충남
A59: 600V폴리에틸렌케이블 | B59: F-CV, 120㎟ -2C | C59: M | D59: 45043 | F59: 52158 | G59: 993 | H59: 59012 | I59: 834 | J59: 65406 | K59: 1075 | L59: 59629 | M59: 1168 | N59: =SMALL(D59:L59,COUNTIF(D59:L59,0)+1) -> 45043 | P59: 대전,세종,충남
... A109: 접지용비닐절연전선 | B109: F-GV, 240㎟ | C109: M | D109: 34462 | F109: 44474 | G109: 994 | H109: 52157 | I109: 833 | J109: 59454 | K109: 1075 | L109: 67865 | M109: 1165 | N109: =SMALL(D109:L109,COUNTIF(D109:L109,0)+1) -> 34462 | P109: 대전,세종,충남
A110: 접지용비닐절연전선 | B110: F-GV, 300㎟ | C110: M | D110: 42329 | F110: 55565 | G110: 994 | H110: 64599 | I110: 833 | J110: 74385 | K110: 1075 | L110: 0 | N110: =SMALL(D110:L110,COUNTIF(D110:L110,0)+1) -> 42329
A111: 접지용비닐절연전선 | B111: F-GV, 400㎟ | C111: M | D111: 0 | F111: 78940 | G111: 994 | H111: 0 | I111: 833 | J111: 105357 | K111: 1075 | L111: 0 | N111: =SMALL(D111:L111,COUNTIF(D111:L111,0)+1) -> 78940
A112: 전기기기용비닐절연전선 | B112: KIV, 1.5㎟ | C112: M | D112: 192 | F112: 327 | G112: 994 | H112: 452 | I112: 836 | J112: 397 | K112: 1075 | L112: 478 | M112: 1167 | N112: =SMALL(D112:L112,COUNTIF(D112:L112,0)+1) -> 192
A113: 전기기기용비닐절연전선 | B113: KIV, 2.5㎟ | C113: M | D113: 333 | F113: 524 | G113: 994 | H113: 739 | I113: 836 | J113: 644 | K113: 1075 | L113: 765 | M113: 1167 | N113: =SMALL(D113:L113,COUNTIF(D113:L113,0)+1) -> 333
A114: 전기기기용비닐절연전선 | B114: KIV, 4㎟ | C114: M | D114: 535 | F114: 810 | G114: 994 | H114: 1168 | I114: 836 | J114: 1008 | K114: 1075 | L114: 1183 | M114: 1167 | N114: =SMALL(D114:L114,COUNTIF(D114:L114,0)+1) -> 535
A115: 전기기기용비닐절연전선 | B115: KIV, 6㎟ | C115: M | D115: 799 | F115: 1208 | G115: 994 | H115: 1727 | I115: 836 | J115: 1488 | K115: 1075 | L115: 1753 | M115: 1167 | N115: =SMALL(D115:L115,COUNTIF(D115:L115,0)+1) -> 799
A116: 전기기기용비닐절연전선 | B116: KIV, 10㎟ | C116: M | D116: 1351 | F116: 2051 | G116: 994 | H116: 2932 | I116: 836 | J116: 2614 | K116: 1075 | L116: 2964 | M116: 1167 | N116: =SMALL(D116:L116,COUNTIF(D116:L116,0)+1) -> 1351
A117: 전기기기용비닐절연전선 | B117: KIV, 16㎟ | C117: M | D117: 2121 | F117: 3206 | G117: 994 | H117: 4586 | I117: 836 | J117: 4128 | K117: 1075 | L117: 4611 | M117: 1167 | N117: =SMALL(D117:L117,COUNTIF(D117:L117,0)+1) -> 2121
A118: 전기기기용비닐절연전선 | B118: KIV, 25㎟ | C118: M | D118: 3232 | F118: 5528 | G118: 994 | H118: 7129 | I118: 836 | J118: 6374 | K118: 1075 | L118: 7170 | M118: 1167 | N118: =SMALL(D118:L118,COUNTIF(D118:L118,0)+1) -> 3232
A119: 전기기기용비닐절연전선 | B119: KIV, 35㎟ | C119: M | D119: 4631 | F119: 6983 | G119: 994 | H119: 10008 | I119: 836 | J119: 8948 | K119: 1075 | L119: 10043 | M119: 1167 | N119: =SMALL(D119:L119,COUNTIF(D119:L119,0)+1) -> 4631
A120: 전기기기용비닐절연전선 | B120: KIV, 50㎟ | C120: M | D120: 6558 | F120: 9936 | G120: 994 | H120: 14989 | I120: 836 | J120: 13205 | K120: 1075 | L120: 14267 | M120: 1167 | N120: =SMALL(D120:L120,COUNTIF(D120:L120,0)+1) -> 6558
A121: 전기기기용비닐절연전선 | B121: KIV, 70㎟ | C121: M | D121: 9009 | F121: 13874 | G121: 994 | H121: 20924 | I121: 836 | J121: 18938 | K121: 1075 | L121: 19892 | M121: 1167 | N121: =SMALL(D121:L121,COUNTIF(D121:L121,0)+1) -> 9009
A122: 전기기기용비닐절연전선 | B122: KIV, 95㎟ | C122: M | D122: 12399 | F122: 19874 | G122: 994 | H122: 30014 | I122: 836 | J122: 25147 | K122: 1075 | L122: 28727 | M122: 1167 | N122: =SMALL(D122:L122,COUNTIF(D122:L122,0)+1) -> 12399
A123: 전기기기용비닐절연전선 | B123: KIV, 120㎟ | C123: M | D123: 16748 | F123: 26419 | G123: 994 | H123: 38111 | I123: 836 | J123: 33913 | K123: 1075 | L123: 36452 | M123: 1167 | N123: =SMALL(D123:L123,COUNTIF(D123:L123,0)+1) -> 16748
... A126: 전기기기용비닐절연전선 | B126: KIV, 240㎟ | C126: M | D126: 34531 | F126: 52224 | G126: 994 | H126: 77829 | I126: 836 | J126: 67823 | K126: 1075 | L126: 74112 | M126: 1167 | N126: =SMALL(D126:L126,COUNTIF(D126:L126,0)+1) -> 34531
A127: 600V비닐절연비닐캡타이어케이블 | B127: VCT, 1.0㎟ - 2C | C127: M | D127: 0 | F127: 983 | G127: 994 | H127: 1161 | I127: 836 | J127: 0 | L127: 994 | M127: 1179 | N127: =SMALL(D127:L127,COUNTIF(D127:L127,0)+1) -> 983
A128: 600V비닐절연비닐캡타이어케이블 | B128: VCT, 1.5㎟ - 2C | C128: M | D128: 0 | F128: 1246 | G128: 994 | H128: 1470 | I128: 836 | J128: 0 | L128: 1332 | M128: 1179 | N128: =SMALL(D128:L128,COUNTIF(D128:L128,0)+1) -> 1246
A129: 600V비닐절연비닐캡타이어케이블 | B129: VCT, 2.5㎟ - 2C | C129: M | D129: 0 | F129: 1825 | G129: 994 | H129: 2154 | I129: 836 | J129: 0 | L129: 1928 | M129: 1179 | N129: =SMALL(D129:L129,COUNTIF(D129:L129,0)+1) -> 1825
A130: 600V비닐절연비닐캡타이어케이블 | B130: VCT, 4㎟ - 2C | C130: M | D130: 0 | F130: 2665 | G130: 994 | H130: 3147 | I130: 836 | J130: 0 | L130: 3206 | M130: 1179 | N130: =SMALL(D130:L130,COUNTIF(D130:L130,0)+1) -> 2665
A131: 600V비닐절연비닐캡타이어케이블 | B131: VCT, 1.0㎟ - 3C | C131: M | D131: 0 | F131: 1262 | G131: 994 | H131: 1492 | I131: 836 | J131: 0 | L131: 1304 | M131: 1179 | N131: =SMALL(D131:L131,COUNTIF(D131:L131,0)+1) -> 1262
A132: 600V비닐절연비닐캡타이어케이블 | B132: VCT, 1.5㎟ - 3C | C132: M | D132: 0 | F132: 1613 | G132: 994 | H132: 1906 | I132: 836 | J132: 0 | L132: 1779 | M132: 1179 | N132: =SMALL(D132:L132,COUNTIF(D132:L132,0)+1) -> 1613
A133: 600V비닐절연비닐캡타이어케이블 | B133: VCT, 2.5㎟ - 3C | C133: M | D133: 0 | F133: 2474 | G133: 994 | H133: 2922 | I133: 836 | J133: 0 | L133: 2671 | M133: 1179 | N133: =SMALL(D133:L133,COUNTIF(D133:L133,0)+1) -> 2474
A134: 600V비닐절연비닐캡타이어케이블 | B134: VCT, 4㎟ - 3C | C134: M | D134: 0 | F134: 3665 | G134: 994 | H134: 4328 | I134: 836 | J134: 0 | L134: 4180 | M134: 1179 | N134: =SMALL(D134:L134,COUNTIF(D134:L134,0)+1) -> 3665
A135: 600V비닐절연비닐캡타이어케이블 | B135: VCT, 1.0㎟ - 4C | C135: M | D135: 0 | F135: 1595 | G135: 994 | H135: 1885 | I135: 836 | J135: 0 | L135: 1646 | M135: 1179 | N135: =SMALL(D135:L135,COUNTIF(D135:L135,0)+1) -> 1595
A136: 600V비닐절연비닐캡타이어케이블 | B136: VCT, 1.5㎟ - 4C | C136: M | D136: 0 | F136: 2052 | G136: 994 | H136: 2423 | I136: 836 | J136: 0 | L136: 2273 | M136: 1179 | N136: =SMALL(D136:L136,COUNTIF(D136:L136,0)+1) -> 2052
A137: 600V비닐절연비닐캡타이어케이블 | B137: VCT, 2.5㎟ - 4C | C137: M | D137: 0 | F137: 3158 | G137: 994 | H137: 3728 | I137: 836 | J137: 0 | L137: 3466 | M137: 1179 | N137: =SMALL(D137:L137,COUNTIF(D137:L137,0)+1) -> 3158
A138: 600V비닐절연비닐캡타이어케이블 | B138: VCT, 4㎟ - 4C | C138: M | D138: 0 | F138: 4770 | G138: 994 | H138: 5634 | I138: 836 | J138: 0 | L138: 5418 | M138: 1179 | N138: =SMALL(D138:L138,COUNTIF(D138:L138,0)+1) -> 4770
A139: 600V비닐절연비닐캡타이어케이블 | B139: VCT, 1.0㎟ - 5C | C139: M | D139: 0 | F139: 1858 | G139: 994 | H139: 2160 | I139: 836 | J139: 1727 | K139: 1080 | L139: 0 | N139: =SMALL(D139:L139,COUNTIF(D139:L139,0)+1) -> 1727
A140: 600V비닐절연비닐캡타이어케이블 | B140: VCT, 1.5㎟ - 5C | C140: M | D140: 0 | F140: 2439 | G140: 994 | H140: 2831 | I140: 836 | J140: 2271 | K140: 1080 | L140: 0 | N140: =SMALL(D140:L140,COUNTIF(D140:L140,0)+1) -> 2271
A141: 600V비닐절연비닐캡타이어케이블 | B141: VCT, 2.5㎟ - 5C | C141: M | D141: 0 | F141: 3754 | G141: 994 | H141: 4299 | I141: 836 | J141: 3466 | K141: 1080 | L141: 0 | N141: =SMALL(D141:L141,COUNTIF(D141:L141,0)+1) -> 3466
A142: 600V비닐절연비닐캡타이어케이블 | B142: VCT, 4㎟ - 5C | C142: M | D142: 0 | F142: 5858 | G142: 994 | H142: 6711 | I142: 836 | J142: 0 | L142: 0 | N142: =SMALL(D142:L142,COUNTIF(D142:L142,0)+1) -> 5858
A143: 소방용내화전선 | B143: F-FR-8, 1.5㎟ -1C | C143: M | D143: 1041 | F143: 1756 | G143: 998 | H143: 1488 | I143: 837 | J143: 1974 | K143: 1077 | L143: 2106 | M143: 1172 | N143: =SMALL(D143:L143,COUNTIF(D143:L143,0)+1) -> 1041
A144: 소방용내화전선 | B144: F-FR-8, 2.5㎟ -1C | C144: M | D144: 1212 | F144: 2376 | G144: 998 | H144: 1750 | I144: 837 | J144: 2704 | K144: 1077 | L144: 2897 | M144: 1172 | N144: =SMALL(D144:L144,COUNTIF(D144:L144,0)+1) -> 1212
A145: 소방용내화전선 | B145: F-FR-8, 4㎟ -1C | C145: M | D145: 1545 | F145: 2789 | G145: 998 | H145: 2245 | I145: 837 | J145: 3150 | K145: 1077 | L145: 3365 | M145: 1172 | N145: =SMALL(D145:L145,COUNTIF(D145:L145,0)+1) -> 1545
A146: 소방용내화전선 | B146: F-FR-8, 6㎟ -1C | C146: M | D146: 1794 | F146: 3099 | G146: 998 | H146: 2609 | I146: 837 | J146: 3505 | K146: 1077 | L146: 3743 | M146: 1172 | N146: =SMALL(D146:L146,COUNTIF(D146:L146,0)+1) -> 1794
A147: 소방용내화전선 | B147: F-FR-8, 10㎟ -1C | C147: M | D147: 2708 | F147: 4442 | G147: 998 | H147: 3767 | I147: 837 | J147: 5085 | K147: 1077 | L147: 5453 | M147: 1172 | N147: =SMALL(D147:L147,COUNTIF(D147:L147,0)+1) -> 2708
A148: 소방용내화전선 | B148: F-FR-8, 16㎟ -1C | C148: M | D148: 3251 | F148: 6301 | G148: 998 | H148: 4532 | I148: 837 | J148: 6971 | K148: 1077 | L148: 7470 | M148: 1172 | N148: =SMALL(D148:L148,COUNTIF(D148:L148,0)+1) -> 3251
A149: 소방용내화전선 | B149: F-FR-8, 25㎟ -1C | C149: M | D149: 4964 | F149: 8987 | G149: 998 | H149: 6905 | I149: 837 | J149: 10126 | K149: 1077 | L149: 10852 | M149: 1172 | N149: =SMALL(D149:L149,COUNTIF(D149:L149,0)+1) -> 4964
A150: 소방용내화전선 | B150: F-FR-8, 35㎟ -1C | C150: M | D150: 6999 | F150: 11776 | G150: 998 | H150: 9743 | I150: 837 | J150: 13183 | K150: 1077 | L150: 14129 | M150: 1172 | N150: =SMALL(D150:L150,COUNTIF(D150:L150,0)+1) -> 6999
A151: 소방용내화전선 | B151: F-FR-8, 50㎟ -1C | C151: M | D151: 9452 | F151: 14565 | G151: 998 | H151: 13149 | I151: 837 | J151: 16324 | K151: 1077 | L151: 17511 | M151: 1172 | N151: =SMALL(D151:L151,COUNTIF(D151:L151,0)+1) -> 9452
A152: 소방용내화전선 | B152: F-FR-8, 70㎟ -1C | C152: M | D152: 13415 | F152: 28858 | G152: 998 | H152: 18632 | I152: 837 | J152: 22276 | K152: 1077 | L152: 23892 | M152: 1172 | N152: =SMALL(D152:L152,COUNTIF(D152:L152,0)+1) -> 13415
A153: 소방용내화전선 | B153: F-FR-8, 95㎟ -1C | C153: M | D153: 17290 | F153: 39078 | G153: 998 | H153: 23115 | I153: 837 | J153: 30049 | K153: 1077 | L153: 32233 | M153: 1172 | N153: =SMALL(D153:L153,COUNTIF(D153:L153,0)+1) -> 17290
A154: 소방용내화전선 | B154: F-FR-8, 120㎟ -1C | C154: M | D154: 20273 | F154: 46593 | G154: 998 | H154: 28346 | I154: 837 | J154: 36919 | K154: 1077 | L154: 39612 | M154: 1172 | N154: =SMALL(D154:L154,COUNTIF(D154:L154,0)+1) -> 20273
... A235: 내열전선 | B235: F-FR-3, 2.5㎟-30C | C235: M | D235: 14309 | F235: 16420 | G235: 998 | H235: 21211 | I235: 837 | J235: 29647 | K235: 1077 | L235: 23936 | M235: 1172 | N235: =SMALL(D235:L235,COUNTIF(D235:L235,0)+1) -> 14309
A236: 제어케이블 | B236: F-CVV, 1.5㎟ - 2C | C236: M | D236: 1355 | F236: 1669 | G236: 995 | H236: 2301 | I236: 834 | J236: 2055 | K236: 1076 | L236: 0 | N236: =SMALL(D236:L236,COUNTIF(D236:L236,0)+1) -> 1355
...

Sheet 6.배관
A1: 단 가 대 비 표
A2: 2026년 상반기 충남교육청 건설공사 일위대가(전기, 통신, 전기소방)
A3: 품 명 | B3: 규 격 | C3: 단위 | D3: 재 료 비 | O3: 번 호 | P3: 비 고
D4: 조달청가격 | E4: PAGE | F4: 거래가격 | G4: PAGE | H4: 유통물가 | I4: PAGE | J4: 물가자료 | K4: PAGE | L4: 물가정보 | M4: PAGE | N4: 적용단가
A5: 강제전선관(아연도) | B5: ST, 16Φ | C5: M | D5: 2380 | F5: 2830 | G5: 1029 | H5: 3373 | I5: 864 | J5: 2930 | K5: 1101 | L5: 3340 | M5: 1201 | N5: =SMALL(D5:L5,COUNTIF(D5:L5,0)+1) -> 2380 | P5: 대전,세종,충남
A6: 강제전선관(아연도) | B6: ST, 22Φ | C6: M | D6: 3085 | F6: 3660 | G6: 1029 | H6: 4373 | I6: 864 | J6: 3810 | K6: 1101 | L6: 4330 | M6: 1201 | N6: =SMALL(D6:L6,COUNTIF(D6:L6,0)+1) -> 3085 | P6: 대전,세종,충남
A7: 강제전선관(아연도) | B7: ST, 28Φ | C7: M | D7: 4012 | F7: 4770 | G7: 1029 | H7: 5717 | I7: 864 | J7: 4970 | K7: 1101 | L7: 5660 | M7: 1201 | N7: =SMALL(D7:L7,COUNTIF(D7:L7,0)+1) -> 4012 | P7: 대전,세종,충남
A8: 강제전선관(아연도) | B8: ST, 36Φ | C8: M | D8: 5134 | F8: 6100 | G8: 1029 | H8: 7323 | I8: 864 | J8: 6290 | K8: 1101 | L8: 7250 | M8: 1201 | N8: =SMALL(D8:L8,COUNTIF(D8:L8,0)+1) -> 5134 | P8: 대전,세종,충남
A9: 강제전선관(아연도) | B9: ST, 42Φ | C9: M | D9: 5899 | F9: 7010 | G9: 1029 | H9: 8413 | I9: 864 | J9: 7190 | K9: 1101 | L9: 8330 | M9: 1201 | N9: =SMALL(D9:L9,COUNTIF(D9:L9,0)+1) -> 5899 | P9: 대전,세종,충남
A10: 강제전선관(아연도) | B10: ST, 54Φ | C10: M | D10: 8998 | F10: 9850 | G10: 1029 | H10: 11827 | I10: 864 | J10: 10200 | K10: 1101 | L10: 11710 | M10: 1201 | N10: =SMALL(D10:L10,COUNTIF(D10:L10,0)+1) -> 8998 | P10: 대전,세종,충남
A11: 강제전선관(아연도) | B11: ST, 70Φ | C11: M | D11: 10574 | F11: 12440 | G11: 1029 | H11: 15079 | I11: 864 | J11: 12880 | K11: 1101 | L11: 14930 | M11: 1201 | N11: =SMALL(D11:L11,COUNTIF(D11:L11,0)+1) -> 10574 | P11: 대전,세종,충남
A12: 강제전선관(아연도) | B12: ST, 82Φ | C12: M | D12: 12166 | F12: 14450 | G12: 1029 | H12: 17372 | I12: 864 | J12: 14850 | K12: 1101 | L12: 17200 | M12: 1201 | N12: =SMALL(D12:L12,COUNTIF(D12:L12,0)+1) -> 12166 | P12: 대전,세종,충남
A13: 강제전선관(아연도) | B13: ST, 104Φ | C13: M | D13: 19626 | F13: 23320 | G13: 1029 | H13: 28048 | I13: 864 | J13: 24310 | K13: 1101 | L13: 27770 | M13: 1201 | N13: =SMALL(D13:L13,COUNTIF(D13:L13,0)+1) -> 19626 | P13: 대전,세종,충남
A14: 경질비닐전선관 | B14: HI, 16Φ | C14: M | D14: 294 | F14: 332 | G14: 1024 | H14: 440 | I14: 861 | J14: 400 | K14: 1107 | L14: 440 | M14: 1203 | N14: =SMALL(D14:L14,COUNTIF(D14:L14,0)+1) -> 294 | P14: 대전,세종,충남
A15: 경질비닐전선관 | B15: HI, 22Φ | C15: M | D15: 350 | F15: 400 | G15: 1024 | H15: 528 | I15: 861 | J15: 480 | K15: 1107 | L15: 528 | M15: 1203 | N15: =SMALL(D15:L15,COUNTIF(D15:L15,0)+1) -> 350 | P15: 대전,세종,충남
A16: 경질비닐전선관 | B16: HI, 28Φ | C16: M | D16: 700 | F16: 774 | G16: 1024 | H16: 1021 | I16: 861 | J16: 930 | K16: 1107 | L16: 1021 | M16: 1203 | N16: =SMALL(D16:L16,COUNTIF(D16:L16,0)+1) -> 700 | P16: 대전,세종,충남
... A22: 경질비닐전선관 | B22: HI, 100Φ | C22: M | D22: 4108 | F22: 4834 | G22: 1024 | H22: 5912 | I22: 861 | J22: 6030 | K22: 1107 | L22: 5912 | M22: 1203 | N22: =SMALL(D22:L22,COUNTIF(D22:L22,0)+1) -> 4108 | P22: 대전,세종,충남
A23: 합성수지제가요전선관(일반) | B23: CD 하이렉스, 16Φ | C23: M | D23: 170 | F23: 267 | G23: 1025 | H23: 267 | I23: 860 | J23: 160 | K23: 1104 | L23: 0 | N23: =SMALL(D23:L23,COUNTIF(D23:L23,0)+1) -> 160 | P23: 콘크리트매입용
A24: 합성수지제가요전선관(일반) | B24: CD 하이렉스, 22Φ | C24: M | D24: 255 | F24: 373 | G24: 1025 | H24: 373 | I24: 860 | J24: 240 | K24: 1104 | L24: 0 | N24: =SMALL(D24:L24,COUNTIF(D24:L24,0)+1) -> 240 | P24: 콘크리트매입용
A25: 합성수지제가요전선관(일반) | B25: CD 하이렉스, 28Φ | C25: M | D25: 348 | F25: 549 | G25: 1025 | H25: 549 | I25: 860 | J25: 330 | K25: 1104 | L25: 0 | N25: =SMALL(D25:L25,COUNTIF(D25:L25,0)+1) -> 330 | P25: 콘크리트매입용
A26: 나사없는전선관(1본=3.6M) | B26: E19 (19.1Ø)(내경:16.7) | C26: M | D26: 1870 | F26: 7920 | G26: 1029 | H26: 2547 | I26: 863 | J26: 2547 | K26: 1102 | L26: 2547 | M26: 1201 | N26: =SMALL(D26:L26,COUNTIF(D26:L26,0)+1) -> 1870
A27: 나사없는전선관(1본=3.6M) | B27: E25 (25.4Ø)(내경:23.0) | C27: M | D27: 2725 | F27: 10330 | G27: 1029 | H27: 3354 | I27: 863 | J27: 3354 | K27: 1102 | L27: 3354 | M27: 1201 | N27: =SMALL(D27:L27,COUNTIF(D27:L27,0)+1) -> 2725
A28: 나사없는전선관(1본=3.6M) | B28: E31 (31.8Ø)(내경:29) | C28: M | D28: 3694 | F28: 14000 | G28: 1029 | H28: 4696 | I28: 863 | J28: 4696 | K28: 1102 | L28: 4696 | M28: 1201 | N28: =SMALL(D28:L28,COUNTIF(D28:L28,0)+1) -> 3694
A29: 나사없는전선관(1본=3.6M) | B29: E39 (38.1Ø)(내경:35.3) | C29: M | D29: 4390 | F29: 16640 | G29: 1029 | H29: 5840 | I29: 863 | J29: 5840 | K29: 1102 | L29: 5840 | M29: 1201 | N29: =SMALL(D29:L29,COUNTIF(D29:L29,0)+1) -> 4390
A30: 나사없는전선관(1본=3.6M) | B30: E51 (50.8Ø)(내경:48) | C30: M | D30: 5832 | F30: 22100 | G30: 1029 | H30: 7784 | I30: 863 | J30: 7784 | K30: 1102 | L30: 7784 | M30: 1201 | N30: =SMALL(D30:L30,COUNTIF(D30:L30,0)+1) -> 5832
A31: 나사없는전선관(1본=3.6M) | B31: E63 (63.5Ø)(내경:60.3) | C31: M | D31: 8082 | F31: 30630 | G31: 1029 | H31: 11138 | I31: 863 | J31: 11138 | K31: 1102 | L31: 11138 | M31: 1201 | N31: =SMALL(D31:L31,COUNTIF(D31:L31,0)+1) -> 8082
A32: 나사없는전선관(1본=3.6M) | B32: E75 (76.2Ø)(내경:72.6) | C32: M | D32: 10708 | F32: 40580 | G32: 1029 | H32: 14049 | I32: 863 | J32: 14049 | K32: 1102 | L32: 14049 | M32: 1201 | N32: =SMALL(D32:L32,COUNTIF(D32:L32,0)+1) -> 10708
A33: 파상형경질폴리에틸렌전선관 | B33: ELP, 30Φ | C33: M | D33: 342 | F33: 391 | G33: 1025 | H33: 480 | I33: 861 | J33: 360 | K33: 1106 | L33: 482 | M33: 1203 | N33: =SMALL(D33:L33,COUNTIF(D33:L33,0)+1) -> 342 | P33: 대전,세종,충남
A34: 파상형경질폴리에틸렌전선관 | B34: ELP, 40Φ | C34: M | D34: 522 | F34: 563 | G34: 1025 | H34: 607 | I34: 861 | J34: 550 | K34: 1106 | L34: 610 | M34: 1203 | N34: =SMALL(D34:L34,COUNTIF(D34:L34,0)+1) -> 522 | P34: 대전,세종,충남
A35: 파상형경질폴리에틸렌전선관 | B35: ELP, 50Φ | C35: M | D35: 680 | F35: 750 | G35: 1025 | H35: 860 | I35: 861 | J35: 730 | K35: 1106 | L35: 864 | M35: 1203 | N35: =SMALL(D35:L35,COUNTIF(D35:L35,0)+1) -> 680 | P35: 대전,세종,충남
A36: 파상형경질폴리에틸렌전선관 | B36: ELP, 65Φ | C36: M | D36: 990 | F36: 1250 | G36: 1025 | H36: 1239 | I36: 861 | J36: 1090 | K36: 1106 | L36: 1245 | M36: 1203 | N36: =SMALL(D36:L36,COUNTIF(D36:L36,0)+1) -> 990 | P36: 대전,세종,충남
A37: 파상형경질폴리에틸렌전선관 | B37: ELP, 80Φ | C37: M | D37: 1357 | F37: 1719 | G37: 1025 | H37: 1632 | I37: 861 | J37: 1450 | K37: 1106 | L37: 1640 | M37: 1203 | N37: =SMALL(D37:L37,COUNTIF(D37:L37,0)+1) -> 1357 | P37: 대전,세종,충남
A38: 파상형경질폴리에틸렌전선관 | B38: ELP,100Φ | C38: M | D38: 1784 | F38: 2188 | G38: 1025 | H38: 2214 | I38: 861 | J38: 1980 | K38: 1106 | L38: 2225 | M38: 1203 | N38: =SMALL(D38:L38,COUNTIF(D38:L38,0)+1) -> 1784 | P38: 대전,세종,충남
A39: 파상형경질폴리에틸렌전선관 | B39: ELP,125Φ | C39: M | D39: 2796 | F39: 3204 | G39: 1025 | H39: 3440 | I39: 861 | J39: 3040 | K39: 1106 | L39: 3457 | M39: 1203 | N39: =SMALL(D39:L39,COUNTIF(D39:L39,0)+1) -> 2796 | P39: 대전,세종,충남
A40: 파상형경질폴리에틸렌전선관 | B40: ELP,150Φ | C40: M | D40: 3699 | F40: 3906 | G40: 1025 | H40: 4491 | I40: 861 | J40: 3940 | K40: 1106 | L40: 4513 | M40: 1203 | N40: =SMALL(D40:L40,COUNTIF(D40:L40,0)+1) -> 3699 | P40: 대전,세종,충남
A41: 파상형경질폴리에틸렌전선관 | B41: ELP,175Φ | C41: M | D41: 6375 | F41: 7500 | G41: 1025 | H41: 7906 | I41: 861 | J41: 7510 | K41: 1106 | L41: 7946 | M41: 1203 | N41: =SMALL(D41:L41,COUNTIF(D41:L41,0)+1) -> 6375 | P41: 대전,세종,충남
A42: 파상형경질폴리에틸렌전선관 | B42: ELP,200Φ | C42: M | D42: 7081 | F42: 8594 | G42: 1025 | H42: 8829 | I42: 861 | J42: 8030 | K42: 1106 | L42: 8873 | M42: 1203 | N42: =SMALL(D42:L42,COUNTIF(D42:L42,0)+1) -> 7081 | P42: 대전,세종,충남
A43: 폴리에틸렌전선관 | B43: PE, 16Φ | C43: M | D43: 262 | F43: 344 | G43: 1026 | H43: 319 | I43: 861 | J43: 320 | K43: 1102 | L43: 320 | M43: 1204 | N43: =SMALL(D43:L43,COUNTIF(D43:L43,0)+1) -> 262 | P43: 대전,세종,충남
A44: 폴리에틸렌전선관 | B44: PE, 22Φ | C44: M | D44: 336 | F44: 454 | G44: 1026 | H44: 371 | I44: 861 | J44: 420 | K44: 1102 | L44: 408 | M44: 1204 | N44: =SMALL(D44:L44,COUNTIF(D44:L44,0)+1) -> 336 | P44: 대전,세종,충남
... A51: 폴리에틸렌전선관 | B51: PE, 100Φ | C51: M | D51: 4560 | F51: 5615 | G51: 1026 | H51: 4849 | I51: 861 | J51: 5290 | K51: 1102 | L51: 4861 | M51: 1204 | N51: =SMALL(D51:L51,COUNTIF(D51:L51,0)+1) -> 4560 | P51: 대전,세종,충남
A52: 1종금속제가요전선관 | B52: 비방수, 16Φ | C52: M | D52: 1380 | F52: 1380 | G52: 1027 | H52: 1380 | I52: 862 | J52: 1380 | K52: 1103 | L52: 544 | M52: 1204 | N52: =SMALL(D52:L52,COUNTIF(D52:L52,0)+1) -> 544
A53: 1종금속제가요전선관 | B53: 비방수, 22Φ | C53: M | D53: 1740 | F53: 1740 | G53: 1027 | H53: 1740 | I53: 862 | J53: 1740 | K53: 1103 | L53: 1042 | M53: 1204 | N53: =SMALL(D53:L53,COUNTIF(D53:L53,0)+1) -> 1042
A54: 1종금속제가요전선관 | B54: 비방수, 28Φ | C54: M | D54: 2180 | F54: 2180 | G54: 1027 | H54: 2180 | I54: 862 | J54: 2180 | K54: 1103 | L54: 1595 | M54: 1204 | N54: =SMALL(D54:L54,COUNTIF(D54:L54,0)+1) -> 1595
A55: 1종금속제가요전선관 | B55: 비방수, 36Φ | C55: M | D55: 2870 | F55: 2870 | G55: 1027 | H55: 2870 | I55: 862 | J55: 2870 | K55: 1103 | L55: 2420 | M55: 1204 | N55: =SMALL(D55:L55,COUNTIF(D55:L55,0)+1) -> 2420
A56: 1종금속제가요전선관 | B56: 비방수, 42Φ | C56: M | D56: 3780 | F56: 3780 | G56: 1027 | H56: 3780 | I56: 862 | J56: 3780 | K56: 1103 | L56: 2915 | M56: 1204 | N56: =SMALL(D56:L56,COUNTIF(D56:L56,0)+1) -> 2915
A57: 1종금속제가요전선관 | B57: 비방수, 54Φ | C57: M | D57: 5100 | F57: 5100 | G57: 1027 | H57: 5100 | I57: 862 | J57: 5100 | K57: 1103 | L57: 4125 | M57: 1204 | N57: =SMALL(D57:L57,COUNTIF(D57:L57,0)+1) -> 4125
A58: 1종금속제가요전선관 | B58: 비방수, 70Φ | C58: M | D58: 9590 | F58: 9590 | G58: 1027 | H58: 9590 | I58: 862 | J58: 9590 | K58: 1103 | L58: 6578 | M58: 1204 | N58: =SMALL(D58:L58,COUNTIF(D58:L58,0)+1) -> 6578
A59: 1종금속제가요전선관 | B59: 비방수, 82Φ | C59: M | D59: 13200 | F59: 13200 | G59: 1027 | H59: 13200 | I59: 862 | J59: 13200 | K59: 1103 | L59: 7095 | M59: 1204 | N59: =SMALL(D59:L59,COUNTIF(D59:L59,0)+1) -> 7095
A60: 1종금속제가요전선관 | B60: 비방수,104Φ | C60: M | H60: 0 | J60: 0 | L60: 11550 | M60: 1204 | N60: =SMALL(D60:L60,COUNTIF(D60:L60,0)+1) -> 11550
A61: 1종금속제가요전선관 | B61: 방 수. 16Φ | C61: M | D61: 1075 | F61: 2260 | G61: 1027 | H61: 2260 | I61: 862 | J61: 2260 | K61: 1103 | L61: 1265 | M61: 1204 | N61: =SMALL(D61:L61,COUNTIF(D61:L61,0)+1) -> 1075
A62: 1종금속제가요전선관 | B62: 방 수. 22Φ | C62: M | D62: 1348 | F62: 2880 | G62: 1027 | H62: 2880 | I62: 862 | J62: 2880 | K62: 1103 | L62: 1716 | M62: 1204 | N62: =SMALL(D62:L62,COUNTIF(D62:L62,0)+1) -> 1348
A63: 1종금속제가요전선관 | B63: 방 수. 28Φ | C63: M | D63: 1634 | F63: 3470 | G63: 1027 | H63: 3470 | I63: 862 | J63: 3470 | K63: 1103 | L63: 2431 | M63: 1204 | N63: =SMALL(D63:L63,COUNTIF(D63:L63,0)+1) -> 1634
A64: 1종금속제가요전선관 | B64: 방 수. 36Φ | C64: M | D64: 2492 | F64: 5280 | G64: 1027 | H64: 5280 | I64: 862 | J64: 5280 | K64: 1103 | L64: 3575 | M64: 1204 | N64: =SMALL(D64:L64,COUNTIF(D64:L64,0)+1) -> 2492
A65: 1종금속제가요전선관 | B65: 방 수. 42Φ | C65: M | D65: 3193 | F65: 6790 | G65: 1027 | H65: 6790 | I65: 862 | J65: 6790 | K65: 1103 | L65: 5016 | M65: 1204 | N65: =SMALL(D65:L65,COUNTIF(D65:L65,0)+1) -> 3193
A66: 1종금속제가요전선관 | B66: 방 수. 54Φ | C66: M | D66: 4382 | F66: 9180 | G66: 1027 | H66: 9180 | I66: 862 | J66: 9180 | K66: 1103 | L66: 6457 | M66: 1204 | N66: =SMALL(D66:L66,COUNTIF(D66:L66,0)+1) -> 4382
A67: 1종금속제가요전선관 | B67: 방 수. 70Φ | C67: M | D67: 12157 | F67: 17880 | G67: 1027 | H67: 17880 | I67: 862 | J67: 17880 | K67: 1103 | L67: 14850 | M67: 1204 | N67: =SMALL(D67:L67,COUNTIF(D67:L67,0)+1) -> 12157
A68: 1종금속제가요전선관 | B68: 방 수. 82Φ | C68: M | D68: 14927 | F68: 20280 | G68: 1027 | H68: 20280 | I68: 862 | J68: 20280 | K68: 1103 | L68: 21450 | M68: 1204 | N68: =SMALL(D68:L68,COUNTIF(D68:L68,0)+1) -> 14927
A69: 1종금속제가요전선관 | B69: 방 수.104Φ | C69: M | F69: 0 | H69: 0 | J69: 0 | L69: 26950 | M69: 1204 | N69: =SMALL(D69:L69,COUNTIF(D69:L69,0)+1) -> 26950
A70: 1종금속제가요전선관 콘넥타 | B70: 비방수, 16Φ | C70: 개 | D70: 690 | F70: 1100 | G70: 1027 | H70: 720 | I70: 860 | J70: 0 | L70: 0 | N70: =SMALL(D70:L70,COUNTIF(D70:L70,0)+1) -> 690
A71: 1종금속제가요전선관 콘넥타 | B71: 비방수, 22Φ | C71: 개 | D71: 994 | F71: 1390 | G71: 1027 | H71: 950 | I71: 860 | J71: 0 | L71: 0 | N71: =SMALL(D71:L71,COUNTIF(D71:L71,0)+1) -> 950
A72: 1종금속제가요전선관 콘넥타 | B72: 비방수, 28Φ | C72: 개 | D72: 1028 | F72: 1830 | G72: 1027 | H72: 1380 | I72: 860 | J72: 0 | L72: 0 | N72: =SMALL(D72:L72,COUNTIF(D72:L72,0)+1) -> 1028
A73: 1종금속제가요전선관 콘넥타 | B73: 비방수, 36Φ | C73: 개 | D73: 2167 | F73: 2650 | G73: 1027 | H73: 1970 | I73: 860 | J73: 0 | L73: 0 | N73: =SMALL(D73:L73,COUNTIF(D73:L73,0)+1) -> 1970
A74: 1종금속제가요전선관 콘넥타 | B74: 비방수, 42Φ | C74: 개 | D74: 2348 | F74: 3200 | G74: 1027 | H74: 2400 | I74: 860 | J74: 0 | L74: 0 | N74: =SMALL(D74:L74,COUNTIF(D74:L74,0)+1) -> 2348
A75: 1종금속제가요전선관 콘넥타 | B75: 비방수, 54Φ | C75: 개 | D75: 2783 | F75: 4440 | G75: 1027 | H75: 3540 | I75: 860 | J75: 0 | L75: 0 | N75: =SMALL(D75:L75,COUNTIF(D75:L75,0)+1) -> 2783
A76: 1종금속제가요전선관 콘넥타 | B76: 비방수, 70Φ | C76: 개 | D76: 5865 | F76: 8400 | G76: 1025 | H76: 7940 | I76: 860 | J76: 0 | L76: 0 | N76: =SMALL(D76:L76,COUNTIF(D76:L76,0)+1) -> 5865
A77: 1종금속제가요전선관 콘넥타 | B77: 비방수, 82Φ | C77: 개 | D77: 9605 | F77: 15020 | G77: 1025 | H77: 12770 | I77: 860 | J77: 0 | L77: 0 | N77: =SMALL(D77:L77,COUNTIF(D77:L77,0)+1) -> 9605
A78: 1종금속제가요전선관 콘넥타 | B78: 비방수,104Φ | C78: 개 | D78: 0 | F78: 26330 | G78: 1025 | H78: 18300 | I78: 860 | J78: 0 | L78: 0 | N78: =SMALL(D78:L78,COUNTIF(D78:L78,0)+1) -> 18300
A79: 1종금속제가요전선관 콘넥타 | B79: 방 수, 16Φ | C79: 개 | D79: 1532 | F79: 2700 | G79: 1027 | H79: 0 | J79: 0 | L79: 0 | N79: =SMALL(D79:L79,COUNTIF(D79:L79,0)+1) -> 1532
A80: 1종금속제가요전선관 콘넥타 | B80: 방 수, 22Φ | C80: 개 | D80: 1965 | F80: 3300 | G80: 1027 | H80: 0 | J80: 0 | L80: 0 | N80: =SMALL(D80:L80,COUNTIF(D80:L80,0)+1) -> 1965
A81: 1종금속제가요전선관 콘넥타 | B81: 방 수, 28Φ | C81: 개 | D81: 2624 | F81: 3980 | G81: 1027 | H81: 0 | J81: 0 | L81: 0 | N81: =SMALL(D81:L81,COUNTIF(D81:L81,0)+1) -> 2624
A82: 1종금속제가요전선관 콘넥타 | B82: 방 수, 36Φ | C82: 개 | D82: 3821 | F82: 5290 | G82: 1027 | H82: 0 | J82: 0 | L82: 0 | N82: =SMALL(D82:L82,COUNTIF(D82:L82,0)+1) -> 3821
A83: 1종금속제가요전선관 콘넥타 | B83: 방 수, 42Φ | C83: 개 | D83: 5869 | F83: 6740 | G83: 1027 | H83: 0 | J83: 0 | L83: 0 | N83: =SMALL(D83:L83,COUNTIF(D83:L83,0)+1) -> 5869
A84: 1종금속제가요전선관 콘넥타 | B84: 방 수, 54Φ | C84: 개 | D84: 6775 | F84: 8690 | G84: 1027 | H84: 0 | J84: 0 | L84: 0 | N84: =SMALL(D84:L84,COUNTIF(D84:L84,0)+1) -> 6775
A85: 1종금속제가요전선관 콘넥타 | B85: 방 수, 70Φ | C85: 개 | D85: 20640 | F85: 0 | H85: 0 | J85: 0 | L85: 0 | N85: =SMALL(D85:L85,COUNTIF(D85:L85,0)+1) -> 20640
A86: 1종금속제가요전선관 콘넥타 | B86: 방 수, 82Φ | C86: 개 | D86: 28608 | F86: 0 | H86: 0 | J86: 0 | L86: 0 | N86: =SMALL(D86:L86,COUNTIF(D86:L86,0)+1) -> 28608
A87: 1종금속제가요전선관 콘넥타 | B87: 방 수,104Φ | C87: 개 | D87: 41088 | F87: 0 | H87: 0 | J87: 0 | L87: 0 | N87: =SMALL(D87:L87,COUNTIF(D87:L87,0)+1) -> 41088
A88: 워 샤 캡 | B88: 16Φ | C88: 개 | D88: 1992 | F88: 0 | H88: 0 | J88: 2170 | K88: 1101 | L88: 3516 | M88: 1202 | N88: =SMALL(D88:L88,COUNTIF(D88:L88,0)+1) -> 1992
A89: 워 샤 캡 | B89: 22Φ | C89: 개 | D89: 2306 | F89: 0 | H89: 0 | J89: 2510 | K89: 1101 | L89: 4044 | M89: 1202 | N89: =SMALL(D89:L89,COUNTIF(D89:L89,0)+1) -> 2306
A90: 워 샤 캡 | B90: 28Φ | C90: 개 | D90: 2885 | F90: 0 | H90: 0 | J90: 3140 | K90: 1101 | L90: 5088 | M90: 1202 | N90: =SMALL(D90:L90,COUNTIF(D90:L90,0)+1) -> 2885
A91: 워 샤 캡 | B91: 36Φ | C91: 개 | D91: 4392 | F91: 0 | H91: 0 | J91: 4780 | K91: 1101 | L91: 5940 | M91: 1202 | N91: =SMALL(D91:L91,COUNTIF(D91:L91,0)+1) -> 4392
A92: 워 샤 캡 | B92: 42Φ | C92: 개 | D92: 4658 | F92: 0 | H92: 0 | J92: 5070 | K92: 1101 | L92: 6996 | M92: 1202 | N92: =SMALL(D92:L92,COUNTIF(D92:L92,0)+1) -> 4658
A93: 워 샤 캡 | B93: 54Φ | C93: 개 | D93: 6314 | F93: 0 | H93: 0 | J93: 7300 | K93: 1101 | L93: 8244 | M93: 1202 | N93: =SMALL(D93:L93,COUNTIF(D93:L93,0)+1) -> 6314
A94: 워 샤 캡 | B94: 70Φ | C94: 개 | D94: 18755 | F94: 0 | H94: 0 | J94: 27950 | K94: 1101 | L94: 24480 | M94: 1202 | N94: =SMALL(D94:L94,COUNTIF(D94:L94,0)+1) -> 18755
A95: 워 샤 캡 | B95: 82Φ | C95: 개 | D95: 22708 | F95: 0 | H95: 0 | J95: 39120 | K95: 1101 | L95: 29640 | M95: 1202 | N95: =SMALL(D95:L95,COUNTIF(D95:L95,0)+1) -> 22708
A96: 워 샤 캡 | B96: 104Φ | C96: 개 | D96: 45509 | F96: 0 | H96: 0 | J96: 61400 | K96: 1101 | L96: 59400 | M96: 1202 | N96: =SMALL(D96:L96,COUNTIF(D96:L96,0)+1) -> 45509
A97: 노말밴드(아연도) | B97: ST, 28Φ | C97: 개 | D97: 3130 | F97: 3500 | G97: 1029 | H97: 4031 | I97: 864 | J97: 4500 | K97: 1101 | L97: 4031 | M97: 1202 | N97: =SMALL(D97:L97,COUNTIF(D97:L97,0)+1) -> 3130
A98: 노말밴드(아연도) | B98: ST, 36Φ | C98: 개 | D98: 3765 | F98: 4930 | G98: 1029 | H98: 5412 | I98: 864 | J98: 5400 | K98: 1101 | L98: 5412 | M98: 1202 | N98: =SMALL(D98:L98,COUNTIF(D98:L98,0)+1) -> 3765
A99: 노말밴드(아연도) | B99: ST, 42Φ | C99: 개 | D99: 5389 | F99: 6030 | G99: 1029 | H99: 6800 | I99: 864 | J99: 9700 | K99: 1101 | L99: 6800 | M99: 1202 | N99: =SMALL(D99:L99,COUNTIF(D99:L99,0)+1) -> 5389
A100: 노말밴드(아연도) | B100: ST, 54Φ | C100: 개 | D100: 8397 | F100: 9440 | G100: 1029 | H100: 10696 | I100: 864 | J100: 10700 | K100: 1101 | L100: 10696 | M100: 1202 | N100: =SMALL(D100:L100,COUNTIF(D100:L100,0)+1) -> 8397
A101: 노말밴드(아연도) | B101: ST, 70Φ | C101: 개 | D101: 14226 | F101: 15930 | G101: 1029 | H101: 17615 | I101: 864 | J101: 16800 | K101: 1101 | L101: 17615 | M101: 1202 | N101: =SMALL(D101:L101,COUNTIF(D101:L101,0)+1) -> 14226
A102: 노말밴드(아연도) | B102: ST, 82Φ | C102: 개 | D102: 18939 | F102: 21210 | G102: 1029 | H102: 23932 | I102: 864 | J102: 23300 | K102: 1101 | L102: 23932 | M102: 1202 | N102: =SMALL(D102:L102,COUNTIF(D102:L102,0)+1) -> 18939
A103: 노말밴드(아연도) | B103: ST, 104Φ | C103: 개 | D103: 38285 | F103: 42880 | G103: 1029 | H103: 47880 | I103: 864 | J103: 45500 | K103: 1101 | L103: 47880 | M103: 1202 | N103: =SMALL(D103:L103,COUNTIF(D103:L103,0)+1) -> 38285
A104: 노말밴드(PVC) | B104: HI, 28Φ | C104: 개 | D104: 814 | F104: 1000 | G104: 1025 | H104: 1193 | I104: 861 | J104: 1150 | K104: 1107 | L104: 1452 | M104: 1203 | N104: =SMALL(D104:L104,COUNTIF(D104:L104,0)+1) -> 814
A105: 노말밴드(PVC) | B105: HI, 36Φ | C105: 개 | D105: 956 | F105: 1200 | G105: 1025 | H105: 1360 | I105: 861 | J105: 1290 | K105: 1107 | L105: 2040 | M105: 1203 | N105: =SMALL(D105:L105,COUNTIF(D105:L105,0)+1) -> 956
A106: 노말밴드(PVC) | B106: HI, 42Φ | C106: 개 | D106: 1265 | F106: 1400 | G106: 1025 | H106: 1822 | I106: 861 | J106: 1580 | K106: 1107 | L106: 2580 | M106: 1203 | N106: =SMALL(D106:L106,COUNTIF(D106:L106,0)+1) -> 1265
A107: 노말밴드(PVC) | B107: HI, 54Φ | C107: 개 | D107: 1892 | F107: 2300 | G107: 1025 | H107: 2732 | I107: 861 | J107: 2580 | K107: 1107 | L107: 3840 | M107: 1203 | N107: =SMALL(D107:L107,COUNTIF(D107:L107,0)+1) -> 1892
A108: 노말밴드(PVC) | B108: HI, 70Φ | C108: 개 | D108: 3700 | F108: 4500 | G108: 1025 | H108: 6072 | I108: 861 | J108: 5170 | K108: 1107 | L108: 7200 | M108: 1203 | N108: =SMALL(D108:L108,COUNTIF(D108:L108,0)+1) -> 3700
... A194: 클램프(볼트,너트 별도)-일반 | B194: E75 | C194: 개 | D194: 0 | F194: 1500 | G194: 1029 | H194: 1518 | I194: 863 | J194: 1518 | K194: 1102 | L194: 1518 | M194: 1201 | N194: =SMALL(D194:L194,COUNTIF(D194:L194,0)+1) -> 1500
A195: 관구밀폐기 | B195: 실링가스켓 30.Φ | C195: 개 | D195: 9647 | F195: 0 | H195: 0 | J195: 0 | L195: 0 | N195: =SMALL(D195:L195,COUNTIF(D195:L195,0)+1) -> 9647
A196: 관구밀폐기 | B196: 실링가스켓 50.Φ | C196: 개 | D196: 11745 | F196: 0 | H196: 0 | J196: 0 | L196: 0 | N196: =SMALL(D196:L196,COUNTIF(D196:L196,0)+1) -> 11745
...

Sheet 7.덕트,트레이
A1: 단 가 대 비 표
A2: 2026년 상반기 충남교육청 건설공사 일위대가(전기, 통신, 전기소방)
A3: 품 명 | B3: 규 격 | C3: 단위 | D3: 재 료 비 | O3: 번 호 | P3: 비 고
D4: 조달청가격 | E4: PAGE | F4: 거래가격 | G4: PAGE | H4: 유통물가 | I4: PAGE | J4: 물가자료 | K4: PAGE | L4: 물가정보 | M4: PAGE | N4: 적용단가
A5: 알루미늄몰드 | B5: 22*9mm | C5: M | D5: 0 | F5: 1100 | G5: 1031 | H5: 0 | J5: 0 | L5: 0 | N5: =SMALL(D5:L5,COUNTIF(D5:L5,0)+1) -> 1100
A6: 알루미늄몰드 | B6: 28*11mm | C6: M | D6: 1824 | F6: 3500 | G6: 1031 | H6: 3500 | I6: 871 | J6: 3150 | K6: 1099 | L6: 3500 | M6: 1205 | N6: =SMALL(D6:L6,COUNTIF(D6:L6,0)+1) -> 1824
A7: 알루미늄몰드 | B7: 36*14mm | C7: M | D7: 2561 | F7: 5000 | G7: 1031 | H7: 5000 | I7: 871 | J7: 4410 | K7: 1099 | L7: 5000 | M7: 1205 | N7: =SMALL(D7:L7,COUNTIF(D7:L7,0)+1) -> 2561
A8: 알루미늄몰드 | B8: 50*20mm | C8: M | D8: 4593 | F8: 9000 | G8: 1031 | H8: 9000 | I8: 871 | J8: 8190 | K8: 1099 | L8: 9000 | M8: 1205 | N8: =SMALL(D8:L8,COUNTIF(D8:L8,0)+1) -> 4593
A9: PVC고강도몰드(컬러) | B9: 25*9mm, 미니소 | C9: M | D9: 0 | F9: 1100 | G9: 1031 | H9: 1100 | I9: 871 | J9: 0 | L9: 1100 | M9: 1205 | N9: =SMALL(D9:L9,COUNTIF(D9:L9,0)+1) -> 1100
A10: PVC고강도몰드(컬러) | B10: 31*11mm, 소 | C10: M | D10: 0 | F10: 0 | H10: 1500 | I10: 871 | J10: 0 | L10: 1500 | M10: 1205 | N10: =SMALL(D10:L10,COUNTIF(D10:L10,0)+1) -> 1500
A11: PVC고강도몰드(컬러) | B11: 39*15mm, 중 | C11: M | D11: 0 | F11: 0 | H11: 2000 | I11: 871 | J11: 0 | L11: 2000 | M11: 1205 | N11: =SMALL(D11:L11,COUNTIF(D11:L11,0)+1) -> 2000
A12: PVC고강도몰드(컬러) | B12: 51*19mm, 대 | C12: M | D12: 0 | F12: 0 | H12: 3000 | I12: 871 | J12: 0 | L12: 3000 | M12: 1205 | N12: =SMALL(D12:L12,COUNTIF(D12:L12,0)+1) -> 3000
A13: PVC고강도몰드(컬러) | B13: 65*22mm, 특대 | C13: M | D13: 0 | F13: 0 | H13: 4000 | I13: 871 | J13: 0 | L13: 4000 | M13: 1205 | N13: =SMALL(D13:L13,COUNTIF(D13:L13,0)+1) -> 4000
A14: PVC 랜덕트 | B14: 40*30mm | C14: M | D14: 0 | F14: 4000 | G14: 1031 | H14: 4000 | I14: 870 | J14: 0 | L14: 4000 | M14: 1205 | N14: =SMALL(D14:L14,COUNTIF(D14:L14,0)+1) -> 4000
A15: PVC 랜덕트 | B15: 60*40mm | C15: M | D15: 0 | F15: 6000 | G15: 1031 | H15: 6000 | I15: 870 | J15: 0 | L15: 6000 | M15: 1205 | N15: =SMALL(D15:L15,COUNTIF(D15:L15,0)+1) -> 6000
A16: PVC 랜덕트 | B16: 80*60mm | C16: M | D16: 0 | F16: 8000 | G16: 1031 | H16: 8000 | I16: 870 | J16: 0 | L16: 8000 | M16: 1205 | N16: =SMALL(D16:L16,COUNTIF(D16:L16,0)+1) -> 8000
A17: PVC 랜덕트 | B17: 100*80mm | C17: M | D17: 0 | F17: 11000 | G17: 1031 | H17: 11000 | I17: 870 | J17: 0 | L17: 11000 | M17: 1205 | N17: =SMALL(D17:L17,COUNTIF(D17:L17,0)+1) -> 11000
A18: 알루미늄덕트 | B18: 50*35mm | C18: M | D18: 8827 | F18: 15000 | G18: 1031 | H18: 8000 | I18: 870 | J18: 0 | L18: 8000 | M18: 1205 | N18: =SMALL(D18:L18,COUNTIF(D18:L18,0)+1) -> 8000
A19: 알루미늄덕트 | B19: 60*60mm | C19: M | D19: 13241 | F19: 20000 | G19: 1031 | H19: 12000 | I19: 870 | J19: 0 | L19: 12000 | M19: 1205 | N19: =SMALL(D19:L19,COUNTIF(D19:L19,0)+1) -> 12000
A20: 알루미늄덕트 | B20: 70*40mm | C20: M | D20: 13241 | F20: 20000 | G20: 1031 | H20: 10000 | I20: 870 | J20: 0 | L20: 10000 | M20: 1205 | N20: =SMALL(D20:L20,COUNTIF(D20:L20,0)+1) -> 10000
A21: 알루미늄덕트 | B21: 100*50mm | C21: M | D21: 15890 | F21: 25000 | G21: 1031 | H21: 14000 | I21: 870 | J21: 0 | L21: 14000 | M21: 1205 | N21: =SMALL(D21:L21,COUNTIF(D21:L21,0)+1) -> 14000
A22: 알루미늄덕트 | B22: 120*60mm | C22: M | D22: 22069 | F22: 35000 | G22: 1031 | H22: 20000 | I22: 870 | J22: 0 | L22: 20000 | M22: 1205 | N22: =SMALL(D22:L22,COUNTIF(D22:L22,0)+1) -> 20000
A23: 알루미늄덕트 | B23: 150*100mm | C23: M | D23: 30898 | F23: 50000 | G23: 1031 | H23: 50000 | I23: 870 | J23: 0 | L23: 50000 | M23: 1205 | N23: =SMALL(D23:L23,COUNTIF(D23:L23,0)+1) -> 30898
A24: 알루미늄덕트 부속품 | B24: 엘보ㄱ/ㄴ/T형, 50mm | C24: 개 | D24: 5701 | F24: 12000 | G24: 1031 | H24: 12000 | I24: 870 | J24: 0 | L24: 12000 | M24: 1205 | N24: =SMALL(D24:L24,COUNTIF(D24:L24,0)+1) -> 5701
A25: 알루미늄덕트 부속품 | B25: 엘보ㄱ/ㄴ/T형, 70mm | C25: 개 | D25: 8449 | F25: 16000 | G25: 1031 | H25: 16000 | I25: 870 | J25: 0 | L25: 16000 | M25: 1205 | N25: =SMALL(D25:L25,COUNTIF(D25:L25,0)+1) -> 8449
... A27: 알루미늄덕트 부속품 | B27: 엘보ㄱ/ㄴ/T형, 120mm | C27: 개 | D27: 13228 | F27: 25000 | G27: 1031 | H27: 25000 | I27: 870 | J27: 0 | L27: 25000 | M27: 1205 | N27: =SMALL(D27:L27,COUNTIF(D27:L27,0)+1) -> 13228
A28: 알루미늄덕트 | B28: 벽면덕트80*47mm | C28: M | D28: 0 | F28: 80000 | G28: 1031 | H28: 0 | J28: 0 | L28: 80000 | M28: 1205 | N28: =SMALL(D28:L28,COUNTIF(D28:L28,0)+1) -> 80000
A29: 알루미늄덕트 | B29: 벽면덕트130*40mm | C29: M | D29: 0 | F29: 110000 | G29: 1031 | H29: 0 | J29: 0 | L29: 110000 | M29: 1205 | N29: =SMALL(D29:L29,COUNTIF(D29:L29,0)+1) -> 110000
A30: 알루미늄덕트 | B30: 플레이트, 마감 | C30: M | D30: 0 | F30: 3000 | G30: 1031 | H30: 0 | J30: 0 | L30: 3000 | M30: 1205 | N30: =SMALL(D30:L30,COUNTIF(D30:L30,0)+1) -> 3000
A31: 덕트형케이블트레이 | B31: ST, W150*100H*2.3t | C31: M | D31: 11498 | F31: 0 | H31: 0 | J31: 0 | L31: 0 | N31: =SMALL(D31:L31,COUNTIF(D31:L31,0)+1) -> 11498
A32: 덕트형케이블트레이 | B32: ST, W200*100H*2.3t | C32: M | D32: 13189 | F32: 0 | H32: 0 | J32: 0 | L32: 0 | N32: =SMALL(D32:L32,COUNTIF(D32:L32,0)+1) -> 13189
A33: 덕트형케이블트레이 | B33: ST, W300*100H*2.3t | C33: M | D33: 18265 | F33: 0 | H33: 0 | J33: 0 | L33: 0 | N33: =SMALL(D33:L33,COUNTIF(D33:L33,0)+1) -> 18265
A34: 덕트형케이블트레이 | B34: ST, W400*100H*2.3t | C34: M | D34: 21648 | F34: 0 | H34: 0 | J34: 0 | L34: 0 | N34: =SMALL(D34:L34,COUNTIF(D34:L34,0)+1) -> 21648
A35: 덕트형케이블트레이 | B35: ST, W500*100H*2.3t | C35: M | D35: 25905 | F35: 0 | H35: 0 | J35: 0 | L35: 0 | N35: =SMALL(D35:L35,COUNTIF(D35:L35,0)+1) -> 25905
A36: 덕트형케이블트레이 | B36: ST, W600*100H*2.3t | C36: M | D36: 29028 | F36: 0 | H36: 0 | J36: 0 | L36: 0 | N36: =SMALL(D36:L36,COUNTIF(D36:L36,0)+1) -> 29028
A37: 덕트형케이블트레이 | B37: ST, W700*100H*2.3t | C37: M | D37: 32403 | F37: 0 | H37: 0 | J37: 0 | L37: 0 | N37: =SMALL(D37:L37,COUNTIF(D37:L37,0)+1) -> 32403
A38: 덕트형케이블트레이 | B38: ST, W800*100H*2.3t | C38: M | D38: 36344 | F38: 0 | H38: 0 | J38: 0 | L38: 0 | N38: =SMALL(D38:L38,COUNTIF(D38:L38,0)+1) -> 36344
A39: 덕트형케이블트레이 | B39: ST, W900*100H*2.3t | C39: M | D39: 39132 | F39: 0 | H39: 0 | J39: 0 | L39: 0 | N39: =SMALL(D39:L39,COUNTIF(D39:L39,0)+1) -> 39132
A40: 덕트형케이블트레이 | B40: ST, W1000*100H*2.3t | C40: M | D40: 42999 | F40: 0 | H40: 0 | J40: 0 | L40: 0 | N40: =SMALL(D40:L40,COUNTIF(D40:L40,0)+1) -> 42999
A41: 덕트형케이블트레이부속품 | B41: ST, H. ELBOW, W150*100H*2.3t | C41: 개 | D41: 15095 | F41: 0 | H41: 0 | J41: 0 | L41: 0 | N41: =SMALL(D41:L41,COUNTIF(D41:L41,0)+1) -> 15095
A42: 덕트형케이블트레이부속품 | B42: ST, H. ELBOW, W200*100H*2.3t | C42: 개 | D42: 18097 | F42: 0 | H42: 0 | J42: 0 | L42: 0 | N42: =SMALL(D42:L42,COUNTIF(D42:L42,0)+1) -> 18097
... A130: 덕트형케이블트레이부속품 | B130: ST, CONNECTOR, W1000 | C130: 개 | D130: 18590 | F130: 0 | H130: 0 | J130: 0 | L130: 0 | N130: =SMALL(D130:L130,COUNTIF(D130:L130,0)+1) -> 18590
A131: 사다리형케이블트레이 | B131: STRAIGHT, 150x100x2.3t | C131: M | D131: 9450 | F131: 0 | H131: 21920 | I131: 868 | J131: 17850 | K131: 1112 | L131: 21920 | M131: 1212 | N131: =SMALL(D131:L131,COUNTIF(D131:L131,0)+1) -> 9450
A132: 사다리형케이블트레이 | B132: STRAIGHT, 200x100x2.3t | C132: M | D132: 11450 | F132: 0 | H132: 22820 | I132: 868 | J132: 22550 | K132: 1112 | L132: 22820 | M132: 1212 | N132: =SMALL(D132:L132,COUNTIF(D132:L132,0)+1) -> 11450
A133: 사다리형케이블트레이 | B133: STRAIGHT, 300x100x2.3t | C133: M | D133: 12650 | F133: 0 | H133: 25030 | I133: 868 | J133: 24580 | K133: 1112 | L133: 25030 | M133: 1212 | N133: =SMALL(D133:L133,COUNTIF(D133:L133,0)+1) -> 12650
A134: 사다리형케이블트레이 | B134: STRAIGHT, 400x100x2.3t | C134: M | D134: 0 | F134: 0 | H134: 27050 | I134: 868 | J134: 26460 | K134: 1112 | L134: 27050 | M134: 1212 | N134: =SMALL(D134:L134,COUNTIF(D134:L134,0)+1) -> 26460
A135: 사다리형케이블트레이 | B135: STRAIGHT, 500x100x2.3t | C135: M | D135: 0 | F135: 0 | H135: 28470 | I135: 868 | J135: 27830 | K135: 1112 | L135: 28470 | M135: 1212 | N135: =SMALL(D135:L135,COUNTIF(D135:L135,0)+1) -> 27830
A136: 사다리형케이블트레이 | B136: STRAIGHT, 600x100x2.3t | C136: M | D136: 0 | F136: 0 | H136: 30750 | I136: 868 | J136: 29970 | K136: 1112 | L136: 30750 | M136: 1212 | N136: =SMALL(D136:L136,COUNTIF(D136:L136,0)+1) -> 29970
A137: 사다리형케이블트레이 | B137: STRAIGHT, 700x100x2.3t | C137: M | D137: 0 | F137: 0 | H137: 32850 | I137: 868 | J137: 32750 | K137: 1112 | L137: 32850 | M137: 1212 | N137: =SMALL(D137:L137,COUNTIF(D137:L137,0)+1) -> 32750
A138: 사다리형케이블트레이 | B138: STRAIGHT, 800x100x2.3t | C138: M | D138: 0 | F138: 0 | H138: 35050 | I138: 868 | J138: 35280 | K138: 1112 | L138: 35050 | M138: 1212 | N138: =SMALL(D138:L138,COUNTIF(D138:L138,0)+1) -> 35050
A139: 사다리형케이블트레이 | B139: STRAIGHT, 900x100x2.3t | C139: M | D139: 0 | F139: 0 | H139: 37020 | I139: 868 | J139: 36750 | K139: 1112 | L139: 37020 | M139: 1212 | N139: =SMALL(D139:L139,COUNTIF(D139:L139,0)+1) -> 36750
A140: 사다리형케이블트레이 | B140: STRAIGHT,1000x100x2.3t | C140: M | D140: 0 | F140: 0 | H140: 38920 | I140: 868 | J140: 38810 | K140: 1112 | L140: 38920 | M140: 1212 | N140: =SMALL(D140:L140,COUNTIF(D140:L140,0)+1) -> 38810
A141: 케이블트레이(카바) | B141: 150x100x2.3t (LADDER TYPE) | C141: M | D141: 18061 | F141: 0 | H141: 18620 | I141: 868 | J141: 14560 | K141: 1112 | L141: 18620 | M141: 1212 | N141: =SMALL(D141:L141,COUNTIF(D141:L141,0)+1) -> 14560
A142: 케이블트레이(카바) | B142: 200x100x2.3t (LADDER TYPE) | C142: M | D142: 19160 | F142: 0 | H142: 23520 | I142: 868 | J142: 24050 | K142: 1112 | L142: 23520 | M142: 1212 | N142: =SMALL(D142:L142,COUNTIF(D142:L142,0)+1) -> 19160
... A220: 케이블트레이부속품 | B220: C/COVER, 1000x100 | C220: 개 | D220: 0 | F220: 0 | H220: 299000 | I220: 868 | J220: 301170 | K220: 1112 | L220: 299000 | M220: 1212 | N220: =SMALL(D220:L220,COUNTIF(D220:L220,0)+1) -> 299000
A221: 케이블트레이 부속품 | B221: Joint connector, 아연도, 100*t2.3mm | C221: 개 | D221: 1006 | F221: 0 | H221: 0 | J221: 0 | L221: 0 | N221: =SMALL(D221:L221,COUNTIF(D221:L221,0)+1) -> 1006
A222: 케이블트레이부속품 | B222: Joint connector, 아연도, 150*t2.6mm | C222: M | D222: 1392 | F222: 0 | H222: 0 | J222: 0 | L222: 0 | N222: =SMALL(D222:L222,COUNTIF(D222:L222,0)+1) -> 1392
A223: 케이블트레이 부속품 | B223: Shank bolt and nut, 아연도 | C223: 개 | D223: 77 | F223: 0 | H223: 0 | J223: 0 | L223: 0 | N223: =SMALL(D223:L223,COUNTIF(D223:L223,0)+1) -> 77
A224: 케이블트레이 부속품 | B224: Bonding jumper, 14㎟ | C224: 개 | D224: 1744 | F224: 0 | H224: 0 | J224: 0 | L224: 0 | N224: =SMALL(D224:L224,COUNTIF(D224:L224,0)+1) -> 1744
A225: 케이블트레이 부속품 | B225: Bonding jumper, 22㎟ | C225: 개 | D225: 2536 | F225: 0 | H225: 0 | J225: 0 | L225: 0 | N225: =SMALL(D225:L225,COUNTIF(D225:L225,0)+1) -> 2536
A226: 케이블트레이 부속품 | B226: Bonding jumper, 38㎟ | C226: 개 | D226: 3471 | F226: 0 | H226: 0 | J226: 0 | L226: 0 | N226: =SMALL(D226:L226,COUNTIF(D226:L226,0)+1) -> 3471
A227: 케이블트레이 부속품 | B227: 찬넬스프링너트, 아연도 | C227: 개 | D227: 755 | F227: 0 | H227: 0 | J227: 0 | L227: 0 | N227: =SMALL(D227:L227,COUNTIF(D227:L227,0)+1) -> 755
A228: 케이블트레이 부속품 | B228: U Channel, 41*41*t2.6mm | C228: M | D228: 6176 | F228: 0 | H228: 0 | J228: 0 | L228: 0 | N228: =SMALL(D228:L228,COUNTIF(D228:L228,0)+1) -> 6176
A229: 행어볼트 | B229: 9Φ*1000mm | C229: 개 | D229: 0 | F229: 1450 | G229: 673 | H229: 1160 | I229: 419 | J229: 0 | L229: 0 | N229: =SMALL(D229:L229,COUNTIF(D229:L229,0)+1) -> 1160
A230: 육각너트 | B230: 육각너트, M10 | C230: 개 | D230: 0 | F230: 30 | G230: 97 | H230: 21.3 | I230: 56 | J230: 0 | L230: 0 | N230: =SMALL(D230:L230,COUNTIF(D230:L230,0)+1) -> 21.3
A231: 너트, 와샤 | B231: M10 | C231: 개 | D231: 0 | F231: 33.68 | G231: 95 | H231: 84 | I231: 42 | J231: 0 | L231: 0 | N231: =SMALL(D231:L231,COUNTIF(D231:L231,0)+1) -> 33.68
A232: 스프링와셔 | B232: 스프링와셔, 용융아연도, 호칭경10mm | C232: 개 | D232: 0 | F232: 9.6 | G232: 94 | H232: 9.3 | I232: 56 | J232: 0 | L232: 0 | N232: =SMALL(D232:L232,COUNTIF(D232:L232,0)+1) -> 9.3
A233: 세트앵커 | B233: 세트앵커, M10*L75mm | C233: 개 | D233: 0 | F233: 170 | G233: 94 | H233: 160 | I233: 53 | J233: 0 | L233: 0 | N233: =SMALL(D233:L233,COUNTIF(D233:L233,0)+1) -> 160
A234: 스트롱앵커 | B234: 3/8" | C234: 개 | D234: 0 | F234: 0 | H234: 100 | I234: 55 | J234: 0 | L234: 0 | N234: =SMALL(D234:L234,COUNTIF(D234:L234,0)+1) -> 100
A235: 스트롱앵커(천정) | B235: 3/8" | C235: 개 | D235: 0 | F235: 0 | H235: 100 | I235: 55 | J235: 0 | L235: 0 | N235: =SMALL(D235:L235,COUNTIF(D235:L235,0)+1) -> 100
A236: 인서트 | B236: 데크용 스프링, 3/8" | C236: 개 | D236: 0 | F236: 0 | H236: 500 | I236: 55 | J236: 0 | L236: 0 | N236: =SMALL(D236:L236,COUNTIF(D236:L236,0)+1) -> 500
A237: 인서트 | B237: 3/8" | C237: 개 | D237: 0 | F237: 0 | H237: 590 | I237: 55 | J237: 0 | L237: 0 | N237: =SMALL(D237:L237,COUNTIF(D237:L237,0)+1) -> 590
A238: 내진써포트행거(방진형) | B238: 일반형 | C238: 개 | D238: 0 | F238: 0 | H238: 0 | J238: 0 | L238: 42000 | M238: 1212 | N238: =SMALL(D238:L238,COUNTIF(D238:L238,0)+1) -> 42000
A239: 내진써포트행거(방진형) | B239: 표준형 | C239: 개 | D239: 0 | F239: 0 | H239: 0 | J239: 0 | L239: 45000 | M239: 1212 | N239: =SMALL(D239:L239,COUNTIF(D239:L239,0)+1) -> 45000
A240: 내진써포트행거(방진형) | B240: 보강형 | C240: 개 | D240: 0 | F240: 0 | H240: 0 | J240: 0 | L240: 55000 | M240: 1212 | N240: =SMALL(D240:L240,COUNTIF(D240:L240,0)+1) -> 55000
A241: 내진스프링조인트 커넥터(수평형) | B241: 100H | C241: 개 | D241: 0 | F241: 0 | H241: 0 | J241: 0 | L241: 41000 | M241: 1212 | N241: =SMALL(D241:L241,COUNTIF(D241:L241,0)+1) -> 41000
A242: 내진스프링조인트 커넥터(수평형) | B242: 150H | C242: 개 | D242: 0 | F242: 0 | H242: 0 | J242: 0 | L242: 44000 | M242: 1212 | N242: =SMALL(D242:L242,COUNTIF(D242:L242,0)+1) -> 44000
A243: 내진스프링조인트 커넥터(수직 슬리브형) | B243: 100H | C243: 개 | D243: 0 | F243: 0 | H243: 0 | J243: 0 | L243: 42500 | M243: 1212 | N243: =SMALL(D243:L243,COUNTIF(D243:L243,0)+1) -> 42500
A244: 내진스프링조인트 커넥터(수직 슬리브형) | B244: 150H | C244: 개 | D244: 0 | F244: 0 | H244: 0 | J244: 0 | L244: 45500 | M244: 1212 | N244: =SMALL(D244:L244,COUNTIF(D244:L244,0)+1) -> 45500
A245: HI-TEC케이블트레이 | B245: HP STRAIGHT, EPC 150x100x1.0t | C245: M | D245: 13536 | F245: 0 | H245: 21740 | I245: 865 | J245: 0 | L245: 0 | N245: =SMALL(D245:L245,COUNTIF(D245:L245,0)+1) -> 13536
A246: HI-TEC케이블트레이 | B246: HP STRAIGHT, EPC 200x100x1.0t | C246: M | D246: 15640 | F246: 0 | H246: 25120 | I246: 865 | J246: 0 | L246: 0 | N246: =SMALL(D246:L246,COUNTIF(D246:L246,0)+1) -> 15640
A247: HI-TEC케이블트레이 | B247: HP STRAIGHT, EPC 300x100x1.0t | C247: M | D247: 18041 | F247: 0 | H247: 30730 | I247: 865 | J247: 0 | L247: 0 | N247: =SMALL(D247:L247,COUNTIF(D247:L247,0)+1) -> 18041
A248: HI-TEC케이블트레이 | B248: HP STRAIGHT, EPC 400x100x1.2t | C248: M | D248: 25521 | F248: 0 | H248: 0 | J248: 0 | L248: 0 | N248: =SMALL(D248:L248,COUNTIF(D248:L248,0)+1) -> 25521
A249: HI-TEC케이블트레이 | B249: HP STRAIGHT, EPC 500x100x1.2t | C249: M | D249: 27108 | F249: 0 | H249: 0 | J249: 0 | L249: 0 | N249: =SMALL(D249:L249,COUNTIF(D249:L249,0)+1) -> 27108
A250: HI-TEC케이블트레이 | B250: HP STRAIGHT, EPC 600x100x1.2t | C250: M | D250: 32827 | F250: 0 | H250: 0 | J250: 0 | L250: 0 | N250: =SMALL(D250:L250,COUNTIF(D250:L250,0)+1) -> 32827
A251: HI-TEC트레이부속품 | B251: HP S/T COVER, EPC 150x1.2t | C251: M | D251: 5555 | F251: 0 | H251: 12660 | I251: 865 | J251: 0 | L251: 0 | N251: =SMALL(D251:L251,COUNTIF(D251:L251,0)+1) -> 5555
A252: HI-TEC트레이부속품 | B252: HP S/T COVER, EPC 200x1.2t | C252: M | D252: 7955 | F252: 0 | H252: 17230 | I252: 865 | J252: 0 | L252: 0 | N252: =SMALL(D252:L252,COUNTIF(D252:L252,0)+1) -> 7955
A253: HI-TEC트레이부속품 | B253: HP S/T COVER, EPC 300x1.2t | C253: M | D253: 11156 | F253: 0 | H253: 25890 | I253: 865 | J253: 0 | L253: 0 | N253: =SMALL(D253:L253,COUNTIF(D253:L253,0)+1) -> 11156
A254: HI-TEC트레이부속품 | B254: HP S/T COVER, EPC 400x1.2t | C254: M | D254: 17444 | F254: 0 | H254: 36370 | I254: 865 | J254: 0 | L254: 0 | N254: =SMALL(D254:L254,COUNTIF(D254:L254,0)+1) -> 17444
A255: HI-TEC트레이부속품 | B255: HP S/T COVER, EPC 500x1.2t | C255: M | D255: 20941 | F255: 0 | H255: 44070 | I255: 865 | J255: 0 | L255: 0 | N255: =SMALL(D255:L255,COUNTIF(D255:L255,0)+1) -> 20941
A256: HI-TEC트레이부속품 | B256: HP S/T COVER, EPC 600x1.2t | C256: M | D256: 25542 | F256: 0 | H256: 52900 | I256: 865 | J256: 0 | L256: 0 | N256: =SMALL(D256:L256,COUNTIF(D256:L256,0)+1) -> 25542
A257: HI-TEC트레이부속품 | B257: HP JOINER SET, EPC 150x100 | C257: SET | D257: 2516 | F257: 0 | H257: 0 | J257: 0 | L257: 0 | N257: =SMALL(D257:L257,COUNTIF(D257:L257,0)+1) -> 2516
A258: HI-TEC트레이부속품 | B258: HP JOINER SET, EPC 200x100 | C258: SET | D258: 2684 | F258: 0 | H258: 0 | J258: 0 | L258: 0 | N258: =SMALL(D258:L258,COUNTIF(D258:L258,0)+1) -> 2684
A259: HI-TEC트레이부속품 | B259: HP JOINER SET, EPC 300x100 | C259: SET | D259: 2885 | F259: 0 | H259: 0 | J259: 0 | L259: 0 | N259: =SMALL(D259:L259,COUNTIF(D259:L259,0)+1) -> 2885
A260: HI-TEC트레이부속품 | B260: HP JOINER SET, EPC 400x100 | C260: SET | D260: 3601 | F260: 0 | H260: 0 | J260: 0 | L260: 0 | N260: =SMALL(D260:L260,COUNTIF(D260:L260,0)+1) -> 3601
A261: HI-TEC트레이부속품 | B261: HP JOINER SET, EPC 500x100 | C261: SET | D261: 4657 | F261: 0 | H261: 0 | J261: 0 | L261: 0 | N261: =SMALL(D261:L261,COUNTIF(D261:L261,0)+1) -> 4657
A262: HI-TEC트레이부속품 | B262: HP JOINER SET, EPC 600x100 | C262: SET | D262: 5117 | F262: 0 | H262: 0 | J262: 0 | L262: 0 | N262: =SMALL(D262:L262,COUNTIF(D262:L262,0)+1) -> 5117
A263: HI-TEC트레이부속품 | B263: HP H. ELBOW, EPC 150x100 | C263: SET | D263: 20900 | F263: 0 | H263: 0 | J263: 0 | L263: 0 | N263: =SMALL(D263:L263,COUNTIF(D263:L263,0)+1) -> 20900
A264: HI-TEC트레이부속품 | B264: HP H. ELBOW, EPC 200x100 | C264: SET | D264: 23046 | F264: 0 | H264: 0 | J264: 0 | L264: 0 | N264: =SMALL(D264:L264,COUNTIF(D264:L264,0)+1) -> 23046
A265: HI-TEC트레이부속품 | B265: HP H. ELBOW, EPC 300x100 | C265: SET | D265: 26029 | F265: 0 | H265: 0 | J265: 0 | L265: 0 | N265: =SMALL(D265:L265,COUNTIF(D265:L265,0)+1) -> 26029
...

Sheet 8.접지자재
A1: 단 가 대 비 표
A2: 2026년 상반기 충남교육청 건설공사 일위대가(전기, 통신, 전기소방)
A3: 품 명 | B3: 규 격 | C3: 단위 | D3: 재 료 비 | O3: 번 호 | P3: 비 고
D4: 조달청가격 | E4: PAGE | F4: 거래가격 | G4: PAGE | H4: 유통물가 | I4: PAGE | J4: 물가자료 | K4: PAGE | L4: 물가정보 | M4: PAGE | N4: 적용단가
A5: 이온방사형 광역 피뢰침 | B5: 보호반경 65m | C5: 개 | D5: 0 | F5: 4000000 | G5: 1074 | H5: 0 | J5: 0 | L5: 0 | N5: =SMALL(D5:L5,COUNTIF(D5:L5,0)+1) -> 4000000
A6: 이온방사형 광역 피뢰침 | B6: 보호반경 84m | C6: 개 | D6: 0 | F6: 4500000 | G6: 1074 | H6: 0 | J6: 0 | L6: 0 | N6: =SMALL(D6:L6,COUNTIF(D6:L6,0)+1) -> 4500000
A7: 이온방사형 광역 피뢰침 | B7: 보호반경 107m | C7: 개 | D7: 0 | F7: 6000000 | G7: 1074 | H7: 0 | J7: 0 | L7: 0 | N7: =SMALL(D7:L7,COUNTIF(D7:L7,0)+1) -> 6000000
A8: 피뢰침 | B8: 14Φx485(CU) | C8: 개 | D8: 0 | F8: 0 | H8: 27000 | I8: 925 | J8: 42000 | K8: 1198 | L8: 45000 | M8: 1274 | N8: =SMALL(D8:L8,COUNTIF(D8:L8,0)+1) -> 27000
A9: 피뢰침 | B9: 주 공 용 (CU) | C9: 개 | D9: 0 | F9: 0 | H9: 45000 | I9: 925 | J9: 63000 | K9: 1198 | L9: 65000 | M9: 1274 | N9: =SMALL(D9:L9,COUNTIF(D9:L9,0)+1) -> 45000
A10: 피뢰침 | B10: 일 자 용 (STS) | C10: 개 | D10: 0 | F10: 0 | H10: 0 | J10: 0 | L10: 120000 | M10: 1274 | N10: =SMALL(D10:L10,COUNTIF(D10:L10,0)+1) -> 120000
A11: 피뢰침지지대(STS 지선 기초포함) | B11: H:3.0M | C11: Set | D11: 184293 | F11: 360000 | G11: 1074 | H11: 225000 | I11: 925 | J11: 315000 | K11: 1198 | L11: 0 | N11: =SMALL(D11:L11,COUNTIF(D11:L11,0)+1) -> 184293
A12: 피뢰침지지대(STS 지선 기초포함) | B12: H:5.0M | C12: Set | D12: 294867 | F12: 580000 | G12: 1074 | H12: 360000 | I12: 925 | J12: 504000 | K12: 1198 | L12: 0 | N12: =SMALL(D12:L12,COUNTIF(D12:L12,0)+1) -> 294867
A13: 피뢰침지지대(STS 지선 기초포함) | B13: H:7.0M | C13: Set | D13: 368586 | F13: 0 | H13: 480000 | I13: 925 | J13: 672000 | K13: 1198 | L13: 0 | N13: =SMALL(D13:L13,COUNTIF(D13:L13,0)+1) -> 368586
A14: 접 지 봉 | B14: 14Φ*1000mm | C14: 개 | D14: 3316 | F14: 0 | H14: 3900 | I14: 925 | J14: 5780 | K14: 1198 | L14: 0 | N14: =SMALL(D14:L14,COUNTIF(D14:L14,0)+1) -> 3316
A15: 접 지 봉 | B15: 16Φ*1800mm | C15: 개 | D15: 5019 | F15: 0 | H15: 6900 | I15: 925 | J15: 10200 | K15: 1198 | L15: 0 | N15: =SMALL(D15:L15,COUNTIF(D15:L15,0)+1) -> 5019
A16: 접 지 봉 | B16: 18Φ*2400mm | C16: 개 | D16: 8544 | F16: 0 | H16: 11500 | I16: 961 | J16: 0 | L16: 0 | N16: =SMALL(D16:L16,COUNTIF(D16:L16,0)+1) -> 8544
A17: 접 지 봉 | B17: 19Φ*2400mm | C17: 개 | D17: 10054 | F17: 0 | H17: 16500 | I17: 925 | J17: 24360 | K17: 1198 | L17: 0 | N17: =SMALL(D17:L17,COUNTIF(D17:L17,0)+1) -> 10054
A18: 접 지 봉 | B18: 19Φ*3000mm | C18: 개 | D18: 14754 | F18: 0 | H18: 20250 | I18: 925 | J18: 0 | L18: 0 | N18: =SMALL(D18:L18,COUNTIF(D18:L18,0)+1) -> 14754
A19: 접지콘넥타 | B19: 볼트형, 일반형,16Φ | C19: 개 | D19: 827 | F19: 0 | H19: 1200 | I19: 925 | J19: 1800 | K19: 1198 | L19: 0 | N19: =SMALL(D19:L19,COUNTIF(D19:L19,0)+1) -> 827
A20: 접지콘넥타 | B20: 볼트형, 일반형,19Φ | C20: 개 | D20: 1173 | F20: 0 | H20: 1800 | I20: 925 | J20: 2700 | K20: 1198 | L20: 0 | N20: =SMALL(D20:L20,COUNTIF(D20:L20,0)+1) -> 1173
A21: 접지콘넥타 | B21: U볼트형, 16Φ | C21: 개 | D21: 3246 | F21: 0 | H21: 5250 | I21: 925 | J21: 6800 | K21: 1198 | L21: 0 | N21: =SMALL(D21:L21,COUNTIF(D21:L21,0)+1) -> 3246
A22: 접지콘넥타 | B22: U볼트형, 19Φ | C22: 개 | D22: 3798 | F22: 0 | H22: 5250 | I22: 925 | J22: 6800 | K22: 1198 | L22: 0 | N22: =SMALL(D22:L22,COUNTIF(D22:L22,0)+1) -> 3798
A23: 접지 저항 저감제 | B23: 아스론 10KG | C23: 포 | D23: 0 | F23: 0 | H23: 10500 | I23: 961 | J23: 10500 | K23: 1198 | L23: 0 | N23: =SMALL(D23:L23,COUNTIF(D23:L23,0)+1) -> 10500
A24: 피뢰도선 | B24: (CU) 8Φ | C24: M | D24: 0 | F24: 8000 | G24: 1074 | H24: 7410 | I24: 925 | J24: 9000 | K24: 1199 | L24: 9000 | M24: 1274 | N24: =SMALL(D24:L24,COUNTIF(D24:L24,0)+1) -> 7410
A25: 피뢰도선 | B25: (AL) 8Φ | C25: M | D25: 0 | F25: 4000 | G25: 1074 | H25: 1275 | I25: 925 | J25: 3500 | K25: 1199 | L25: 3500 | M25: 1274 | N25: =SMALL(D25:L25,COUNTIF(D25:L25,0)+1) -> 1275
A26: 피뢰도선 | B26: (STS) 8Φ | C26: M | D26: 0 | F26: 0 | H26: 3000 | I26: 925 | J26: 7000 | K26: 1199 | L26: 7000 | M26: 1274 | N26: =SMALL(D26:L26,COUNTIF(D26:L26,0)+1) -> 3000
A27: 피뢰도선 조인트 | B27: (CU) "-" 자형 | C27: 개 | D27: 0 | F27: 0 | H27: 2550 | I27: 925 | J27: 5000 | K27: 1199 | L27: 5000 | M27: 1274 | N27: =SMALL(D27:L27,COUNTIF(D27:L27,0)+1) -> 2550
A28: 피뢰도선 조인트 | B28: (CU) "T" 자형 | C28: 개 | D28: 0 | F28: 4000 | G28: 1074 | H28: 2550 | I28: 925 | J28: 6000 | K28: 1199 | L28: 6000 | M28: 1274 | N28: =SMALL(D28:L28,COUNTIF(D28:L28,0)+1) -> 2550
A29: 피뢰도선 조인트 | B29: (AL) "-" 자형 | C29: 개 | D29: 0 | F29: 0 | H29: 2100 | I29: 925 | J29: 3000 | K29: 1199 | L29: 3000 | M29: 1274 | N29: =SMALL(D29:L29,COUNTIF(D29:L29,0)+1) -> 2100
A30: 피뢰도선 조인트 | B30: (AL) "T" 자형 | C30: 개 | D30: 0 | F30: 3200 | G30: 1074 | H30: 2700 | I30: 925 | J30: 3500 | K30: 1199 | L30: 3500 | M30: 1274 | N30: =SMALL(D30:L30,COUNTIF(D30:L30,0)+1) -> 2700
A31: 피뢰도선 조인트 | B31: (STS) "-" 자형 | C31: 개 | D31: 0 | F31: 0 | H31: 2100 | I31: 925 | J31: 3500 | K31: 1199 | L31: 3500 | M31: 1274 | N31: =SMALL(D31:L31,COUNTIF(D31:L31,0)+1) -> 2100
A32: 피뢰도선 조인트 | B32: (STS) "T" 자형 | C32: 개 | D32: 0 | F32: 0 | H32: 2700 | I32: 925 | J32: 4500 | K32: 1199 | L32: 4500 | M32: 1274 | N32: =SMALL(D32:L32,COUNTIF(D32:L32,0)+1) -> 2700
A33: 이질크램프 | B33: AL+CU 이질스리브 / BOLT | C33: 개 | D33: 0 | F33: 0 | H33: 0 | J33: 7000 | K33: 1199 | L33: 7000 | M33: 1274 | N33: =SMALL(D33:L33,COUNTIF(D33:L33,0)+1) -> 7000
A34: 이질크램프 | B34: AL+CU 이질스리브 / 압착 | C34: 개 | D34: 0 | F34: 0 | H34: 0 | J34: 8000 | K34: 1199 | L34: 8000 | M34: 1274 | N34: =SMALL(D34:L34,COUNTIF(D34:L34,0)+1) -> 8000
A35: 이질크램프 | B35: STS+CU 이질스리브 / T자 | C35: 개 | D35: 0 | F35: 18000 | G35: 1074 | H35: 0 | J35: 10000 | K35: 1199 | L35: 10000 | M35: 1274 | N35: =SMALL(D35:L35,COUNTIF(D35:L35,0)+1) -> 10000
A36: 익스팬션 조인트 | B36: 38x200L (CU) | C36: Set | D36: 0 | F36: 0 | H36: 0 | J36: 10500 | K36: 1199 | L36: 10500 | M36: 1274 | N36: =SMALL(D36:L36,COUNTIF(D36:L36,0)+1) -> 10500
A37: 익스팬션 조인트 | B37: 38x200L (AL) | C37: Set | D37: 0 | F37: 0 | H37: 0 | J37: 8000 | K37: 1199 | L37: 8000 | M37: 1274 | N37: =SMALL(D37:L37,COUNTIF(D37:L37,0)+1) -> 8000
A38: 익스팬션 조인트 | B38: 38x200L (STS) | C38: Set | D38: 0 | F38: 0 | H38: 0 | J38: 13000 | K38: 1199 | L38: 13000 | M38: 1274 | N38: =SMALL(D38:L38,COUNTIF(D38:L38,0)+1) -> 13000
A39: 피뢰도선 지지금구 | B39: 엑폭시애자(동봉) | C39: 개 | D39: 0 | F39: 0 | H39: 0 | J39: 6000 | K39: 1199 | L39: 6000 | M39: 1274 | N39: =SMALL(D39:L39,COUNTIF(D39:L39,0)+1) -> 6000
A40: 피뢰도선 지지금구 | B40: 폴리카본(JSP-100) | C40: 개 | D40: 0 | F40: 0 | H40: 0 | J40: 4000 | K40: 1199 | L40: 4000 | M40: 1274 | N40: =SMALL(D40:L40,COUNTIF(D40:L40,0)+1) -> 4000
A41: 피뢰도선 지지금구 | B41: 폴리카본(JSP-200) | C41: 개 | D41: 0 | F41: 0 | H41: 0 | J41: 4000 | K41: 1199 | L41: 4000 | M41: 1274 | N41: =SMALL(D41:L41,COUNTIF(D41:L41,0)+1) -> 4000
A42: 피뢰도선 지지금구 | B42: STS애자(JSP-300) | C42: 개 | D42: 0 | F42: 0 | H42: 0 | J42: 5000 | K42: 1199 | L42: 5000 | M42: 1274 | N42: =SMALL(D42:L42,COUNTIF(D42:L42,0)+1) -> 5000
A43: 피뢰도선 지지금구 | B43: STS애자(JSP-400) | C43: 개 | D43: 0 | F43: 0 | H43: 0 | J43: 6000 | K43: 1199 | L43: 6000 | M43: 1274 | N43: =SMALL(D43:L43,COUNTIF(D43:L43,0)+1) -> 6000
A44: 피뢰도선 지지금구 | B44: 나동선새들(JS) | C44: 개 | D44: 0 | F44: 0 | H44: 0 | J44: 3000 | K44: 1199 | L44: 3000 | M44: 1274 | N44: =SMALL(D44:L44,COUNTIF(D44:L44,0)+1) -> 3000
A45: 피뢰도선 지지금구 | B45: 평지용 지지대(STS) | C45: 개 | D45: 0 | F45: 0 | H45: 0 | J45: 3000 | K45: 1199 | L45: 3000 | M45: 1274 | N45: =SMALL(D45:L45,COUNTIF(D45:L45,0)+1) -> 3000
A46: 피뢰도선 지지금구 | B46: 용마루 지지대(STS) | C46: 개 | D46: 0 | F46: 0 | H46: 0 | J46: 5000 | K46: 1199 | L46: 5000 | M46: 1274 | N46: =SMALL(D46:L46,COUNTIF(D46:L46,0)+1) -> 5000
A47: 피뢰도선 지지금구 | B47: 중간경사면 지지대(STS) | C47: 개 | D47: 0 | F47: 0 | H47: 0 | J47: 5000 | K47: 1199 | L47: 5000 | M47: 1274 | N47: =SMALL(D47:L47,COUNTIF(D47:L47,0)+1) -> 5000
A48: 피뢰도선 지지금구 | B48: 말단경사면 지지대(STS) | C48: 개 | D48: 0 | F48: 0 | H48: 0 | J48: 6000 | K48: 1199 | L48: 6000 | M48: 1274 | N48: =SMALL(D48:L48,COUNTIF(D48:L48,0)+1) -> 6000
A49: 접지단자함(매입형STEEL커버) | B49: 1CCT | C49: 개 | D49: 37779 | F49: 0 | H49: 46500 | I49: 925 | J49: 55800 | K49: 1198 | L49: 0 | N49: =SMALL(D49:L49,COUNTIF(D49:L49,0)+1) -> 37779
A50: 접지단자함(매입형STEEL커버) | B50: 2CCT | C50: 개 | D50: 69570 | F50: 0 | H50: 90000 | I50: 925 | J50: 108000 | K50: 1198 | L50: 0 | N50: =SMALL(D50:L50,COUNTIF(D50:L50,0)+1) -> 69570
A51: 접지단자함(매입형STEEL커버) | B51: 3CCT | C51: 개 | D51: 85579 | F51: 0 | H51: 108750 | I51: 925 | J51: 130000 | K51: 1198 | L51: 0 | N51: =SMALL(D51:L51,COUNTIF(D51:L51,0)+1) -> 85579
A52: 접지단자함(매입형STEEL커버) | B52: 4CCT | C52: 개 | D52: 119328 | F52: 0 | H52: 141750 | I52: 925 | J52: 170100 | K52: 1198 | L52: 0 | N52: =SMALL(D52:L52,COUNTIF(D52:L52,0)+1) -> 119328
A53: 접지단자함(매입형STEEL커버) | B53: 5CCT | C53: 개 | D53: 136835 | F53: 0 | H53: 160500 | I53: 925 | J53: 192600 | K53: 1198 | L53: 0 | N53: =SMALL(D53:L53,COUNTIF(D53:L53,0)+1) -> 136835
A54: 접지단자함(매입형SUS커버) | B54: 1CCT | C54: 개 | D54: 82584 | F54: 0 | H54: 114000 | I54: 925 | J54: 136800 | K54: 1198 | L54: 74000 | M54: 1275 | N54: =SMALL(D54:L54,COUNTIF(D54:L54,0)+1) -> 74000
A55: 접지단자함(매입형SUS커버) | B55: 2CCT | C55: 개 | D55: 139254 | F55: 0 | H55: 198750 | I55: 925 | J55: 238500 | K55: 1198 | L55: 0 | N55: =SMALL(D55:L55,COUNTIF(D55:L55,0)+1) -> 139254
A56: 접지단자함(매입형SUB커버) | B56: 3CCT | C56: 개 | D56: 157224 | F56: 0 | H56: 217500 | I56: 925 | J56: 261000 | K56: 1198 | L56: 140000 | M56: 1275 | N56: =SMALL(D56:L56,COUNTIF(D56:L56,0)+1) -> 140000
A57: 접지단자함(매입형SUB커버) | B57: 4CCT | C57: 개 | D57: 200188 | F57: 0 | H57: 273000 | I57: 925 | J57: 327600 | K57: 1198 | L57: 0 | N57: =SMALL(D57:L57,COUNTIF(D57:L57,0)+1) -> 200188
A58: 접지단자함(매입형SUB커버) | B58: 5CCT | C58: 개 | D58: 216428 | F58: 0 | H58: 292500 | I58: 925 | J58: 351000 | K58: 1198 | L58: 250000 | M58: 1275 | N58: =SMALL(D58:L58,COUNTIF(D58:L58,0)+1) -> 216428
A59: 접지단자함(매입형SUS커버) | B59: 7CCT | C59: 개 | D59: 0 | F59: 0 | H59: 0 | J59: 0 | L59: 350000 | M59: 1275 | N59: =SMALL(D59:L59,COUNTIF(D59:L59,0)+1) -> 350000
A60: 접지단자함(매입형SUS커버) | B60: 9CCT | C60: 개 | D60: 0 | F60: 0 | H60: 0 | J60: 0 | L60: 500000 | M60: 1275 | N60: =SMALL(D60:L60,COUNTIF(D60:L60,0)+1) -> 500000
A61: 접지단자함(노출 ALL SUS) | B61: 1CCT | C61: 개 | D61: 0 | F61: 0 | H61: 0 | J61: 0 | L61: 120000 | M61: 1275 | N61: =SMALL(D61:L61,COUNTIF(D61:L61,0)+1) -> 120000
A62: 접지단자함(노출 ALL SUS) | B62: 3CCT | C62: 개 | D62: 0 | F62: 0 | H62: 0 | J62: 0 | L62: 200000 | M62: 1275 | N62: =SMALL(D62:L62,COUNTIF(D62:L62,0)+1) -> 200000
A63: 접지단자함(노출 ALL SUS) | B63: 5CCT | C63: 개 | D63: 0 | F63: 0 | H63: 0 | J63: 0 | L63: 380000 | M63: 1275 | N63: =SMALL(D63:L63,COUNTIF(D63:L63,0)+1) -> 380000
A64: 접지단자함(노출 ALL SUS) | B64: 7CCT | C64: 개 | D64: 0 | F64: 0 | H64: 0 | J64: 0 | L64: 400000 | M64: 1275 | N64: =SMALL(D64:L64,COUNTIF(D64:L64,0)+1) -> 400000
A65: 접지단자함(노출 ALL SUS) | B65: 9CCT | C65: 개 | D65: 0 | F65: 0 | H65: 0 | J65: 0 | L65: 650000 | M65: 1275 | N65: =SMALL(D65:L65,COUNTIF(D65:L65,0)+1) -> 650000

Sheet 9.전기(분전반)
A1: 단 가 대 비 표 | R1: 만든이:나라기술 정진붕
A2: 2026년 상반기 충남교육청 건설공사 일위대가(전기, 통신, 전기소방)
A3: 품 명 | B3: 규 격 | C3: 단위 | D3: 재 료 비 | O3: 번 호 | P3: 비 고
D4: 조달청가격 | E4: PAGE | F4: 거래가격 | G4: PAGE | H4: 유통물가 | I4: PAGE | J4: 물가자료 | K4: PAGE | L4: 물가정보 | M4: PAGE | N4: 적용단가
A5: 누전 차단기 | B5: 2P 30AF 2.5KA(미니) | C5: 개 | D5: 0 | F5: 15800 | G5: 1065 | H5: 15800 | I5: 901 | J5: 15600 | K5: 1162 | L5: 18000 | M5: 1236 | N5: =SMALL(D5:L5,COUNTIF(D5:L5,0)+1) -> 15600
A6: 누전 차단기 | B6: 2P 30AF 2.5KA(분전반용) | C6: 개 | D6: 0 | F6: 16100 | G6: 1065 | H6: 16100 | I6: 901 | J6: 16700 | K6: 1162 | L6: 16400 | M6: 1236 | N6: =SMALL(D6:L6,COUNTIF(D6:L6,0)+1) -> 16100
A7: 누전 차단기 | B7: 2P 30AF 5KA | C7: 개 | D7: 0 | F7: 43800 | G7: 1065 | H7: 47700 | I7: 901 | J7: 45500 | K7: 1161 | L7: 45500 | M7: 1236 | N7: =SMALL(D7:L7,COUNTIF(D7:L7,0)+1) -> 43800
A8: 누전 차단기 | B8: 2P 50AF 5KA | C8: 개 | D8: 0 | F8: 47200 | G8: 1065 | H8: 51400 | I8: 901 | J8: 48900 | K8: 1161 | L8: 48900 | M8: 1236 | N8: =SMALL(D8:L8,COUNTIF(D8:L8,0)+1) -> 47200
A9: 누전 차단기 | B9: 3P 30AF 14KA | C9: 개 | D9: 0 | F9: 95800 | G9: 1065 | H9: 94300 | I9: 901 | J9: 89800 | K9: 1162 | L9: 52600 | M9: 1236 | N9: =SMALL(D9:L9,COUNTIF(D9:L9,0)+1) -> 52600
A10: 누전 차단기 | B10: 3P 50AF 18KA | C10: 개 | D10: 0 | F10: 95800 | G10: 1065 | H10: 104300 | I10: 901 | J10: 86000 | K10: 1162 | L10: 99300 | M10: 1236 | N10: =SMALL(D10:L10,COUNTIF(D10:L10,0)+1) -> 86000
A11: 누전 차단기 | B11: 3P 60AF 18KA | C11: 개 | D11: 0 | F11: 101400 | G11: 1065 | H11: 110400 | I11: 901 | J11: 93000 | K11: 1162 | L11: 105200 | M11: 1236 | N11: =SMALL(D11:L11,COUNTIF(D11:L11,0)+1) -> 93000
A12: 누전 차단기 | B12: 3P 125AF 37KA | C12: 개 | D12: 0 | F12: 192300 | G12: 1065 | H12: 209400 | I12: 901 | J12: 199500 | K12: 1162 | L12: 0 | N12: =SMALL(D12:L12,COUNTIF(D12:L12,0)+1) -> 192300
A13: 누전 차단기 | B13: 3P 250AF 37KA | C13: 개 | D13: 0 | F13: 340100 | G13: 1065 | H13: 370300 | I13: 901 | J13: 352700 | K13: 1162 | L13: 352700 | M13: 1236 | N13: =SMALL(D13:L13,COUNTIF(D13:L13,0)+1) -> 340100
A14: 누전 차단기 | B14: 3P 400AF 50KA | C14: 개 | D14: 0 | F14: 614100 | G14: 1065 | H14: 668700 | I14: 901 | J14: 636800 | K14: 1162 | L14: 636800 | M14: 1236 | N14: =SMALL(D14:L14,COUNTIF(D14:L14,0)+1) -> 614100
A15: 누전 차단기 | B15: 3P 630AF 50KA | C15: 개 | D15: 0 | F15: 1185900 | G15: 1065 | H15: 1291400 | I15: 901 | J15: 1229900 | K15: 1162 | L15: 1229900 | M15: 1236 | N15: =SMALL(D15:L15,COUNTIF(D15:L15,0)+1) -> 1185900
A16: 누전 차단기 | B16: 4P 30AF 14KA | C16: 개 | D16: 0 | F16: 118900 | G16: 1065 | H16: 129500 | I16: 901 | J16: 123300 | K16: 1162 | L16: 123300 | M16: 1236 | N16: =SMALL(D16:L16,COUNTIF(D16:L16,0)+1) -> 118900
A17: 누전 차단기 | B17: 4P 50AF 18KA | C17: 개 | D17: 0 | F17: 154900 | G17: 1065 | H17: 168600 | I17: 901 | J17: 160660 | K17: 1162 | L17: 160600 | M17: 1236 | N17: =SMALL(D17:L17,COUNTIF(D17:L17,0)+1) -> 154900
A18: 누전 차단기 | B18: 4P 125AF 37KA | C18: 개 | D18: 0 | F18: 231000 | G18: 1065 | H18: 251500 | I18: 901 | J18: 239600 | K18: 1162 | L18: 239600 | M18: 1236 | N18: =SMALL(D18:L18,COUNTIF(D18:L18,0)+1) -> 231000
A19: 누전 차단기 | B19: 4P 250AF 37KA | C19: 개 | D19: 0 | F19: 479000 | G19: 1065 | H19: 521600 | I19: 901 | J19: 496700 | K19: 1162 | L19: 496700 | M19: 1236 | N19: =SMALL(D19:L19,COUNTIF(D19:L19,0)+1) -> 479000
A20: 누전 차단기 | B20: 4P 400AF 50KA | C20: 개 | D20: 0 | F20: 822200 | G20: 1065 | H20: 1007100 | I20: 901 | J20: 841200 | K20: 1162 | L20: 841200 | M20: 1236 | N20: =SMALL(D20:L20,COUNTIF(D20:L20,0)+1) -> 822200
A21: 배선용 차단기 | B21: 2P 30AF 14KA | C21: 개 | D21: 0 | F21: 33700 | G21: 1069 | H21: 33700 | I21: 895 | J21: 34000 | K21: 1154 | L21: 32500 | M21: 1237 | N21: =SMALL(D21:L21,COUNTIF(D21:L21,0)+1) -> 32500
A22: 배선용 차단기 | B22: 2P 50AF 18KA | C22: 개 | D22: 0 | F22: 44900 | G22: 1069 | H22: 44900 | I22: 895 | J22: 45000 | K22: 1154 | L22: 43300 | M22: 1237 | N22: =SMALL(D22:L22,COUNTIF(D22:L22,0)+1) -> 43300
A23: 배선용 차단기 | B23: 2P 60AF 18KA | C23: 개 | D23: 0 | F23: 47700 | G23: 1069 | H23: 47700 | I23: 895 | J23: 48000 | K23: 1154 | L23: 46000 | M23: 1237 | N23: =SMALL(D23:L23,COUNTIF(D23:L23,0)+1) -> 46000
A24: 배선용 차단기 | B24: 2P 125AF 18KA | C24: 개 | D24: 0 | F24: 91100 | G24: 1069 | H24: 91100 | I24: 895 | J24: 91000 | L24: 87800 | M24: 1237 | N24: =SMALL(D24:L24,COUNTIF(D24:L24,0)+1) -> 87800
A25: 배선용 차단기 | B25: 3P 30AF 14KA | C25: 개 | D25: 0 | F25: 55200 | G25: 1069 | H25: 55200 | I25: 895 | J25: 55000 | K25: 1154 | L25: 53200 | M25: 1237 | N25: =SMALL(D25:L25,COUNTIF(D25:L25,0)+1) -> 53200
A26: 배선용 차단기 | B26: 3P 50AF 18KA | C26: 개 | D26: 0 | F26: 60000 | G26: 1069 | H26: 60000 | I26: 895 | J26: 60000 | K26: 1154 | L26: 57900 | M26: 1237 | N26: =SMALL(D26:L26,COUNTIF(D26:L26,0)+1) -> 57900
A27: 배선용 차단기 | B27: 3P 60AF 18KA | C27: 개 | D27: 0 | F27: 62600 | G27: 1069 | H27: 62600 | I27: 895 | J27: 63000 | K27: 1154 | L27: 60400 | M27: 1237 | N27: =SMALL(D27:L27,COUNTIF(D27:L27,0)+1) -> 60400
A28: 배선용 차단기 | B28: 3P 125AF 37KA | C28: 개 | D28: 0 | F28: 116900 | G28: 1069 | H28: 116900 | I28: 895 | J28: 117000 | K28: 1154 | L28: 112800 | M28: 1237 | N28: =SMALL(D28:L28,COUNTIF(D28:L28,0)+1) -> 112800
A29: 배선용 차단기 | B29: 3P 250AF 37KA | C29: 개 | D29: 0 | F29: 281100 | G29: 1069 | H29: 281100 | I29: 895 | J29: 281000 | K29: 1154 | L29: 271100 | M29: 1237 | N29: =SMALL(D29:L29,COUNTIF(D29:L29,0)+1) -> 271100
A30: 배선용 차단기 | B30: 3P 400AF 50KA | C30: 개 | D30: 0 | F30: 467400 | G30: 1069 | H30: 467400 | I30: 895 | J30: 467000 | K30: 1154 | L30: 450700 | M30: 1237 | N30: =SMALL(D30:L30,COUNTIF(D30:L30,0)+1) -> 450700
A31: 배선용 차단기 | B31: 4P 30AF 14KA | C31: 개 | D31: 0 | F31: 65600 | G31: 1069 | H31: 65600 | I31: 895 | J31: 66000 | K31: 1154 | L31: 63300 | M31: 1237 | N31: =SMALL(D31:L31,COUNTIF(D31:L31,0)+1) -> 63300
A32: 배선용 차단기 | B32: 4P 50AF 18KA | C32: 개 | D32: 0 | F32: 74900 | G32: 1069 | H32: 74900 | I32: 895 | J32: 75000 | K32: 1154 | L32: 72300 | M32: 1237 | N32: =SMALL(D32:L32,COUNTIF(D32:L32,0)+1) -> 72300
A33: 배선용 차단기 | B33: 4P 60AF 18KA | C33: 개 | D33: 0 | F33: 79100 | G33: 1069 | H33: 79100 | I33: 895 | J33: 79000 | K33: 1154 | L33: 76200 | M33: 1237 | N33: =SMALL(D33:L33,COUNTIF(D33:L33,0)+1) -> 76200
A34: 배선용 차단기 | B34: 4P 125AF 37KA | C34: 개 | D34: 0 | F34: 144800 | G34: 1069 | H34: 144800 | I34: 895 | J34: 145000 | K34: 1154 | L34: 139600 | M34: 1237 | N34: =SMALL(D34:L34,COUNTIF(D34:L34,0)+1) -> 139600
A35: 배선용 차단기 | B35: 4P 250AF 37KA | C35: 개 | D35: 0 | F35: 322400 | G35: 1069 | H35: 322400 | I35: 895 | J35: 322000 | K35: 1154 | L35: 310900 | M35: 1237 | N35: =SMALL(D35:L35,COUNTIF(D35:L35,0)+1) -> 310900
A36: 배선용 차단기 | B36: 4P 400AF 50KA | C36: 개 | D36: 0 | F36: 569600 | G36: 1069 | H36: 569600 | I36: 895 | J36: 570000 | K36: 1154 | L36: 549300 | M36: 1237 | N36: =SMALL(D36:L36,COUNTIF(D36:L36,0)+1) -> 549300
... A61: 전력용콘덴서 | B61: 380. 440V, 3P 150㎌ | C61: 개 | D61: 0 | F61: 116600 | G61: 1046 | H61: 128260 | I61: 877 | J61: 87400 | K61: 1117 | L61: 128260 | M61: 1227 | N61: =SMALL(D61:L61,COUNTIF(D61:L61,0)+1) -> 87400
A62: 전력용콘덴서 | B62: 380. 440V, 3P 175㎌ | C62: 개 | D62: 0 | F62: 123600 | G62: 1046 | H62: 135960 | I62: 877 | J62: 0 | L62: 135960 | M62: 1227 | N62: =SMALL(D62:L62,COUNTIF(D62:L62,0)+1) -> 123600
A63: 전력용콘덴서 | B63: 380. 440V, 3P 200㎌ | C63: 개 | D63: 0 | F63: 153400 | G63: 1046 | H63: 168740 | I63: 877 | J63: 115000 | K63: 1117 | L63: 168740 | M63: 1227 | N63: =SMALL(D63:L63,COUNTIF(D63:L63,0)+1) -> 115000
A64: 전력용콘덴서 | B64: 380. 440V, 3P 250㎌ | C64: 개 | D64: 0 | F64: 195400 | G64: 1046 | H64: 214940 | I64: 877 | J64: 146000 | K64: 1117 | L64: 214940 | M64: 1227 | N64: =SMALL(D64:L64,COUNTIF(D64:L64,0)+1) -> 146000
A65: 전력용콘덴서 | B65: 380. 440V, 3P 300㎌ | C65: 개 | D65: 0 | F65: 224800 | G65: 1046 | H65: 247280 | I65: 877 | J65: 167900 | K65: 1117 | L65: 247280 | M65: 1227 | N65: =SMALL(D65:L65,COUNTIF(D65:L65,0)+1) -> 167900
A66: 전력용콘덴서 | B66: 380. 440V, 3P 10kVA | C66: 개 | D66: 0 | F66: 116000 | G66: 1046 | H66: 127600 | I66: 877 | J66: 86900 | K66: 1117 | L66: 127600 | M66: 1227 | N66: =SMALL(D66:L66,COUNTIF(D66:L66,0)+1) -> 86900
A67: 전력용콘덴서 | B67: 380. 440V, 3P 15kVA | C67: 개 | D67: 0 | F67: 176000 | G67: 1046 | H67: 193600 | I67: 877 | J67: 132200 | K67: 1117 | L67: 193600 | M67: 1227 | N67: =SMALL(D67:L67,COUNTIF(D67:L67,0)+1) -> 132200
A68: 전력용콘덴서 | B68: 380. 440V, 3P 20kVA | C68: 개 | D68: 0 | F68: 236000 | G68: 1046 | H68: 259600 | I68: 877 | J68: 177100 | K68: 1117 | L68: 259600 | M68: 1227 | N68: =SMALL(D68:L68,COUNTIF(D68:L68,0)+1) -> 177100
A69: 전력용콘덴서 | B69: 380. 440V, 3P 25kVA | C69: 개 | D69: 0 | F69: 272000 | G69: 1046 | H69: 299200 | I69: 877 | J69: 202400 | K69: 1117 | L69: 299200 | M69: 1227 | N69: =SMALL(D69:L69,COUNTIF(D69:L69,0)+1) -> 202400
A70: 전력용콘덴서 | B70: 380. 440V, 3P 30kVA | C70: 개 | D70: 0 | F70: 330000 | G70: 1046 | H70: 363000 | I70: 877 | J70: 246100 | K70: 1117 | L70: 363000 | M70: 1227 | N70: =SMALL(D70:L70,COUNTIF(D70:L70,0)+1) -> 246100
A71: 전력용콘덴서 | B71: 380. 440V, 3P 50kVA | C71: 개 | D71: 0 | F71: 494000 | G71: 1046 | H71: 543400 | I71: 877 | J71: 370300 | K71: 1117 | L71: 543400 | M71: 1227 | N71: =SMALL(D71:L71,COUNTIF(D71:L71,0)+1) -> 370300
A72: 전력용콘덴서 | B72: 380. 440V, 3P 75kVA | C72: 개 | D72: 0 | F72: 756000 | G72: 1046 | H72: 831600 | I72: 877 | J72: 566900 | K72: 1117 | L72: 831600 | M72: 1227 | N72: =SMALL(D72:L72,COUNTIF(D72:L72,0)+1) -> 566900
A73: 전력용콘덴서 | B73: 380. 440V, 3P 100kVA | C73: 개 | D73: 0 | F73: 950000 | G73: 1046 | H73: 1045000 | I73: 877 | J73: 711800 | K73: 1117 | L73: 1045000 | M73: 1227 | N73: =SMALL(D73:L73,COUNTIF(D73:L73,0)+1) -> 711800
A74: 전자접촉기 | B74: 1￠220V 20A | C74: 개 | D74: 0 | F74: 0 | H74: 0 | J74: 18640 | K74: 1145 | L74: 0 | N74: =SMALL(D74:L74,COUNTIF(D74:L74,0)+1) -> 18640
A75: 전자접촉기 | B75: 1￠220V 26A | C75: 개 | D75: 0 | F75: 0 | H75: 0 | J75: 33040 | K75: 1145 | L75: 0 | N75: =SMALL(D75:L75,COUNTIF(D75:L75,0)+1) -> 33040
A76: 전자접촉기 | B76: 1￠220V 35A | C76: 개 | D76: 0 | F76: 0 | H76: 0 | J76: 40120 | K76: 1145 | L76: 0 | N76: =SMALL(D76:L76,COUNTIF(D76:L76,0)+1) -> 40120
A77: 전자접촉기 | B77: 1￠220V 48A | C77: 개 | D77: 0 | F77: 0 | H77: 0 | J77: 44840 | K77: 1145 | L77: 0 | N77: =SMALL(D77:L77,COUNTIF(D77:L77,0)+1) -> 44840
A78: 전자접촉기 | B78: 1￠220V 50A | C78: 개 | D78: 0 | F78: 0 | H78: 0 | J78: 49560 | K78: 1145 | L78: 0 | N78: =SMALL(D78:L78,COUNTIF(D78:L78,0)+1) -> 49560
A79: 전자접촉기 | B79: 1￠220V 65A | C79: 개 | D79: 0 | F79: 0 | H79: 0 | J79: 64900 | K79: 1145 | L79: 0 | N79: =SMALL(D79:L79,COUNTIF(D79:L79,0)+1) -> 64900
A80: 전자접촉기 | B80: 1￠220V 75A | C80: 개 | D80: 0 | F80: 0 | H80: 0 | J80: 69620 | K80: 1145 | L80: 0 | N80: =SMALL(D80:L80,COUNTIF(D80:L80,0)+1) -> 69620
A81: 전자접촉기 | B81: 1￠220V 80A | C81: 개 | D81: 0 | F81: 0 | H81: 0 | J81: 75520 | K81: 1145 | L81: 0 | N81: =SMALL(D81:L81,COUNTIF(D81:L81,0)+1) -> 75520
A82: 전자접촉기 | B82: 1￠220V 100A | C82: 개 | D82: 0 | F82: 0 | H82: 0 | J82: 101480 | K82: 1145 | L82: 0 | N82: =SMALL(D82:L82,COUNTIF(D82:L82,0)+1) -> 101480
A83: 전자접촉기 | B83: 3￠380V 20A | C83: 개 | D83: 0 | F83: 0 | H83: 0 | J83: 24780 | K83: 1145 | L83: 0 | N83: =SMALL(D83:L83,COUNTIF(D83:L83,0)+1) -> 24780
A84: 전자접촉기 | B84: 3￠380V 25A | C84: 개 | D84: 0 | F84: 0 | H84: 0 | J84: 33040 | K84: 1145 | L84: 0 | N84: =SMALL(D84:L84,COUNTIF(D84:L84,0)+1) -> 33040
A85: 전자접촉기 | B85: 3￠380V 32A | C85: 개 | D85: 0 | F85: 0 | H85: 0 | J85: 40120 | K85: 1145 | L85: 0 | N85: =SMALL(D85:L85,COUNTIF(D85:L85,0)+1) -> 40120
... A97: 전자접촉기 | B97: 3￠380V 330A | C97: 개 | D97: 0 | F97: 0 | H97: 0 | J97: 1056000 | K97: 1145 | L97: 0 | N97: =SMALL(D97:L97,COUNTIF(D97:L97,0)+1) -> 1056000
A98: 전력량계(디지털) | B98: 1P2W AC220V 40(10)A | C98: 개 | D98: 0 | F98: 0 | H98: 61000 | I98: 922 | J98: 58000 | K98: 1166 | L98: 0 | N98: =SMALL(D98:L98,COUNTIF(D98:L98,0)+1) -> 58000
A99: 전력량계(디지털) | B99: 1P2W AC220V 80(20)A | C99: 개 | D99: 0 | F99: 0 | H99: 97000 | I99: 922 | J99: 92000 | K99: 1166 | L99: 0 | N99: =SMALL(D99:L99,COUNTIF(D99:L99,0)+1) -> 92000
A100: 전력량계(디지털) | B100: 1P2W AC220V 120(30)A | C100: 개 | D100: 0 | F100: 0 | H100: 130000 | I100: 922 | J100: 124000 | K100: 1166 | L100: 0 | N100: =SMALL(D100:L100,COUNTIF(D100:L100,0)+1) -> 124000
A101: 전력량계(디지털) | B101: 3P4W AC220/380V, 40(10)A | C101: 개 | D101: 0 | F101: 0 | H101: 189000 | I101: 922 | J101: 189000 | K101: 1166 | L101: 0 | N101: =SMALL(D101:L101,COUNTIF(D101:L101,0)+1) -> 189000
A102: 전력량계(디지털) | B102: 3P4W AC220/380V, 80(20)A | C102: 개 | D102: 0 | F102: 0 | H102: 205000 | I102: 922 | J102: 195000 | K102: 1166 | L102: 0 | N102: =SMALL(D102:L102,COUNTIF(D102:L102,0)+1) -> 195000
A103: 전력량계(디지털) | B103: 3P4W AC220/380V,120(30)A | C103: 개 | D103: 0 | F103: 0 | H103: 223000 | I103: 922 | J103: 212000 | K103: 1166 | L103: 0 | N103: =SMALL(D103:L103,COUNTIF(D103:L103,0)+1) -> 212000
A104: 전원용서지보호기 | B104: 2P 40KA 220V | C104: 개 | D104: 0 | F104: 0 | H104: 194400 | I104: 928 | J104: 180000 | K104: 1191 | L104: 150000 | M104: 1272 | N104: =SMALL(D104:L104,COUNTIF(D104:L104,0)+1) -> 150000
A105: 전원용서지보호기 | B105: 2P 80KA 220V | C105: 개 | D105: 0 | F105: 0 | H105: 281900 | I105: 928 | J105: 261000 | K105: 1191 | L105: 300000 | M105: 1272 | N105: =SMALL(D105:L105,COUNTIF(D105:L105,0)+1) -> 261000
A106: 전원용서지보호기 | B106: 4P 40KA 220V/380V | C106: 개 | D106: 0 | F106: 0 | H106: 259200 | I106: 928 | J106: 240000 | K106: 1191 | L106: 300000 | M106: 1272 | N106: =SMALL(D106:L106,COUNTIF(D106:L106,0)+1) -> 240000
A107: 전원용서지보호기 | B107: 4P 80KA 220V/380V | C107: 개 | D107: 0 | F107: 0 | H107: 403400 | I107: 928 | J107: 373500 | K107: 1191 | L107: 400000 | M107: 1272 | N107: =SMALL(D107:L107,COUNTIF(D107:L107,0)+1) -> 373500
A108: 누전경보기 | B108: 6회로 경보용 | C108: 개 | D108: 0 | F108: 0 | H108: 0 | J108: 140000 | K108: 1184 | L108: 0 | N108: =SMALL(D108:L108,COUNTIF(D108:L108,0)+1) -> 140000
A109: 누전경보기 | B109: 10회로 경보용 | C109: 개 | D109: 0 | F109: 0 | H109: 0 | J109: 150000 | K109: 1184 | L109: 0 | N109: =SMALL(D109:L109,COUNTIF(D109:L109,0)+1) -> 150000
A110: 저압용CT | B110: 300/5A | C110: 개 | D110: 0 | F110: 0 | H110: 0 | J110: 24000 | K110: 1184 | L110: 0 | N110: =SMALL(D110:L110,COUNTIF(D110:L110,0)+1) -> 24000
A111: 저압용CT | B111: 300~600/5A | C111: 개 | D111: 0 | F111: 0 | H111: 0 | J111: 24750 | K111: 1184 | L111: 0 | N111: =SMALL(D111:L111,COUNTIF(D111:L111,0)+1) -> 24750
A112: 저압용PT | B112: 220~480/110V 50VA | C112: 개 | D112: 0 | F112: 0 | H112: 0 | J112: 90000 | K112: 1184 | L112: 0 | N112: =SMALL(D112:L112,COUNTIF(D112:L112,0)+1) -> 90000
A113: 저압용GPT | B113: 380/√3/190/√3V50VA | C113: 개 | D113: 0 | F113: 0 | H113: 0 | J113: 105000 | K113: 1184 | L113: 0 | N113: =SMALL(D113:L113,COUNTIF(D113:L113,0)+1) -> 105000
A114: 3상 전류계(디지털)Am | B114: 계측용 | C114: 개 | D114: 0 | F114: 0 | H114: 0 | J114: 126000 | K114: 1201 | L114: 0 | N114: =SMALL(D114:L114,COUNTIF(D114:L114,0)+1) -> 126000
A115: 3상 전압계(디지털)Vm | B115: 계측용 | C115: 개 | D115: 0 | F115: 0 | H115: 0 | J115: 126000 | K115: 1201 | L115: 0 | N115: =SMALL(D115:L115,COUNTIF(D115:L115,0)+1) -> 126000
A116: 역율계(디지털)COSΦ | B116: 계측용 | C116: 개 | D116: 0 | F116: 0 | H116: 0 | J116: 90000 | K116: 1201 | L116: 0 | N116: =SMALL(D116:L116,COUNTIF(D116:L116,0)+1) -> 90000
A117: 주파수계(디지털)Hz | B117: 계측용 | C117: 개 | D117: 0 | F117: 0 | H117: 0 | J117: 90000 | K117: 1201 | L117: 0 | N117: =SMALL(D117:L117,COUNTIF(D117:L117,0)+1) -> 90000
A118: 유효전력계(디지털)kW | B118: 계측용 | C118: 개 | D118: 0 | F118: 0 | H118: 0 | J118: 90000 | K118: 1201 | L118: 0 | N118: =SMALL(D118:L118,COUNTIF(D118:L118,0)+1) -> 90000
A119: 무효전력계(디지털)Kvar | B119: 계측용 | C119: 개 | D119: 0 | F119: 0 | H119: 0 | J119: 90000 | K119: 1201 | L119: 0 | N119: =SMALL(D119:L119,COUNTIF(D119:L119,0)+1) -> 90000
... A123: 역율계 | B123: 3P4W 광각형 | C123: 개 | D123: 0 | F123: 0 | H123: 0 | J123: 135000 | K123: 1201 | L123: 0 | N123: =SMALL(D123:L123,COUNTIF(D123:L123,0)+1) -> 135000
A124: 전압절환스위치 | B124: 3P 4W | C124: 개 | D124: 0 | F124: 12090 | G124: 1089 | H124: 0 | J124: 0 | L124: 0 | N124: =SMALL(D124:L124,COUNTIF(D124:L124,0)+1) -> 12090
A125: 전류절환스위치 | B125: 3P 4W | C125: 개 | D125: 0 | F125: 12090 | G125: 1089 | H125: 0 | J125: 0 | L125: 0 | N125: =SMALL(D125:L125,COUNTIF(D125:L125,0)+1) -> 12090
A126: 24시간아날로그타이머 | B126: 정전보상형 | C126: 개 | D126: 0 | F126: 28000 | G126: 1098 | H126: 0 | J126: 0 | L126: 0 | N126: =SMALL(D126:L126,COUNTIF(D126:L126,0)+1) -> 28000
A127: 디지털타이머(한글지원) | B127: 요일꺼짐,1년365일,일출/일몰내장 | C127: 개 | D127: 0 | F127: 55700 | G127: 1098 | H127: 0 | J127: 0 | L127: 0 | N127: =SMALL(D127:L127,COUNTIF(D127:L127,0)+1) -> 55700
A128: 지시또는표시등 | B128: PL, LED25mm, AC220/110V | C128: 개 | D128: 0 | F128: 3430 | G128: 1089 | H128: 0 | J128: 0 | L128: 0 | N128: =SMALL(D128:L128,COUNTIF(D128:L128,0)+1) -> 3430
A129: 누름버튼스위치(조광형) | B129: 220V 6A | C129: 개 | D129: 0 | F129: 4400 | G129: 1089 | H129: 0 | J129: 0 | L129: 0 | N129: =SMALL(D129:L129,COUNTIF(D129:L129,0)+1) -> 4400
A130: 절환스위치 | B130: 2단 20A | C130: 개 | D130: 0 | F130: 10150 | G130: 1089 | H130: 0 | J130: 0 | L130: 0 | N130: =SMALL(D130:L130,COUNTIF(D130:L130,0)+1) -> 10150
A131: 주택용 분전반 | B131: MAIN:MCCB 30AF(SG32*4개) | C131: 대 | D131: 0 | F131: 0 | H131: 73200 | I131: 906 | J131: 82400 | K131: 1168 | L131: 0 | N131: =SMALL(D131:L131,COUNTIF(D131:L131,0)+1) -> 73200
A132: 주택용 분전반 | B132: MAIN:MCCB 50AF(SG32*4개) | C132: 대 | D132: 0 | F132: 0 | H132: 80400 | I132: 906 | J132: 90300 | K132: 1168 | L132: 0 | N132: =SMALL(D132:L132,COUNTIF(D132:L132,0)+1) -> 80400
A133: 주택용 분전반 | B133: MAIN:MCCB 30AF(SG32*5개) | C133: 대 | D133: 0 | F133: 0 | H133: 84700 | I133: 906 | J133: 95600 | K133: 1168 | L133: 0 | N133: =SMALL(D133:L133,COUNTIF(D133:L133,0)+1) -> 84700
A134: 주택용 분전반 | B134: MAIN:MCCB 30AF(SG32*6개) | C134: 대 | D134: 0 | F134: 0 | H134: 104200 | I134: 906 | J134: 113600 | K134: 1168 | L134: 0 | N134: =SMALL(D134:L134,COUNTIF(D134:L134,0)+1) -> 104200
A135: 주택용 분전반 | B135: MAIN:MCCB 30AF(SG32*8개) | C135: 대 | D135: 0 | F135: 0 | H135: 141200 | I135: 906 | J135: 154800 | K135: 1168 | L135: 0 | N135: =SMALL(D135:L135,COUNTIF(D135:L135,0)+1) -> 141200
A136: 주택용 분전반 | B136: MAIN:MCCB 30AF(SG32*10개) | C136: 대 | D136: 0 | F136: 0 | H136: 158200 | I136: 906 | J136: 188500 | K136: 1168 | L136: 0 | N136: =SMALL(D136:L136,COUNTIF(D136:L136,0)+1) -> 158200
A137: 주택용 분전반 | B137: MAIN:MCCB 30AF(SG32*12개) | C137: 대 | D137: 0 | F137: 0 | H137: 195100 | I137: 906 | J137: 213500 | K137: 1168 | L137: 0 | N137: =SMALL(D137:L137,COUNTIF(D137:L137,0)+1) -> 195100
A138: 차단기함(전면:SUS) | B138: 250*350*150mm | C138: 개 | D138: 0 | F138: 0 | H138: 0 | J138: 0 | L138: 135000 | M138: 견적 | N138: =SMALL(D138:L138,COUNTIF(D138:L138,0)+1) -> 135000
...

Sheet 10.조명기구
A1: 단 가 대 비 표
A2: 2026년 상반기 충남교육청 건설공사 일위대가 (조명기구)
A3: 품 명 | B3: 규 격 | C3: 단위 | D3: 재 료 비 | H3: 비 고
D4: A사 가격 | E4: B사 가격 | F4: C사 가격 | G4: 적용단가
A5: LED실내조명등
A6: LED면조명(M바) 1200*300 | B6: LED 50W | C6: SET | D6: 53000 | E6: 59000 | F6: 61000 | G6: =SMALL(D6:F6,COUNTIF(D6:F6,0)+1) -> 53000
A7: LED면조명(M바) 1200*300 | B7: LED 40W | C7: SET | D7: 53000 | E7: 59000 | F7: 61000 | G7: =SMALL(D7:F7,COUNTIF(D7:F7,0)+1) -> 53000
A8: LED슬림면조명(M바 & 직부) 1280*320 | B8: LED 50W | C8: SET | D8: 57000 | E8: 62000 | F8: 66000 | G8: =SMALL(D8:F8,COUNTIF(D8:F8,0)+1) -> 57000
A9: LED슬림면조명(M바 & 직부) 1280*320 | B9: LED 40W | C9: SET | D9: 58000 | E9: 62000 | F9: 66000 | G9: =SMALL(D9:F9,COUNTIF(D9:F9,0)+1) -> 58000
A10: LED슬림면조명(M바 & 직부) 640*310 | B10: LED 20W | C10: SET | D10: 56000 | E10: 66000 | F10: 67000 | G10: =SMALL(D10:F10,COUNTIF(D10:F10,0)+1) -> 56000
A11: LED슬림면조명(M바 &직부) 640*640 | B11: LED 50W | C11: SET | D11: 58000 | E11: 62000 | F11: 66000 | G11: =SMALL(D11:F11,COUNTIF(D11:F11,0)+1) -> 58000
A12: LED슬림면조명(M바 &직부) 640*640 | B12: LED 40W | C12: SET | D12: 58000 | E12: 62000 | F12: 66000 | G12: =SMALL(D12:F12,COUNTIF(D12:F12,0)+1) -> 58000
A13: LED슬림면조명(클립바) 1200*300 | B13: LED 50W | C13: SET | D13: 68500 | E13: 75000 | F13: 78000 | G13: =SMALL(D13:F13,COUNTIF(D13:F13,0)+1) -> 68500
A14: LED슬림면조명(클립바) 600*600 | B14: LED 50W | C14: SET | D14: 68500 | E14: 68700 | F14: 69985 | G14: =SMALL(D14:F14,COUNTIF(D14:F14,0)+1) -> 68500
A15: LED슬림면조명(클립바) 600*300 | B15: LED 20W | C15: SET | D15: 63000 | E15: 66000 | F15: 67000 | G15: =SMALL(D15:F15,COUNTIF(D15:F15,0)+1) -> 63000
A16: LED슬림면조명(클립바) 300*300 | B16: LED 14W | C16: SET | D16: 48000 | E16: 55000 | F16: 58000 | G16: =SMALL(D16:F16,COUNTIF(D16:F16,0)+1) -> 48000
A17: LED칠판등(백색분체도장) | B17: LED 18W | C17: SET | D17: 60500 | E17: 63000 | F17: 65000 | G17: =SMALL(D17:F17,COUNTIF(D17:F17,0)+1) -> 60500
... A22: LED원형직부등 | B22: LED 12W | C22: SET | D22: 28000 | E22: 35000 | F22: 37000 | G22: =SMALL(D22:F22,COUNTIF(D22:F22,0)+1) -> 28000
A23: LED원형직부등(방수타입) | B23: LED 15W | C23: SET | D23: 55000 | E23: 57000 | F23: 65000 | G23: =SMALL(D23:F23,COUNTIF(D23:F23,0)+1) -> 55000 | H23: KS,고효율
A24: LED원형센서등 | B24: LED 12W | C24: SET | D24: 35000 | E24: 38000 | F24: 40000 | G24: =SMALL(D24:F24,COUNTIF(D24:F24,0)+1) -> 35000
A25: LED 벽부등 | B25: LED 12W 이하 | C25: SET | D25: 47000 | E25: 55000 | F25: 57000 | G25: =SMALL(D25:F25,COUNTIF(D25:F25,0)+1) -> 47000
A26: LED 사각방등 | B26: LED 50W | C26: SET | D26: 85000 | E26: 88000 | F26: 89000 | G26: =SMALL(D26:F26,COUNTIF(D26:F26,0)+1) -> 85000
A27: LED 사각방등 | B27: LED 40W | C27: SET | D27: 84000 | E27: 87000 | F27: 88000 | G27: =SMALL(D27:F27,COUNTIF(D27:F27,0)+1) -> 84000
A28: LED 거실등 (50W*3) | B28: LED 150W | C28: SET | D28: 350000 | E28: 370000 | F28: 410000 | G28: =SMALL(D28:F28,COUNTIF(D28:F28,0)+1) -> 350000
A29: LED 세면등 | B29: LED 25W | C29: SET | D29: 74000 | E29: 81000 | F29: 83000 | G29: =SMALL(D29:F29,COUNTIF(D29:F29,0)+1) -> 74000
A30: LED T5간접등(1198mm) | B30: LED 20W | C30: SET | D30: 42000 | E30: 45000 | F30: 47000 | G30: =SMALL(D30:F30,COUNTIF(D30:F30,0)+1) -> 42000 | H30: KS,고효율
A31: LED T5간접등(900mm) | B31: LED 15W | C31: SET | D31: 33000 | E31: 38000 | F31: 41000 | G31: =SMALL(D31:F31,COUNTIF(D31:F31,0)+1) -> 33000 | H31: KS,고효율
A32: LED T5간접등(600mm) | B32: LED 12W | C32: SET | D32: 25000 | E32: 26000 | F32: 29000 | G32: =SMALL(D32:F32,COUNTIF(D32:F32,0)+1) -> 25000 | H32: KS,고효율
A33: LED T5간접등(300mm) | B33: LED 6W | C33: SET | D33: 22000 | E33: 25000 | F33: 28000 | G33: =SMALL(D33:F33,COUNTIF(D33:F33,0)+1) -> 22000 | H33: KS,고효율
A34: LED라인조명(원형라인포함)
A35: LED라인조명(1000mm) / 직부&펜단트 | B35: LED 29.5W~31W | C35: SET | D35: 89000 | E35: 92000 | F35: 110000 | G35: =SMALL(D35:F35,COUNTIF(D35:F35,0)+1) -> 89000
A36: LED라인조명(500mm) / 직부&펜단트 | B36: LED 15W | C36: SET | D36: 66000 | E36: 71000 | F36: 77000 | G36: =SMALL(D36:F36,COUNTIF(D36:F36,0)+1) -> 66000
A37: LED라인조명(1000mm) / 매입형 | B37: LED 29.5W~31W | C37: SET | D37: 89000 | E37: 92000 | F37: 110000 | G37: =SMALL(D37:F37,COUNTIF(D37:F37,0)+1) -> 89000
A38: LED라인조명(500mm) / 매입형 | B38: LED 15W | C38: SET | D38: 66000 | E38: 71000 | F38: 77000 | G38: =SMALL(D38:F38,COUNTIF(D38:F38,0)+1) -> 66000
A39: LED인테리어조명
A40: LED 레일스포트 | B40: LED 15W 이하 | C40: SET | D40: 66000 | E40: 69000 | F40: 71000 | G40: =SMALL(D40:F40,COUNTIF(D40:F40,0)+1) -> 66000 | H40: 레일별도
A41: LED 갓펜던트(직부등) | B41: LED 10W | C41: SET | D41: 63000 | E41: 65000 | F41: 68000 | G41: =SMALL(D41:F41,COUNTIF(D41:F41,0)+1) -> 63000 | H41: 레일별도
A42: LED 갓펜던트(레일형) | B42: LED 10W | C42: SET | D42: 68000 | E42: 72000 | F42: 75000 | G42: =SMALL(D42:F42,COUNTIF(D42:F42,0)+1) -> 68000 | H42: 레일별도
A43: LED 봉 펜던트(직부형) | B43: LED 10W | C43: SET | D43: 63000 | E43: 65000 | F43: 68000 | G43: =SMALL(D43:F43,COUNTIF(D43:F43,0)+1) -> 63000 | H43: 레일별도
A44: LED 봉 펜던트(레일형) | B44: LED 10W | C44: SET | D44: 68000 | E44: 72000 | F44: 75000 | G44: =SMALL(D44:F44,COUNTIF(D44:F44,0)+1) -> 68000 | H44: 레일별도
A45: LED다운라이트
A46: LED다운라이트(6인치) | B46: LED 10.5W | C46: SET | D46: 18500 | E46: 20000 | F46: 24000 | G46: =SMALL(D46:F46,COUNTIF(D46:F46,0)+1) -> 18500
A47: LED다운라이트(6인치) | B47: LED 12W | C47: SET | D47: 19000 | E47: 21000 | F47: 24000 | G47: =SMALL(D47:F47,COUNTIF(D47:F47,0)+1) -> 19000
A48: LED다운라이트(6인치) /센서형 | B48: LED 12W | C48: SET | D48: 37000 | E48: 39000 | F48: 39000 | G48: =SMALL(D48:F48,COUNTIF(D48:F48,0)+1) -> 37000
A49: LED다운라이트(6인치) | B49: LED 15W | C49: SET | D49: 20000 | E49: 22000 | F49: 24000 | G49: =SMALL(D49:F49,COUNTIF(D49:F49,0)+1) -> 20000
A50: LED다운라이트(6인치) | B50: LED 20W | C50: SET | D50: 29000 | E50: 30000 | F50: 35000 | G50: =SMALL(D50:F50,COUNTIF(D50:F50,0)+1) -> 29000
A51: LED다운라이트(8인치) | B51: LED 40W | C51: SET | D51: 79000 | E51: 85000 | F51: 86000 | G51: =SMALL(D51:F51,COUNTIF(D51:F51,0)+1) -> 79000
A52: LED투광등기구외
A53: LED사각투광등 | B53: LED 30W | C53: SET | D53: 110000 | E53: 115000 | F53: 120000 | G53: =SMALL(D53:F53,COUNTIF(D53:F53,0)+1) -> 110000
A54: LED사각투광등 | B54: LED 50W | C54: SET | D54: 130000 | E54: 140000 | F54: 150000 | G54: =SMALL(D54:F54,COUNTIF(D54:F54,0)+1) -> 130000
A55: LED투광등기구(직부&체인형) | B55: LED 80W | C55: SET | D55: 180000 | E55: 193000 | F55: 200000 | G55: =SMALL(D55:F55,COUNTIF(D55:F55,0)+1) -> 180000
A56: LED투광등기구(직부&체인형) | B56: LED 100W | C56: SET | D56: 180000 | E56: 223000 | F56: 230000 | G56: =SMALL(D56:F56,COUNTIF(D56:F56,0)+1) -> 180000
A57: LED투광등기구(직부&체인형) | B57: LED 120W | C57: SET | D57: 200000 | E57: 228000 | F57: 230000 | G57: =SMALL(D57:F57,COUNTIF(D57:F57,0)+1) -> 200000
A58: LED투광등기구(직부&체인형) | B58: LED 150W | C58: SET | D58: 215000 | E58: 243000 | F58: 250000 | G58: =SMALL(D58:F58,COUNTIF(D58:F58,0)+1) -> 215000

Sheet 11.일위대가목록
A1: 일 위 대 가 목 록
A2: 2026년 상반기 충남교육청 건설공사 일위대가(전기, 통신, 전기소방)
A3: 품 명 | B3: 규 격 | C3: 단위 | D3: 재 료 비 | E3: 노 무 비 | F3: 경 비 | G3: 합 계 | H3: 번 호 | I3: 비 고
A4: 전선관지지행거(단독) | B4: 16C | C4: 개소 | D4: ='12.일위대가'!F12 -> 2378 | E4: ='12.일위대가'!H12 -> 14778 | F4: ='12.일위대가'!J12 -> 0 | G4: =D4+E4+F4 -> 17156 | H4: 호표 1
A5: 전선관지지행거(단독) | B5: 22C | C5: 개소 | D5: ='12.일위대가'!F22 -> 2382 | E5: ='12.일위대가'!H22 -> 14778 | F5: ='12.일위대가'!J22 -> 0 | G5: =D5+E5+F5 -> 17160 | H5: 호표 2
A6: 전선관지지행거(단독) | B6: 28C | C6: 개소 | D6: ='12.일위대가'!F32 -> 2403 | E6: ='12.일위대가'!H32 -> 14778 | F6: ='12.일위대가'!J32 -> 0 | G6: =D6+E6+F6 -> 17181 | H6: 호표 3
A7: 전선관지지행거(단독) | B7: 36C | C7: 개소 | D7: ='12.일위대가'!F42 -> 2426 | E7: ='12.일위대가'!H42 -> 14778 | F7: ='12.일위대가'!J42 -> 0 | G7: =D7+E7+F7 -> 17204 | H7: 호표 4
A8: 전선관지지행거(단독) | B8: 42C | C8: 개소 | D8: ='12.일위대가'!F52 -> 2461 | E8: ='12.일위대가'!H52 -> 14778 | F8: ='12.일위대가'!J52 -> 0 | G8: =D8+E8+F8 -> 17239 | H8: 호표 5
A9: 전선관지지행거(단독) | B9: 54C | C9: 개소 | D9: ='12.일위대가'!F62 -> 2645 | E9: ='12.일위대가'!H62 -> 14778 | F9: ='12.일위대가'!J62 -> 0 | G9: =D9+E9+F9 -> 17423 | H9: 호표 6
A10: 전선관지지행거(단독) | B10: 70C | C10: 개소 | D10: ='12.일위대가'!F72 -> 2693 | E10: ='12.일위대가'!H72 -> 14778 | F10: ='12.일위대가'!J72 -> 0 | G10: =D10+E10+F10 -> 17471 | H10: 호표 7
A11: 전선관지지행거(단독) | B11: 82C | C11: 개소 | D11: ='12.일위대가'!F82 -> 3148 | E11: ='12.일위대가'!H82 -> 14778 | F11: ='12.일위대가'!J82 -> 0 | G11: =D11+E11+F11 -> 17926 | H11: 호표 8
A12: 전선관지지행거(단독) | B12: 104C | C12: 개소 | D12: ='12.일위대가'!F92 -> 3337 | E12: ='12.일위대가'!H92 -> 14778 | F12: ='12.일위대가'!J92 -> 0 | G12: =D12+E12+F12 -> 18115 | H12: 호표 9
A13: 트레이지지행거(천장) | B13: W:100 | C13: 개소 | D13: ='12.일위대가'!F102 -> 5070 | E13: ='12.일위대가'!H102 -> 29557 | F13: ='12.일위대가'!J102 -> 0 | G13: =D13+E13+F13 -> 34627 | H13: 호표 10
A14: 트레이지지행거(천장) | B14: W:150 | C14: 개소 | D14: ='12.일위대가'!F112 -> 5651 | E14: ='12.일위대가'!H112 -> 29557 | F14: ='12.일위대가'!J112 -> 0 | G14: =D14+E14+F14 -> 35208 | H14: 호표 11
A15: 트레이지지행거(천장) | B15: W:200 | C15: 개소 | D15: ='12.일위대가'!F122 -> 5960 | E15: ='12.일위대가'!H122 -> 29557 | F15: ='12.일위대가'!J122 -> 0 | G15: =D15+E15+F15 -> 35517 | H15: 호표 12
A16: 트레이지지행거(천장) | B16: W:300 | C16: 개소 | D16: ='12.일위대가'!F132 -> 6578 | E16: ='12.일위대가'!H132 -> 29557 | F16: ='12.일위대가'!J132 -> 0 | G16: =D16+E16+F16 -> 36135 | H16: 호표 13
A17: 트레이지지행거(천장) | B17: W:400 | C17: 개소 | D17: ='12.일위대가'!F142 -> 7195 | E17: ='12.일위대가'!H142 -> 29557 | F17: ='12.일위대가'!J142 -> 0 | G17: =D17+E17+F17 -> 36752 | H17: 호표 14
A18: 트레이지지행거(천장) | B18: W:500 | C18: 개소 | D18: ='12.일위대가'!F152 -> 7813 | E18: ='12.일위대가'!H152 -> 29557 | F18: ='12.일위대가'!J152 -> 0 | G18: =D18+E18+F18 -> 37370 | H18: 호표 15
A19: 트레이지지행거(천장) | B19: W:600 | C19: 개소 | D19: ='12.일위대가'!F162 -> 8431 | E19: ='12.일위대가'!H162 -> 29557 | F19: ='12.일위대가'!J162 -> 0 | G19: =D19+E19+F19 -> 37988 | H19: 호표 16
A20: 트레이지지행거(천장) | B20: W:800 | C20: 개소 | D20: ='12.일위대가'!F172 -> 9666 | E20: ='12.일위대가'!H172 -> 29557 | F20: ='12.일위대가'!J172 -> 0 | G20: =D20+E20+F20 -> 39223 | H20: 호표 17
A21: 트레이지지행거(천장) | B21: W:900 | C21: 개소 | D21: ='12.일위대가'!F182 -> 10283 | E21: ='12.일위대가'!H182 -> 29557 | F21: ='12.일위대가'!J182 -> 0 | G21: =D21+E21+F21 -> 39840 | H21: 호표 18
A22: 트레이지지행거(천장) | B22: W:1000 | C22: 개소 | D22: ='12.일위대가'!F192 -> 10901 | E22: ='12.일위대가'!H192 -> 29557 | F22: ='12.일위대가'!J192 -> 0 | G22: =D22+E22+F22 -> 40458 | H22: 호표 19
A23: 트레이지지대(벽체) | B23: W:100 | C23: 개소 | D23: ='12.일위대가'!F201 -> 2206 | E23: ='12.일위대가'!H201 -> 19704 | F23: ='12.일위대가'!J201 -> 0 | G23: =D23+E23+F23 -> 21910 | H23: 호표 20
A24: 트레이지지대(벽체) | B24: W:150 | C24: 개소 | D24: ='12.일위대가'!F210 -> 2515 | E24: ='12.일위대가'!H210 -> 19704 | F24: ='12.일위대가'!J210 -> 0 | G24: =D24+E24+F24 -> 22219 | H24: 호표 21
A25: 트레이지지대(벽체) | B25: W:200 | C25: 개소 | D25: ='12.일위대가'!F219 -> 2824 | E25: ='12.일위대가'!H219 -> 19704 | F25: ='12.일위대가'!J219 -> 0 | G25: =D25+E25+F25 -> 22528 | H25: 호표 22
A26: 트레이지지대(벽체) | B26: W:300 | C26: 개소 | D26: ='12.일위대가'!F228 -> 3442 | E26: ='12.일위대가'!H228 -> 19704 | F26: ='12.일위대가'!J228 -> 0 | G26: =D26+E26+F26 -> 23146 | H26: 호표 23
A27: 트레이지지대(벽체) | B27: W:400 | C27: 개소 | D27: ='12.일위대가'!F237 -> 4059 | E27: ='12.일위대가'!H237 -> 19704 | F27: ='12.일위대가'!J237 -> 0 | G27: =D27+E27+F27 -> 23763 | H27: 호표 24
A28: 트레이지지대(벽체) | B28: W:500 | C28: 개소 | D28: ='12.일위대가'!F246 -> 4677 | E28: ='12.일위대가'!H246 -> 19704 | F28: ='12.일위대가'!J246 -> 0 | G28: =D28+E28+F28 -> 24381 | H28: 호표 25
A29: 트레이지지대(벽체) | B29: W:600 | C29: 개소 | D29: ='12.일위대가'!F255 -> 5294 | E29: ='12.일위대가'!H255 -> 19704 | F29: ='12.일위대가'!J255 -> 0 | G29: =D29+E29+F29 -> 24998 | H29: 호표 26
A30: 트레이지지대(벽체) | B30: W:800 | C30: 개소 | D30: ='12.일위대가'!F264 -> 6530 | E30: ='12.일위대가'!H264 -> 19704 | F30: ='12.일위대가'!J264 -> 0 | G30: =D30+E30+F30 -> 26234 | H30: 호표 27
A31: 트레이지지대(벽체) | B31: W:900 | C31: 개소 | D31: ='12.일위대가'!F273 -> 7147 | E31: ='12.일위대가'!H273 -> 19704 | F31: ='12.일위대가'!J273 -> 0 | G31: =D31+E31+F31 -> 26851 | H31: 호표 28
A32: 트레이지지대(벽체) | B32: W:1000 | C32: 개소 | D32: ='12.일위대가'!F282 -> 7765 | E32: ='12.일위대가'!H282 -> 19704 | F32: ='12.일위대가'!J282 -> 0 | G32: =D32+E32+F32 -> 27469 | H32: 호표 29
A33: 동력배관지지가대 | B33: 16C | C33: 개소 | D33: ='12.일위대가'!F294 -> 48370 | E33: ='12.일위대가'!H294 -> 251781 | F33: ='12.일위대가'!J294 -> 0 | G33: =D33+E33+F33 -> 300151 | H33: 호표 30
A34: 동력배관지지가대 | B34: 22C | C34: 개소 | D34: ='12.일위대가'!F306 -> 48379 | E34: ='12.일위대가'!H306 -> 251781 | F34: ='12.일위대가'!J306 -> 0 | G34: =D34+E34+F34 -> 300160 | H34: 호표 31
A35: 동력배관지지가대 | B35: 28C | C35: 개소 | D35: ='12.일위대가'!F318 -> 48405 | E35: ='12.일위대가'!H318 -> 251781 | F35: ='12.일위대가'!J318 -> 0 | G35: =D35+E35+F35 -> 300186 | H35: 호표 32
A36: 동력배관지지가대 | B36: 36C | C36: 개소 | D36: ='12.일위대가'!F330 -> 48451 | E36: ='12.일위대가'!H330 -> 251781 | F36: ='12.일위대가'!J330 -> 0 | G36: =D36+E36+F36 -> 300232 | H36: 호표 33
A37: 동력배관지지가대 | B37: 42C | C37: 개소 | D37: ='12.일위대가'!F342 -> 48487 | E37: ='12.일위대가'!H342 -> 251781 | F37: ='12.일위대가'!J342 -> 0 | G37: =D37+E37+F37 -> 300268 | H37: 호표 34
A38: 동력배관지지가대 | B38: 54C | C38: 개소 | D38: ='12.일위대가'!F354 -> 48513 | E38: ='12.일위대가'!H354 -> 251781 | F38: ='12.일위대가'!J354 -> 0 | G38: =D38+E38+F38 -> 300294 | H38: 호표 35
A39: 동력배관지지가대 | B39: 70C | C39: 개소 | D39: ='12.일위대가'!F366 -> 48584 | E39: ='12.일위대가'!H366 -> 251781 | F39: ='12.일위대가'!J366 -> 0 | G39: =D39+E39+F39 -> 300365 | H39: 호표 36
A40: 동력배관지지가대 | B40: 82C | C40: 개소 | D40: ='12.일위대가'!F378 -> 48684 | E40: ='12.일위대가'!H378 -> 251781 | F40: ='12.일위대가'!J378 -> 0 | G40: =D40+E40+F40 -> 300465 | H40: 호표 37
A41: 동력배관지지가대 | B41: 104C | C41: 개소 | D41: ='12.일위대가'!F390 -> 48806 | E41: ='12.일위대가'!H390 -> 251781 | F41: ='12.일위대가'!J390 -> 0 | G41: =D41+E41+F41 -> 300587 | H41: 호표 38

Sheet 12.일위대가
A1: 2026년 상반기 충남교육청 건설공사 일위대가(전기, 통신, 전기소방)
A2: 품 명 | B2: 규 격 | C2: 단위 | D2: 수량 | E2: 재 료 비 | G2: 노 무 비 | I2: 경 비 | K2: 합 계 | M2: 비 고 | N2: 일위대가 | O2: 품목코드 | P2: 일위 | Q2: 단산 | R2: 자재 | S2: 손료적용 | T2: 손료저장 | U2: 적용율 | V2: JUK1 | W2: JUK2 | X2: JUK3 | Y2: JUK4 | Z2: JUK5 | AA2: JUK6 | AB2: JUK7 | AC2: JUK8 | AD2: JUK9 | AE2: JUK10 | AF2: JUK11 | AG2: JUK12 | AH2: JUK13 | AI2: JUK14 | AJ2: JUK15 | AK2: JUK16 | AL2: JUK17 | AM2: JUK18 | AN2: JUK19 | AO2: JUK20 | AP2: 할증적용 | AQ2: 할증저장 | AR2: 할증율 | AS2: HAL1 | AT2: HAL2 | AU2: HAL3 | AV2: 자재구분 | AW2: 일위대가+자재 | AX2: 장비일위 | AY2: 설정
E3: 단 가 | F3: 금 액 | G3: 단 가 | H3: 금 액 | I3: 단 가 | J3: 금 액 | K3: 단 가 | L3: 금 액
A4: 전선관지지행거(단독) 16C 개소 ( 호표 1 ) | N4: 5DE43312912966316725327F42F427
A5: 행어볼트 | B5: 행어볼트, ∮9*1000mm | C5: 개 | D5: 1 | E5: 1450 | F5: =TRUNC(E5*D5,1) -> 1450 | G5: 0 | H5: =TRUNC(G5*D5,1) -> 0 | I5: 0 | J5: =TRUNC(I5*D5,1) -> 0 | K5: =TRUNC(E5+G5+I5,1) -> 1450 | L5: =TRUNC(F5+H5+J5,1) -> 1450 | N5: 5DE43312912966316725327F42F427 | O5: 5A86B36B9EDF7E4D67224A604D7827F3FCDF46 | P5: F | Q5: F | R5: T | AW5: 5DE43312912966316725327F42F4275A86B36B9EDF7E4D67224A604D7827F3FCDF46
A6: 스트롱앵커(천정) | B6: 3/8" | C6: 개 | D6: 1 | E6: 100 | F6: =TRUNC(E6*D6,1) -> 100 | G6: 0 | H6: =TRUNC(G6*D6,1) -> 0 | I6: 0 | J6: =TRUNC(I6*D6,1) -> 0 | K6: =TRUNC(E6+G6+I6,1) -> 100 | L6: =TRUNC(F6+H6+J6,1) -> 100 | N6: 5DE43312912966316725327F42F427 | O6: 5A86B36B9EDF42CFE77DB45B4D0F266397E247 | P6: F | Q6: F | R6: T | AW6: 5DE43312912966316725327F42F4275A86B36B9EDF42CFE77DB45B4D0F266397E247
A7: 육각너트 | B7: 육각너트, M10 | C7: 개 | D7: 2 | E7: 21 | F7: =TRUNC(E7*D7,1) -> 42 | G7: 0 | H7: =TRUNC(G7*D7,1) -> 0 | I7: 0 | J7: =TRUNC(I7*D7,1) -> 0 | K7: =TRUNC(E7+G7+I7,1) -> 21 | L7: =TRUNC(F7+H7+J7,1) -> 42 | N7: 5DE43312912966316725327F42F427 | O7: 5A86B36B9EDF7E5E474CCBB046FA271604A4A6 | P7: F | Q7: F | R7: T | AW7: 5DE43312912966316725327F42F4275A86B36B9EDF7E5E474CCBB046FA271604A4A6
A8: 스프링와셔 | B8: 스프링와셔, 용융아연도, 호칭경 10mm | C8: 개 | D8: 2 | E8: 9.3 | F8: =TRUNC(E8*D8,1) -> 18.6 | G8: 0 | H8: =TRUNC(G8*D8,1) -> 0 | I8: 0 | J8: =TRUNC(I8*D8,1) -> 0 | K8: =TRUNC(E8+G8+I8,1) -> 9.3 | L8: =TRUNC(F8+H8+J8,1) -> 18.6 | N8: 5DE43312912966316725327F42F427 | O8: 5A86B36B9EDF7EA66787B0F04C9621BE0758F6 | P8: F | Q8: F | R8: T | AW8: 5DE43312912966316725327F42F4275A86B36B9EDF7EA66787B0F04C9621BE0758F6
A9: 강재전선관용부품 | B9: 강재전선관용부품, 파이프행거, 16C | C9: 개 | D9: 1 | E9: 325 | F9: =TRUNC(E9*D9,1) -> 325 | G9: 0 | H9: =TRUNC(G9*D9,1) -> 0 | I9: 0 | J9: =TRUNC(I9*D9,1) -> 0 | K9: =TRUNC(E9+G9+I9,1) -> 325 | L9: =TRUNC(F9+H9+J9,1) -> 325 | N9: 5DE43312912966316725327F42F427 | O9: 5A863315971B91317799A678459826DAEB5EB5 | P9: F | Q9: F | R9: T | AW9: 5DE43312912966316725327F42F4275A863315971B91317799A678459826DAEB5EB5
A10: 내선전공 | B10: 일반공사 직종 | C10: 인 | D10: 0.054 | E10: 0 | F10: =TRUNC(E10*D10,1) -> 0 | G10: 273676 | H10: =TRUNC(G10*D10,1) -> 14778.5 | I10: 0 | J10: =TRUNC(I10*D10,1) -> 0 | K10: =TRUNC(E10+G10+I10,1) -> 273676 | L10: =TRUNC(F10+H10+J10,1) -> 14778.5 | N10: 5DE43312912966316725327F42F427 | O10: 5D78737D913A649CC77710DD482023D208AE87 | P10: F | Q10: F | R10: T | V10: 1 | AW10: 5DE43312912966316725327F42F4275D78737D913A649CC77710DD482023D208AE87
A11: 공구손료 | B11: 인력품의 3% | C11: 식 | D11: 1 | E11: =TRUNC(SUMIF(V5:V11, RIGHTB(O11, 1), H5:H11)*U11, 2) -> 443.35 | F11: =TRUNC(E11*D11,1) -> 443.3 | G11: 0 | H11: =TRUNC(G11*D11,1) -> 0 | I11: 0 | J11: =TRUNC(I11*D11,1) -> 0 | K11: =TRUNC(E11+G11+I11,1) -> 443.3 | L11: =TRUNC(F11+H11+J11,1) -> 443.3 | N11: 5DE43312912966316725327F42F427 | O11: 5CBB63DF9CABA8FE2777B8784762001 | P11: F | Q11: F | R11: F | S11: 1 | T11: 0 | U11: 0.03 | AW11: 5DE43312912966316725327F42F4275CBB63DF9CABA8FE2777B8784762001
A12: [ 합 계 ] | F12: =TRUNC(SUMIF(N5:N11, N4, F5:F11),0) -> 2378 | H12: =TRUNC(SUMIF(N5:N11, N4, H5:H11),0) -> 14778 | J12: =TRUNC(SUMIF(N5:N11, N4, J5:J11),0) -> 0 | L12: =F12+H12+J12 -> 17156 | N12: TOTAL | O12: TOTAL
A14: 전선관지지행거(단독) 22C 개소 ( 호표 2 ) | N14: 5DE43312912966316725327F42CF23
A15: 행어볼트 | B15: 행어볼트, ∮9*1000mm | C15: 개 | D15: 1 | E15: 1450 | F15: =TRUNC(E15*D15,1) -> 1450 | G15: 0 | H15: =TRUNC(G15*D15,1) -> 0 | I15: 0 | J15: =TRUNC(I15*D15,1) -> 0 | K15: =TRUNC(E15+G15+I15,1) -> 1450 | L15: =TRUNC(F15+H15+J15,1) -> 1450 | N15: 5DE43312912966316725327F42CF23 | O15: 5A86B36B9EDF7E4D67224A604D7827F3FCDF46 | P15: F | Q15: F | R15: T | AW15: 5DE43312912966316725327F42CF235A86B36B9EDF7E4D67224A604D7827F3FCDF46
A16: 스트롱앵커(천정) | B16: 3/8" | C16: 개 | D16: 1 | E16: 100 | F16: =TRUNC(E16*D16,1) -> 100 | G16: 0 | H16: =TRUNC(G16*D16,1) -> 0 | I16: 0 | J16: =TRUNC(I16*D16,1) -> 0 | K16: =TRUNC(E16+G16+I16,1) -> 100 | L16: =TRUNC(F16+H16+J16,1) -> 100 | N16: 5DE43312912966316725327F42CF23 | O16: 5A86B36B9EDF42CFE77DB45B4D0F266397E247 | P16: F | Q16: F | R16: T | AW16: 5DE43312912966316725327F42CF235A86B36B9EDF42CFE77DB45B4D0F266397E247
A17: 육각너트 | B17: 육각너트, M10 | C17: 개 | D17: 2 | E17: 21 | F17: =TRUNC(E17*D17,1) -> 42 | G17: 0 | H17: =TRUNC(G17*D17,1) -> 0 | I17: 0 | J17: =TRUNC(I17*D17,1) -> 0 | K17: =TRUNC(E17+G17+I17,1) -> 21 | L17: =TRUNC(F17+H17+J17,1) -> 42 | N17: 5DE43312912966316725327F42CF23 | O17: 5A86B36B9EDF7E5E474CCBB046FA271604A4A6 | P17: F | Q17: F | R17: T | AW17: 5DE43312912966316725327F42CF235A86B36B9EDF7E5E474CCBB046FA271604A4A6
A18: 스프링와셔 | B18: 스프링와셔, 용융아연도, 호칭경 10mm | C18: 개 | D18: 2 | E18: 9.3 | F18: =TRUNC(E18*D18,1) -> 18.6 | G18: 0 | H18: =TRUNC(G18*D18,1) -> 0 | I18: 0 | J18: =TRUNC(I18*D18,1) -> 0 | K18: =TRUNC(E18+G18+I18,1) -> 9.3 | L18: =TRUNC(F18+H18+J18,1) -> 18.6 | N18: 5DE43312912966316725327F42CF23 | O18: 5A86B36B9EDF7EA66787B0F04C9621BE0758F6 | P18: F | Q18: F | R18: T | AW18: 5DE43312912966316725327F42CF235A86B36B9EDF7EA66787B0F04C9621BE0758F6
A19: 강재전선관용부품 | B19: 강재전선관용부품, 파이프행거, 22C | C19: 개 | D19: 1 | E19: 329 | F19: =TRUNC(E19*D19,1) -> 329 | G19: 0 | H19: =TRUNC(G19*D19,1) -> 0 | I19: 0 | J19: =TRUNC(I19*D19,1) -> 0 | K19: =TRUNC(E19+G19+I19,1) -> 329 | L19: =TRUNC(F19+H19+J19,1) -> 329 | N19: 5DE43312912966316725327F42CF23 | O19: 5A863315971B91317799A678459826DAEB5EBB | P19: F | Q19: F | R19: T | AW19: 5DE43312912966316725327F42CF235A863315971B91317799A678459826DAEB5EBB
A20: 내선전공 | B20: 일반공사 직종 | C20: 인 | D20: 0.054 | E20: 0 | F20: =TRUNC(E20*D20,1) -> 0 | G20: 273676 | H20: =TRUNC(G20*D20,1) -> 14778.5 | I20: 0 | J20: =TRUNC(I20*D20,1) -> 0 | K20: =TRUNC(E20+G20+I20,1) -> 273676 | L20: =TRUNC(F20+H20+J20,1) -> 14778.5 | N20: 5DE43312912966316725327F42CF23 | O20: 5D78737D913A649CC77710DD482023D208AE87 | P20: F | Q20: F | R20: T | V20: 1 | AW20: 5DE43312912966316725327F42CF235D78737D913A649CC77710DD482023D208AE87
A21: 공구손료 | B21: 인력품의 3% | C21: 식 | D21: 1 | E21: =TRUNC(SUMIF(V15:V21, RIGHTB(O21, 1), H15:H21)*U21, 2) -> 443.35 | F21: =TRUNC(E21*D21,1) -> 443.3 | G21: 0 | H21: =TRUNC(G21*D21,1) -> 0 | I21: 0 | J21: =TRUNC(I21*D21,1) -> 0 | K21: =TRUNC(E21+G21+I21,1) -> 443.3 | L21: =TRUNC(F21+H21+J21,1) -> 443.3 | N21: 5DE43312912966316725327F42CF23 | O21: 5CBB63DF9CABA8FE2777B8784762001 | P21: F | Q21: F | R21: F | S21: 1 | T21: 0 | U21: 0.03 | AW21: 5DE43312912966316725327F42CF235CBB63DF9CABA8FE2777B8784762001
A22: [ 합 계 ] | F22: =TRUNC(SUMIF(N15:N21, N14, F15:F21),0) -> 2382 | H22: =TRUNC(SUMIF(N15:N21, N14, H15:H21),0) -> 14778 | J22: =TRUNC(SUMIF(N15:N21, N14, J15:J21),0) -> 0 | L22: =F22+H22+J22 -> 17160 | N22: TOTAL | O22: TOTAL
A24: 전선관지지행거(단독) 28C 개소 ( 호표 3 ) | N24: 5DE43312912966316725327F42D92A
A25: 행어볼트 | B25: 행어볼트, ∮9*1000mm | C25: 개 | D25: 1 | E25: 1450 | F25: =TRUNC(E25*D25,1) -> 1450 | G25: 0 | H25: =TRUNC(G25*D25,1) -> 0 | I25: 0 | J25: =TRUNC(I25*D25,1) -> 0 | K25: =TRUNC(E25+G25+I25,1) -> 1450 | L25: =TRUNC(F25+H25+J25,1) -> 1450 | N25: 5DE43312912966316725327F42D92A | O25: 5A86B36B9EDF7E4D67224A604D7827F3FCDF46 | P25: F | Q25: F | R25: T | AW25: 5DE43312912966316725327F42D92A5A86B36B9EDF7E4D67224A604D7827F3FCDF46
A26: 스트롱앵커(천정) | B26: 3/8" | C26: 개 | D26: 1 | E26: 100 | F26: =TRUNC(E26*D26,1) -> 100 | G26: 0 | H26: =TRUNC(G26*D26,1) -> 0 | I26: 0 | J26: =TRUNC(I26*D26,1) -> 0 | K26: =TRUNC(E26+G26+I26,1) -> 100 | L26: =TRUNC(F26+H26+J26,1) -> 100 | N26: 5DE43312912966316725327F42D92A | O26: 5A86B36B9EDF42CFE77DB45B4D0F266397E247 | P26: F | Q26: F | R26: T | AW26: 5DE43312912966316725327F42D92A5A86B36B9EDF42CFE77DB45B4D0F266397E247
A27: 육각너트 | B27: 육각너트, M10 | C27: 개 | D27: 2 | E27: 21 | F27: =TRUNC(E27*D27,1) -> 42 | G27: 0 | H27: =TRUNC(G27*D27,1) -> 0 | I27: 0 | J27: =TRUNC(I27*D27,1) -> 0 | K27: =TRUNC(E27+G27+I27,1) -> 21 | L27: =TRUNC(F27+H27+J27,1) -> 42 | N27: 5DE43312912966316725327F42D92A | O27: 5A86B36B9EDF7E5E474CCBB046FA271604A4A6 | P27: F | Q27: F | R27: T | AW27: 5DE43312912966316725327F42D92A5A86B36B9EDF7E5E474CCBB046FA271604A4A6
A28: 스프링와셔 | B28: 스프링와셔, 용융아연도, 호칭경 10mm | C28: 개 | D28: 2 | E28: 9.3 | F28: =TRUNC(E28*D28,1) -> 18.6 | G28: 0 | H28: =TRUNC(G28*D28,1) -> 0 | I28: 0 | J28: =TRUNC(I28*D28,1) -> 0 | K28: =TRUNC(E28+G28+I28,1) -> 9.3 | L28: =TRUNC(F28+H28+J28,1) -> 18.6 | N28: 5DE43312912966316725327F42D92A | O28: 5A86B36B9EDF7EA66787B0F04C9621BE0758F6 | P28: F | Q28: F | R28: T | AW28: 5DE43312912966316725327F42D92A5A86B36B9EDF7EA66787B0F04C9621BE0758F6
A29: 강재전선관용부품 | B29: 강재전선관용부품, 파이프행거, 28C | C29: 개 | D29: 1 | E29: 350 | F29: =TRUNC(E29*D29,1) -> 350 | G29: 0 | H29: =TRUNC(G29*D29,1) -> 0 | I29: 0 | J29: =TRUNC(I29*D29,1) -> 0 | K29: =TRUNC(E29+G29+I29,1) -> 350 | L29: =TRUNC(F29+H29+J29,1) -> 350 | N29: 5DE43312912966316725327F42D92A | O29: 5A863315971B91317799A678459826DAEB5EBB | P29: F | Q29: F | R29: T | AW29: 5DE43312912966316725327F42D92A5A863315971B91317799A678459826DAEB5EBB
A30: 내선전공 | B30: 일반공사 직종 | C30: 인 | D30: 0.054 | E30: 0 | F30: =TRUNC(E30*D30,1) -> 0 | G30: 273676 | H30: =TRUNC(G30*D30,1) -> 14778.5 | I30: 0 | J30: =TRUNC(I30*D30,1) -> 0 | K30: =TRUNC(E30+G30+I30,1) -> 273676 | L30: =TRUNC(F30+H30+J30,1) -> 14778.5 | N30: 5DE43312912966316725327F42D92A | O30: 5D78737D913A649CC77710DD482023D208AE87 | P30: F | Q30: F | R30: T | V30: 1 | AW30: 5DE43312912966316725327F42D92A5D78737D913A649CC77710DD482023D208AE87
A31: 공구손료 | B31: 인력품의 3% | C31: 식 | D31: 1 | E31: =TRUNC(SUMIF(V25:V31, RIGHTB(O31, 1), H25:H31)*U31, 2) -> 443.35 | F31: =TRUNC(E31*D31,1) -> 443.3 | G31: 0 | H31: =TRUNC(G31*D31,1) -> 0 | I31: 0 | J31: =TRUNC(I31*D31,1) -> 0 | K31: =TRUNC(E31+G31+I31,1) -> 443.3 | L31: =TRUNC(F31+H31+J31,1) -> 443.3 | N31: 5DE43312912966316725327F42D92A | O31: 5CBB63DF9CABA8FE2777B8784762001 | P31: F | Q31: F | R31: F | S31: 1 | T31: 0 | U31: 0.03 | AW31: 5DE43312912966316725327F42D92A5CBB63DF9CABA8FE2777B8784762001
A32: [ 합 계 ] | F32: =TRUNC(SUMIF(N25:N31, N24, F25:F31),0) -> 2403 | H32: =TRUNC(SUMIF(N25:N31, N24, H25:H31),0) -> 14778 | J32: =TRUNC(SUMIF(N25:N31, N24, J25:J31),0) -> 0 | L32: =F32+H32+J32 -> 17181 | N32: TOTAL | O32: TOTAL
A34: 전선관지지행거(단독) 36C 개소 ( 호표 4 ) | N34: 5DE43312912966316725327F42AC25
A35: 행어볼트 | B35: 행어볼트, ∮9*1000mm | C35: 개 | D35: 1 | E35: 1450 | F35: =TRUNC(E35*D35,1) -> 1450 | G35: 0 | H35: =TRUNC(G35*D35,1) -> 0 | I35: 0 | J35: =TRUNC(I35*D35,1) -> 0 | K35: =TRUNC(E35+G35+I35,1) -> 1450 | L35: =TRUNC(F35+H35+J35,1) -> 1450 | N35: 5DE43312912966316725327F42AC25 | O35: 5A86B36B9EDF7E4D67224A604D7827F3FCDF46 | P35: F | Q35: F | R35: T | AW35: 5DE43312912966316725327F42AC255A86B36B9EDF7E4D67224A604D7827F3FCDF46
A36: 스트롱앵커(천정) | B36: 3/8" | C36: 개 | D36: 1 | E36: 100 | F36: =TRUNC(E36*D36,1) -> 100 | G36: 0 | H36: =TRUNC(G36*D36,1) -> 0 | I36: 0 | J36: =TRUNC(I36*D36,1) -> 0 | K36: =TRUNC(E36+G36+I36,1) -> 100 | L36: =TRUNC(F36+H36+J36,1) -> 100 | N36: 5DE43312912966316725327F42AC25 | O36: 5A86B36B9EDF42CFE77DB45B4D0F266397E247 | P36: F | Q36: F | R36: T | AW36: 5DE43312912966316725327F42AC255A86B36B9EDF42CFE77DB45B4D0F266397E247
A37: 육각너트 | B37: 육각너트, M10 | C37: 개 | D37: 2 | E37: 21 | F37: =TRUNC(E37*D37,1) -> 42 | G37: 0 | H37: =TRUNC(G37*D37,1) -> 0 | I37: 0 | J37: =TRUNC(I37*D37,1) -> 0 | K37: =TRUNC(E37+G37+I37,1) -> 21 | L37: =TRUNC(F37+H37+J37,1) -> 42 | N37: 5DE43312912966316725327F42AC25 | O37: 5A86B36B9EDF7E5E474CCBB046FA271604A4A6 | P37: F | Q37: F | R37: T | AW37: 5DE43312912966316725327F42AC255A86B36B9EDF7E5E474CCBB046FA271604A4A6
A38: 스프링와셔 | B38: 스프링와셔, 용융아연도, 호칭경 10mm | C38: 개 | D38: 2 | E38: 9.3 | F38: =TRUNC(E38*D38,1) -> 18.6 | G38: 0 | H38: =TRUNC(G38*D38,1) -> 0 | I38: 0 | J38: =TRUNC(I38*D38,1) -> 0 | K38: =TRUNC(E38+G38+I38,1) -> 9.3 | L38: =TRUNC(F38+H38+J38,1) -> 18.6 | N38: 5DE43312912966316725327F42AC25 | O38: 5A86B36B9EDF7EA66787B0F04C9621BE0758F6 | P38: F | Q38: F | R38: T | AW38: 5DE43312912966316725327F42AC255A86B36B9EDF7EA66787B0F04C9621BE0758F6
A39: 강재전선관용부품 | B39: 강재전선관용부품, 파이프행거, 36C | C39: 개 | D39: 1 | E39: 373 | F39: =TRUNC(E39*D39,1) -> 373 | G39: 0 | H39: =TRUNC(G39*D39,1) -> 0 | I39: 0 | J39: =TRUNC(I39*D39,1) -> 0 | K39: =TRUNC(E39+G39+I39,1) -> 373 | L39: =TRUNC(F39+H39+J39,1) -> 373 | N39: 5DE43312912966316725327F42AC25 | O39: 5A863315971B91317799A678459826DAEB5DAB | P39: F | Q39: F | R39: T | AW39: 5DE43312912966316725327F42AC255A863315971B91317799A678459826DAEB5DAB
A40: 내선전공 | B40: 일반공사 직종 | C40: 인 | D40: 0.054 | E40: 0 | F40: =TRUNC(E40*D40,1) -> 0 | G40: 273676 | H40: =TRUNC(G40*D40,1) -> 14778.5 | I40: 0 | J40: =TRUNC(I40*D40,1) -> 0 | K40: =TRUNC(E40+G40+I40,1) -> 273676 | L40: =TRUNC(F40+H40+J40,1) -> 14778.5 | N40: 5DE43312912966316725327F42AC25 | O40: 5D78737D913A649CC77710DD482023D208AE87 | P40: F | Q40: F | R40: T | V40: 1 | AW40: 5DE43312912966316725327F42AC255D78737D913A649CC77710DD482023D208AE87
A41: 공구손료 | B41: 인력품의 3% | C41: 식 | D41: 1 | E41: =TRUNC(SUMIF(V35:V41, RIGHTB(O41, 1), H35:H41)*U41, 2) -> 443.35 | F41: =TRUNC(E41*D41,1) -> 443.3 | G41: 0 | H41: =TRUNC(G41*D41,1) -> 0 | I41: 0 | J41: =TRUNC(I41*D41,1) -> 0 | K41: =TRUNC(E41+G41+I41,1) -> 443.3 | L41: =TRUNC(F41+H41+J41,1) -> 443.3 | N41: 5DE43312912966316725327F42AC25 | O41: 5CBB63DF9CABA8FE2777B8784762001 | P41: F | Q41: F | R41: F | S41: 1 | T41: 0 | U41: 0.03 | AW41: 5DE43312912966316725327F42AC255CBB63DF9CABA8FE2777B8784762001
A42: [ 합 계 ] | F42: =TRUNC(SUMIF(N35:N41, N34, F35:F41),0) -> 2426 | H42: =TRUNC(SUMIF(N35:N41, N34, H35:H41),0) -> 14778 | J42: =TRUNC(SUMIF(N35:N41, N34, J35:J41),0) -> 0 | L42: =F42+H42+J42 -> 17204 | N42: TOTAL | O42: TOTAL
A44: 전선관지지행거(단독) 42C 개소 ( 호표 5 ) | N44: 5DE43312912966316725327F42BE2C
A45: 행어볼트 | B45: 행어볼트, ∮9*1000mm | C45: 개 | D45: 1 | E45: 1450 | F45: =TRUNC(E45*D45,1) -> 1450 | G45: 0 | H45: =TRUNC(G45*D45,1) -> 0 | I45: 0 | J45: =TRUNC(I45*D45,1) -> 0 | K45: =TRUNC(E45+G45+I45,1) -> 1450 | L45: =TRUNC(F45+H45+J45,1) -> 1450 | N45: 5DE43312912966316725327F42BE2C | O45: 5A86B36B9EDF7E4D67224A604D7827F3FCDF46 | P45: F | Q45: F | R45: T | AW45: 5DE43312912966316725327F42BE2C5A86B36B9EDF7E4D67224A604D7827F3FCDF46
A46: 스트롱앵커(천정) | B46: 3/8" | C46: 개 | D46: 1 | E46: 100 | F46: =TRUNC(E46*D46,1) -> 100 | G46: 0 | H46: =TRUNC(G46*D46,1) -> 0 | I46: 0 | J46: =TRUNC(I46*D46,1) -> 0 | K46: =TRUNC(E46+G46+I46,1) -> 100 | L46: =TRUNC(F46+H46+J46,1) -> 100 | N46: 5DE43312912966316725327F42BE2C | O46: 5A86B36B9EDF42CFE77DB45B4D0F266397E247 | P46: F | Q46: F | R46: T | AW46: 5DE43312912966316725327F42BE2C5A86B36B9EDF42CFE77DB45B4D0F266397E247
A47: 육각너트 | B47: 육각너트, M10 | C47: 개 | D47: 2 | E47: 21 | F47: =TRUNC(E47*D47,1) -> 42 | G47: 0 | H47: =TRUNC(G47*D47,1) -> 0 | I47: 0 | J47: =TRUNC(I47*D47,1) -> 0 | K47: =TRUNC(E47+G47+I47,1) -> 21 | L47: =TRUNC(F47+H47+J47,1) -> 42 | N47: 5DE43312912966316725327F42BE2C | O47: 5A86B36B9EDF7E5E474CCBB046FA271604A4A6 | P47: F | Q47: F | R47: T | AW47: 5DE43312912966316725327F42BE2C5A86B36B9EDF7E5E474CCBB046FA271604A4A6
A48: 스프링와셔 | B48: 스프링와셔, 용융아연도, 호칭경 10mm | C48: 개 | D48: 2 | E48: 9.3 | F48: =TRUNC(E48*D48,1) -> 18.6 | G48: 0 | H48: =TRUNC(G48*D48,1) -> 0 | I48: 0 | J48: =TRUNC(I48*D48,1) -> 0 | K48: =TRUNC(E48+G48+I48,1) -> 9.3 | L48: =TRUNC(F48+H48+J48,1) -> 18.6 | N48: 5DE43312912966316725327F42BE2C | O48: 5A86B36B9EDF7EA66787B0F04C9621BE0758F6 | P48: F | Q48: F | R48: T | AW48: 5DE43312912966316725327F42BE2C5A86B36B9EDF7EA66787B0F04C9621BE0758F6
A49: 강재전선관용부품 | B49: 강재전선관용부품, 파이프행거, 42C | C49: 개 | D49: 1 | E49: 408 | F49: =TRUNC(E49*D49,1) -> 408 | G49: 0 | H49: =TRUNC(G49*D49,1) -> 0 | I49: 0 | J49: =TRUNC(I49*D49,1) -> 0 | K49: =TRUNC(E49+G49+I49,1) -> 408 | L49: =TRUNC(F49+H49+J49,1) -> 408 | N49: 5DE43312912966316725327F42BE2C | O49: 5A863315971B91317799A678459826DAEB5DAA | P49: F | Q49: F | R49: T | AW49: 5DE43312912966316725327F42BE2C5A863315971B91317799A678459826DAEB5DAA
A50: 내선전공 | B50: 일반공사 직종 | C50: 인 | D50: 0.054 | E50: 0 | F50: =TRUNC(E50*D50,1) -> 0 | G50: 273676 | H50: =TRUNC(G50*D50,1) -> 14778.5 | I50: 0 | J50: =TRUNC(I50*D50,1) -> 0 | K50: =TRUNC(E50+G50+I50,1) -> 273676 | L50: =TRUNC(F50+H50+J50,1) -> 14778.5 | N50: 5DE43312912966316725327F42BE2C | O50: 5D78737D913A649CC77710DD482023D208AE87 | P50: F | Q50: F | R50: T | V50: 1 | AW50: 5DE43312912966316725327F42BE2C5D78737D913A649CC77710DD482023D208AE87
A51: 공구손료 | B51: 인력품의 3% | C51: 식 | D51: 1 | E51: =TRUNC(SUMIF(V45:V51, RIGHTB(O51, 1), H45:H51)*U51, 2) -> 443.35 | F51: =TRUNC(E51*D51,1) -> 443.3 | G51: 0 | H51: =TRUNC(G51*D51,1) -> 0 | I51: 0 | J51: =TRUNC(I51*D51,1) -> 0 | K51: =TRUNC(E51+G51+I51,1) -> 443.3 | L51: =TRUNC(F51+H51+J51,1) -> 443.3 | N51: 5DE43312912966316725327F42BE2C | O51: 5CBB63DF9CABA8FE2777B8784762001 | P51: F | Q51: F | R51: F | S51: 1 | T51: 0 | U51: 0.03 | AW51: 5DE43312912966316725327F42BE2C5CBB63DF9CABA8FE2777B8784762001
A52: [ 합 계 ] | F52: =TRUNC(SUMIF(N45:N51, N44, F45:F51),0) -> 2461 | H52: =TRUNC(SUMIF(N45:N51, N44, H45:H51),0) -> 14778 | J52: =TRUNC(SUMIF(N45:N51, N44, J45:J51),0) -> 0 | L52: =F52+H52+J52 -> 17239 | N52: TOTAL | O52: TOTAL
A54: 전선관지지행거(단독) 54C 개소 ( 호표 6 ) | N54: 5DE43312912966316725327F428128
A55: 행어볼트 | B55: 행어볼트, ∮9*1000mm | C55: 개 | D55: 1 | E55: 1450 | F55: =TRUNC(E55*D55,1) -> 1450 | G55: 0 | H55: =TRUNC(G55*D55,1) -> 0 | I55: 0 | J55: =TRUNC(I55*D55,1) -> 0 | K55: =TRUNC(E55+G55+I55,1) -> 1450 | L55: =TRUNC(F55+H55+J55,1) -> 1450 | N55: 5DE43312912966316725327F428128 | O55: 5A86B36B9EDF7E4D67224A604D7827F3FCDF46 | P55: F | Q55: F | R55: T | AW55: 5DE43312912966316725327F4281285A86B36B9EDF7E4D67224A604D7827F3FCDF46
A56: 스트롱앵커(천정) | B56: 3/8" | C56: 개 | D56: 1 | E56: 100 | F56: =TRUNC(E56*D56,1) -> 100 | G56: 0 | H56: =TRUNC(G56*D56,1) -> 0 | I56: 0 | J56: =TRUNC(I56*D56,1) -> 0 | K56: =TRUNC(E56+G56+I56,1) -> 100 | L56: =TRUNC(F56+H56+J56,1) -> 100 | N56: 5DE43312912966316725327F428128 | O56: 5A86B36B9EDF42CFE77DB45B4D0F266397E247 | P56: F | Q56: F | R56: T | AW56: 5DE43312912966316725327F4281285A86B36B9EDF42CFE77DB45B4D0F266397E247
A57: 육각너트 | B57: 육각너트, M10 | C57: 개 | D57: 2 | E57: 21 | F57: =TRUNC(E57*D57,1) -> 42 | G57: 0 | H57: =TRUNC(G57*D57,1) -> 0 | I57: 0 | J57: =TRUNC(I57*D57,1) -> 0 | K57: =TRUNC(E57+G57+I57,1) -> 21 | L57: =TRUNC(F57+H57+J57,1) -> 42 | N57: 5DE43312912966316725327F428128 | O57: 5A86B36B9EDF7E5E474CCBB046FA271604A4A6 | P57: F | Q57: F | R57: T | AW57: 5DE43312912966316725327F4281285A86B36B9EDF7E5E474CCBB046FA271604A4A6
A58: 스프링와셔 | B58: 스프링와셔, 용융아연도, 호칭경 10mm | C58: 개 | D58: 2 | E58: 9.3 | F58: =TRUNC(E58*D58,1) -> 18.6 | G58: 0 | H58: =TRUNC(G58*D58,1) -> 0 | I58: 0 | J58: =TRUNC(I58*D58,1) -> 0 | K58: =TRUNC(E58+G58+I58,1) -> 9.3 | L58: =TRUNC(F58+H58+J58,1) -> 18.6 | N58: 5DE43312912966316725327F428128 | O58: 5A86B36B9EDF7EA66787B0F04C9621BE0758F6 | P58: F | Q58: F | R58: T | AW58: 5DE43312912966316725327F4281285A86B36B9EDF7EA66787B0F04C9621BE0758F6
A59: 강재전선관용부품 | B59: 강재전선관용부품, 파이프행거, 54C | C59: 개 | D59: 1 | E59: 592 | F59: =TRUNC(E59*D59,1) -> 592 | G59: 0 | H59: =TRUNC(G59*D59,1) -> 0 | I59: 0 | J59: =TRUNC(I59*D59,1) -> 0 | K59: =TRUNC(E59+G59+I59,1) -> 592 | L59: =TRUNC(F59+H59+J59,1) -> 592 | N59: 5DE43312912966316725327F428128 | O59: 5A863315971B91317799A678459826DAEB5DA9 | P59: F | Q59: F | R59: T | AW59: 5DE43312912966316725327F4281285A863315971B91317799A678459826DAEB5DA9
A60: 내선전공 | B60: 일반공사 직종 | C60: 인 | D60: 0.054 | E60: 0 | F60: =TRUNC(E60*D60,1) -> 0 | G60: 273676 | H60: =TRUNC(G60*D60,1) -> 14778.5 | I60: 0 | J60: =TRUNC(I60*D60,1) -> 0 | K60: =TRUNC(E60+G60+I60,1) -> 273676 | L60: =TRUNC(F60+H60+J60,1) -> 14778.5 | N60: 5DE43312912966316725327F428128 | O60: 5D78737D913A649CC77710DD482023D208AE87 | P60: F | Q60: F | R60: T | V60: 1 | AW60: 5DE43312912966316725327F4281285D78737D913A649CC77710DD482023D208AE87
A61: 공구손료 | B61: 인력품의 3% | C61: 식 | D61: 1 | E61: =TRUNC(SUMIF(V55:V61, RIGHTB(O61, 1), H55:H61)*U61, 2) -> 443.35 | F61: =TRUNC(E61*D61,1) -> 443.3 | G61: 0 | H61: =TRUNC(G61*D61,1) -> 0 | I61: 0 | J61: =TRUNC(I61*D61,1) -> 0 | K61: =TRUNC(E61+G61+I61,1) -> 443.3 | L61: =TRUNC(F61+H61+J61,1) -> 443.3 | N61: 5DE43312912966316725327F428128 | O61: 5CBB63DF9CABA8FE2777B8784762001 | P61: F | Q61: F | R61: F | S61: 1 | T61: 0 | U61: 0.03 | AW61: 5DE43312912966316725327F4281285CBB63DF9CABA8FE2777B8784762001
A62: [ 합 계 ] | F62: =TRUNC(SUMIF(N55:N61, N54, F55:F61),0) -> 2645 | H62: =TRUNC(SUMIF(N55:N61, N54, H55:H61),0) -> 14778 | J62: =TRUNC(SUMIF(N55:N61, N54, J55:J61),0) -> 0 | L62: =F62+H62+J62 -> 17423 | N62: TOTAL | O62: TOTAL
A64: 전선관지지행거(단독) 70C 개소 ( 호표 7 ) | N64: 5DE43312912966316725327F42932F
A65: 행어볼트 | B65: 행어볼트, ∮9*1000mm | C65: 개 | D65: 1 | E65: 1450 | F65: =TRUNC(E65*D65,1) -> 1450 | G65: 0 | H65: =TRUNC(G65*D65,1) -> 0 | I65: 0 | J65: =TRUNC(I65*D65,1) -> 0 | K65: =TRUNC(E65+G65+I65,1) -> 1450 | L65: =TRUNC(F65+H65+J65,1) -> 1450 | N65: 5DE43312912966316725327F42932F | O65: 5A86B36B9EDF7E4D67224A604D7827F3FCDF46 | P65: F | Q65: F | R65: T | AW65: 5DE43312912966316725327F42932F5A86B36B9EDF7E4D67224A604D7827F3FCDF46
A66: 스트롱앵커(천정) | B66: 3/8" | C66: 개 | D66: 1 | E66: 100 | F66: =TRUNC(E66*D66,1) -> 100 | G66: 0 | H66: =TRUNC(G66*D66,1) -> 0 | I66: 0 | J66: =TRUNC(I66*D66,1) -> 0 | K66: =TRUNC(E66+G66+I66,1) -> 100 | L66: =TRUNC(F66+H66+J66,1) -> 100 | N66: 5DE43312912966316725327F42932F | O66: 5A86B36B9EDF42CFE77DB45B4D0F266397E247 | P66: F | Q66: F | R66: T | AW66: 5DE43312912966316725327F42932F5A86B36B9EDF42CFE77DB45B4D0F266397E247
A67: 육각너트 | B67: 육각너트, M10 | C67: 개 | D67: 2 | E67: 21 | F67: =TRUNC(E67*D67,1) -> 42 | G67: 0 | H67: =TRUNC(G67*D67,1) -> 0 | I67: 0 | J67: =TRUNC(I67*D67,1) -> 0 | K67: =TRUNC(E67+G67+I67,1) -> 21 | L67: =TRUNC(F67+H67+J67,1) -> 42 | N67: 5DE43312912966316725327F42932F | O67: 5A86B36B9EDF7E5E474CCBB046FA271604A4A6 | P67: F | Q67: F | R67: T | AW67: 5DE43312912966316725327F42932F5A86B36B9EDF7E5E474CCBB046FA271604A4A6
A68: 스프링와셔 | B68: 스프링와셔, 용융아연도, 호칭경 10mm | C68: 개 | D68: 2 | E68: 9.3 | F68: =TRUNC(E68*D68,1) -> 18.6 | G68: 0 | H68: =TRUNC(G68*D68,1) -> 0 | I68: 0 | J68: =TRUNC(I68*D68,1) -> 0 | K68: =TRUNC(E68+G68+I68,1) -> 9.3 | L68: =TRUNC(F68+H68+J68,1) -> 18.6 | N68: 5DE43312912966316725327F42932F | O68: 5A86B36B9EDF7EA66787B0F04C9621BE0758F6 | P68: F | Q68: F | R68: T | AW68: 5DE43312912966316725327F42932F5A86B36B9EDF7EA66787B0F04C9621BE0758F6
A69: 강재전선관용부품 | B69: 강재전선관용부품, 파이프행거, 70C | C69: 개 | D69: 1 | E69: 640 | F69: =TRUNC(E69*D69,1) -> 640 | G69: 0 | H69: =TRUNC(G69*D69,1) -> 0 | I69: 0 | J69: =TRUNC(I69*D69,1) -> 0 | K69: =TRUNC(E69+G69+I69,1) -> 640 | L69: =TRUNC(F69+H69+J69,1) -> 640 | N69: 5DE43312912966316725327F42932F | O69: 5A863315971B91317799A678459826DAEB5DA8 | P69: F | Q69: F | R69: T | AW69: 5DE43312912966316725327F42932F5A863315971B91317799A678459826DAEB5DA8
A70: 내선전공 | B70: 일반공사 직종 | C70: 인 | D70: 0.054 | E70: 0 | F70: =TRUNC(E70*D70,1) -> 0 | G70: 273676 | H70: =TRUNC(G70*D70,1) -> 14778.5 | I70: 0 | J70: =TRUNC(I70*D70,1) -> 0 | K70: =TRUNC(E70+G70+I70,1) -> 273676 | L70: =TRUNC(F70+H70+J70,1) -> 14778.5 | N70: 5DE43312912966316725327F42932F | O70: 5D78737D913A649CC77710DD482023D208AE87 | P70: F | Q70: F | R70: T | V70: 1 | AW70: 5DE43312912966316725327F42932F5D78737D913A649CC77710DD482023D208AE87
A71: 공구손료 | B71: 인력품의 3% | C71: 식 | D71: 1 | E71: =TRUNC(SUMIF(V65:V71, RIGHTB(O71, 1), H65:H71)*U71, 2) -> 443.35 | F71: =TRUNC(E71*D71,1) -> 443.3 | G71: 0 | H71: =TRUNC(G71*D71,1) -> 0 | I71: 0 | J71: =TRUNC(I71*D71,1) -> 0 | K71: =TRUNC(E71+G71+I71,1) -> 443.3 | L71: =TRUNC(F71+H71+J71,1) -> 443.3 | N71: 5DE43312912966316725327F42932F | O71: 5CBB63DF9CABA8FE2777B8784762001 | P71: F | Q71: F | R71: F | S71: 1 | T71: 0 | U71: 0.03 | AW71: 5DE43312912966316725327F42932F5CBB63DF9CABA8FE2777B8784762001
A72: [ 합 계 ] | F72: =TRUNC(SUMIF(N65:N71, N64, F65:F71),0) -> 2693 | H72: =TRUNC(SUMIF(N65:N71, N64, H65:H71),0) -> 14778 | J72: =TRUNC(SUMIF(N65:N71, N64, J65:J71),0) -> 0 | L72: =F72+H72+J72 -> 17471 | N72: TOTAL | O72: TOTAL
A74: 전선관지지행거(단독) 82C 개소 ( 호표 8 ) | N74: 5DE43312912966316725327F42662A
A75: 행어볼트 | B75: 행어볼트, ∮9*1000mm | C75: 개 | D75: 1 | E75: 1450 | F75: =TRUNC(E75*D75,1) -> 1450 | G75: 0 | H75: =TRUNC(G75*D75,1) -> 0 | I75: 0 | J75: =TRUNC(I75*D75,1) -> 0 | K75: =TRUNC(E75+G75+I75,1) -> 1450 | L75: =TRUNC(F75+H75+J75,1) -> 1450 | N75: 5DE43312912966316725327F42662A | O75: 5A86B36B9EDF7E4D67224A604D7827F3FCDF46 | P75: F | Q75: F | R75: T | AW75: 5DE43312912966316725327F42662A5A86B36B9EDF7E4D67224A604D7827F3FCDF46
A76: 스트롱앵커(천정) | B76: 3/8" | C76: 개 | D76: 1 | E76: 100 | F76: =TRUNC(E76*D76,1) -> 100 | G76: 0 | H76: =TRUNC(G76*D76,1) -> 0 | I76: 0 | J76: =TRUNC(I76*D76,1) -> 0 | K76: =TRUNC(E76+G76+I76,1) -> 100 | L76: =TRUNC(F76+H76+J76,1) -> 100 | N76: 5DE43312912966316725327F42662A | O76: 5A86B36B9EDF42CFE77DB45B4D0F266397E247 | P76: F | Q76: F | R76: T | AW76: 5DE43312912966316725327F42662A5A86B36B9EDF42CFE77DB45B4D0F266397E247
A77: 육각너트 | B77: 육각너트, M10 | C77: 개 | D77: 2 | E77: 21 | F77: =TRUNC(E77*D77,1) -> 42 | G77: 0 | H77: =TRUNC(G77*D77,1) -> 0 | I77: 0 | J77: =TRUNC(I77*D77,1) -> 0 | K77: =TRUNC(E77+G77+I77,1) -> 21 | L77: =TRUNC(F77+H77+J77,1) -> 42 | N77: 5DE43312912966316725327F42662A | O77: 5A86B36B9EDF7E5E474CCBB046FA271604A4A6 | P77: F | Q77: F | R77: T | AW77: 5DE43312912966316725327F42662A5A86B36B9EDF7E5E474CCBB046FA271604A4A6
A78: 스프링와셔 | B78: 스프링와셔, 용융아연도, 호칭경 10mm | C78: 개 | D78: 2 | E78: 9.3 | F78: =TRUNC(E78*D78,1) -> 18.6 | G78: 0 | H78: =TRUNC(G78*D78,1) -> 0 | I78: 0 | J78: =TRUNC(I78*D78,1) -> 0 | K78: =TRUNC(E78+G78+I78,1) -> 9.3 | L78: =TRUNC(F78+H78+J78,1) -> 18.6 | N78: 5DE43312912966316725327F42662A | O78: 5A86B36B9EDF7EA66787B0F04C9621BE0758F6 | P78: F | Q78: F | R78: T | AW78: 5DE43312912966316725327F42662A5A86B36B9EDF7EA66787B0F04C9621BE0758F6
A79: 강재전선관용부품 | B79: 강재전선관용부품, 파이프행거, 82C | C79: 개 | D79: 1 | E79: 1095 | F79: =TRUNC(E79*D79,1) -> 1095 | G79: 0 | H79: =TRUNC(G79*D79,1) -> 0 | I79: 0 | J79: =TRUNC(I79*D79,1) -> 0 | K79: =TRUNC(E79+G79+I79,1) -> 1095 | L79: =TRUNC(F79+H79+J79,1) -> 1095 | N79: 5DE43312912966316725327F42662A | O79: 5A863315971B91317799A678459826DAEB5DAF | P79: F | Q79: F | R79: T | AW79: 5DE43312912966316725327F42662A5A863315971B91317799A678459826DAEB5DAF
A80: 내선전공 | B80: 일반공사 직종 | C80: 인 | D80: 0.054 | E80: 0 | F80: =TRUNC(E80*D80,1) -> 0 | G80: 273676 | H80: =TRUNC(G80*D80,1) -> 14778.5 | I80: 0 | J80: =TRUNC(I80*D80,1) -> 0 | K80: =TRUNC(E80+G80+I80,1) -> 273676 | L80: =TRUNC(F80+H80+J80,1) -> 14778.5 | N80: 5DE43312912966316725327F42662A | O80: 5D78737D913A649CC77710DD482023D208AE87 | P80: F | Q80: F | R80: T | V80: 1 | AW80: 5DE43312912966316725327F42662A5D78737D913A649CC77710DD482023D208AE87
A81: 공구손료 | B81: 인력품의 3% | C81: 식 | D81: 1 | E81: =TRUNC(SUMIF(V75:V81, RIGHTB(O81, 1), H75:H81)*U81, 2) -> 443.35 | F81: =TRUNC(E81*D81,1) -> 443.3 | G81: 0 | H81: =TRUNC(G81*D81,1) -> 0 | I81: 0 | J81: =TRUNC(I81*D81,1) -> 0 | K81: =TRUNC(E81+G81+I81,1) -> 443.3 | L81: =TRUNC(F81+H81+J81,1) -> 443.3 | N81: 5DE43312912966316725327F42662A | O81: 5CBB63DF9CABA8FE2777B8784762001 | P81: F | Q81: F | R81: F | S81: 1 | T81: 0 | U81: 0.03 | AW81: 5DE43312912966316725327F42662A5CBB63DF9CABA8FE2777B8784762001
A82: [ 합 계 ] | F82: =TRUNC(SUMIF(N75:N81, N74, F75:F81),0) -> 3148 | H82: =TRUNC(SUMIF(N75:N81, N74, H75:H81),0) -> 14778 | J82: =TRUNC(SUMIF(N75:N81, N74, J75:J81),0) -> 0 | L82: =F82+H82+J82 -> 17926 | N82: TOTAL | O82: TOTAL
A84: 전선관지지행거(단독) 104C 개소 ( 호표 9 ) | N84: 5DE43312912966316725327F427721
A85: 행어볼트 | B85: 행어볼트, ∮9*1000mm | C85: 개 | D85: 1 | E85: 1450 | F85: =TRUNC(E85*D85,1) -> 1450 | G85: 0 | H85: =TRUNC(G85*D85,1) -> 0 | I85: 0 | J85: =TRUNC(I85*D85,1) -> 0 | K85: =TRUNC(E85+G85+I85,1) -> 1450 | L85: =TRUNC(F85+H85+J85,1) -> 1450 | N85: 5DE43312912966316725327F427721 | O85: 5A86B36B9EDF7E4D67224A604D7827F3FCDF46 | P85: F | Q85: F | R85: T | AW85: 5DE43312912966316725327F4277215A86B36B9EDF7E4D67224A604D7827F3FCDF46
A86: 스트롱앵커(천정) | B86: 3/8" | C86: 개 | D86: 1 | E86: 100 | F86: =TRUNC(E86*D86,1) -> 100 | G86: 0 | H86: =TRUNC(G86*D86,1) -> 0 | I86: 0 | J86: =TRUNC(I86*D86,1) -> 0 | K86: =TRUNC(E86+G86+I86,1) -> 100 | L86: =TRUNC(F86+H86+J86,1) -> 100 | N86: 5DE43312912966316725327F427721 | O86: 5A86B36B9EDF42CFE77DB45B4D0F266397E247 | P86: F | Q86: F | R86: T | AW86: 5DE43312912966316725327F4277215A86B36B9EDF42CFE77DB45B4D0F266397E247
A87: 육각너트 | B87: 육각너트, M10 | C87: 개 | D87: 2 | E87: 21 | F87: =TRUNC(E87*D87,1) -> 42 | G87: 0 | H87: =TRUNC(G87*D87,1) -> 0 | I87: 0 | J87: =TRUNC(I87*D87,1) -> 0 | K87: =TRUNC(E87+G87+I87,1) -> 21 | L87: =TRUNC(F87+H87+J87,1) -> 42 | N87: 5DE43312912966316725327F427721 | O87: 5A86B36B9EDF7E5E474CCBB046FA271604A4A6 | P87: F | Q87: F | R87: T | AW87: 5DE43312912966316725327F4277215A86B36B9EDF7E5E474CCBB046FA271604A4A6
A88: 스프링와셔 | B88: 스프링와셔, 용융아연도, 호칭경 10mm | C88: 개 | D88: 2 | E88: 9.3 | F88: =TRUNC(E88*D88,1) -> 18.6 | G88: 0 | H88: =TRUNC(G88*D88,1) -> 0 | I88: 0 | J88: =TRUNC(I88*D88,1) -> 0 | K88: =TRUNC(E88+G88+I88,1) -> 9.3 | L88: =TRUNC(F88+H88+J88,1) -> 18.6 | N88: 5DE43312912966316725327F427721 | O88: 5A86B36B9EDF7EA66787B0F04C9621BE0758F6 | P88: F | Q88: F | R88: T | AW88: 5DE43312912966316725327F4277215A86B36B9EDF7EA66787B0F04C9621BE0758F6
A89: 강재전선관용부품 | B89: 강재전선관용부품, 파이프행거, 104C | C89: 개 | D89: 1 | E89: 1284 | F89: =TRUNC(E89*D89,1) -> 1284 | G89: 0 | H89: =TRUNC(G89*D89,1) -> 0 | I89: 0 | J89: =TRUNC(I89*D89,1) -> 0 | K89: =TRUNC(E89+G89+I89,1) -> 1284 | L89: =TRUNC(F89+H89+J89,1) -> 1284 | N89: 5DE43312912966316725327F427721 | O89: 5A863315971B91317799A678459826DAEB5DAE | P89: F | Q89: F | R89: T | AW89: 5DE43312912966316725327F4277215A863315971B91317799A678459826DAEB5DAE
A90: 내선전공 | B90: 일반공사 직종 | C90: 인 | D90: 0.054 | E90: 0 | F90: =TRUNC(E90*D90,1) -> 0 | G90: 273676 | H90: =TRUNC(G90*D90,1) -> 14778.5 | I90: 0 | J90: =TRUNC(I90*D90,1) -> 0 | K90: =TRUNC(E90+G90+I90,1) -> 273676 | L90: =TRUNC(F90+H90+J90,1) -> 14778.5 | N90: 5DE43312912966316725327F427721 | O90: 5D78737D913A649CC77710DD482023D208AE87 | P90: F | Q90: F | R90: T | V90: 1 | AW90: 5DE43312912966316725327F4277215D78737D913A649CC77710DD482023D208AE87
A91: 공구손료 | B91: 인력품의 3% | C91: 식 | D91: 1 | E91: =TRUNC(SUMIF(V85:V91, RIGHTB(O91, 1), H85:H91)*U91, 2) -> 443.35 | F91: =TRUNC(E91*D91,1) -> 443.3 | G91: 0 | H91: =TRUNC(G91*D91,1) -> 0 | I91: 0 | J91: =TRUNC(I91*D91,1) -> 0 | K91: =TRUNC(E91+G91+I91,1) -> 443.3 | L91: =TRUNC(F91+H91+J91,1) -> 443.3 | N91: 5DE43312912966316725327F427721 | O91: 5CBB63DF9CABA8FE2777B8784762001 | P91: F | Q91: F | R91: F | S91: 1 | T91: 0 | U91: 0.03 | AW91: 5DE43312912966316725327F4277215CBB63DF9CABA8FE2777B8784762001
A92: [ 합 계 ] | F92: =TRUNC(SUMIF(N85:N91, N84, F85:F91),0) -> 3337 | H92: =TRUNC(SUMIF(N85:N91, N84, H85:H91),0) -> 14778 | J92: =TRUNC(SUMIF(N85:N91, N84, J85:J91),0) -> 0 | L92: =F92+H92+J92 -> 18115 | N92: TOTAL | O92: TOTAL
A94: 트레이지지행거(천장) W:100 개소 ( 호표 10 ) | N94: 5DE43312912966316726D9A94D1D2F
A95: 행어볼트 | B95: 행어볼트, ∮9*1000mm | C95: 개 | D95: 2 | E95: 1450 | F95: =TRUNC(E95*D95,1) -> 2900 | G95: 0 | H95: =TRUNC(G95*D95,1) -> 0 | I95: 0 | J95: =TRUNC(I95*D95,1) -> 0 | K95: =TRUNC(E95+G95+I95,1) -> 1450 | L95: =TRUNC(F95+H95+J95,1) -> 2900 | N95: 5DE43312912966316726D9A94D1D2F | O95: 5A86B36B9EDF7E4D67224A604D7827F3FCDF46 | P95: F | Q95: F | R95: T | AW95: 5DE43312912966316726D9A94D1D2F5A86B36B9EDF7E4D67224A604D7827F3FCDF46
A96: 케이블트레이부속품 | B96: 케이블트레이부속품, U Channel, 41*41*t2.6mm | C96: M | D96: 0.2 | E96: 4811 | F96: =TRUNC(E96*D96,1) -> 962.2 | G96: 0 | H96: =TRUNC(G96*D96,1) -> 0 | I96: 0 | J96: =TRUNC(I96*D96,1) -> 0 | K96: =TRUNC(E96+G96+I96,1) -> 4811 | L96: =TRUNC(F96+H96+J96,1) -> 962.2 | N96: 5DE43312912966316726D9A94D1D2F | O96: 5A863315971B913177942733494B268EBC47D5 | P96: F | Q96: F | R96: T | AW96: 5DE43312912966316726D9A94D1D2F5A863315971B913177942733494B268EBC47D5
A97: 스트롱앵커(천정) | B97: 3/8" | C97: 개 | D97: 2 | E97: 100 | F97: =TRUNC(E97*D97,1) -> 200 | G97: 0 | H97: =TRUNC(G97*D97,1) -> 0 | I97: 0 | J97: =TRUNC(I97*D97,1) -> 0 | K97: =TRUNC(E97+G97+I97,1) -> 100 | L97: =TRUNC(F97+H97+J97,1) -> 200 | N97: 5DE43312912966316726D9A94D1D2F | O97: 5A86B36B9EDF42CFE77DB45B4D0F266397E247 | P97: F | Q97: F | R97: T | AW97: 5DE43312912966316726D9A94D1D2F5A86B36B9EDF42CFE77DB45B4D0F266397E247
A98: 육각너트 | B98: 육각너트, M10 | C98: 개 | D98: 4 | E98: 21 | F98: =TRUNC(E98*D98,1) -> 84 | G98: 0 | H98: =TRUNC(G98*D98,1) -> 0 | I98: 0 | J98: =TRUNC(I98*D98,1) -> 0 | K98: =TRUNC(E98+G98+I98,1) -> 21 | L98: =TRUNC(F98+H98+J98,1) -> 84 | N98: 5DE43312912966316726D9A94D1D2F | O98: 5A86B36B9EDF7E5E474CCBB046FA271604A4A6 | P98: F | Q98: F | R98: T | AW98: 5DE43312912966316726D9A94D1D2F5A86B36B9EDF7E5E474CCBB046FA271604A4A6
A99: 스프링와셔 | B99: 스프링와셔, 용융아연도, 호칭경 10mm | C99: 개 | D99: 4 | E99: 9.3 | F99: =TRUNC(E99*D99,1) -> 37.2 | G99: 0 | H99: =TRUNC(G99*D99,1) -> 0 | I99: 0 | J99: =TRUNC(I99*D99,1) -> 0 | K99: =TRUNC(E99+G99+I99,1) -> 9.3 | L99: =TRUNC(F99+H99+J99,1) -> 37.2 | N99: 5DE43312912966316726D9A94D1D2F | O99: 5A86B36B9EDF7EA66787B0F04C9621BE0758F6 | P99: F | Q99: F | R99: T | AW99: 5DE43312912966316726D9A94D1D2F5A86B36B9EDF7EA66787B0F04C9621BE0758F6
A100: 내선전공 | B100: 일반공사 직종 | C100: 인 | D100: 0.108 | E100: 0 | F100: =TRUNC(E100*D100,1) -> 0 | G100: 273676 | H100: =TRUNC(G100*D100,1) -> 29557 | I100: 0 | J100: =TRUNC(I100*D100,1) -> 0 | K100: =TRUNC(E100+G100+I100,1) -> 273676 | L100: =TRUNC(F100+H100+J100,1) -> 29557 | N100: 5DE43312912966316726D9A94D1D2F | O100: 5D78737D913A649CC77710DD482023D208AE87 | P100: F | Q100: F | R100: T | V100: 1 | AW100: 5DE43312912966316726D9A94D1D2F5D78737D913A649CC77710DD482023D208AE87
A101: 공구손료 | B101: 인력품의 3% | C101: 식 | D101: 1 | E101: =TRUNC(SUMIF(V95:V101, RIGHTB(O101, 1), H95:H101)*U101, 2) -> 886.71 | F101: =TRUNC(E101*D101,1) -> 886.7 | G101: 0 | H101: =TRUNC(G101*D101,1) -> 0 | I101: 0 | J101: =TRUNC(I101*D101,1) -> 0 | K101: =TRUNC(E101+G101+I101,1) -> 886.7 | L101: =TRUNC(F101+H101+J101,1) -> 886.7 | N101: 5DE43312912966316726D9A94D1D2F | O101: 5CBB63DF9CABA8FE2777B8784762001 | P101: F | Q101: F | R101: F | S101: 1 | T101: 0 | U101: 0.03 | AW101: 5DE43312912966316726D9A94D1D2F5CBB63DF9CABA8FE2777B8784762001
A102: [ 합 계 ] | F102: =TRUNC(SUMIF(N95:N101, N94, F95:F101),0) -> 5070 | H102: =TRUNC(SUMIF(N95:N101, N94, H95:H101),0) -> 29557 | J102: =TRUNC(SUMIF(N95:N101, N94, J95:J101),0) -> 0 | L102: =F102+H102+J102 -> 34627 | N102: TOTAL | O102: TOTAL
A104: 트레이지지행거(천장) W:150 개소 ( 호표 11 ) | N104: 5DE43312912966316726D9A94D2E26
A105: 행어볼트 | B105: 행어볼트, ∮9*1000mm | C105: 개 | D105: 2 | E105: 1450 | F105: =TRUNC(E105*D105,1) -> 2900 | G105: 0 | H105: =TRUNC(G105*D105,1) -> 0 | I105: 0 | J105: =TRUNC(I105*D105,1) -> 0 | K105: =TRUNC(E105+G105+I105,1) -> 1450 | L105: =TRUNC(F105+H105+J105,1) -> 2900 | N105: 5DE43312912966316726D9A94D2E26 | O105: 5A86B36B9EDF7E4D67224A604D7827F3FCDF46 | P105: F | Q105: F | R105: T | AW105: 5DE43312912966316726D9A94D2E265A86B36B9EDF7E4D67224A604D7827F3FCDF46
A106: 케이블트레이부속품 | B106: 케이블트레이부속품, U Channel, 41*41*t2.6mm | C106: M | D106: 0.25 | E106: 6176 | F106: =TRUNC(E106*D106,1) -> 1544 | G106: 0 | H106: =TRUNC(G106*D106,1) -> 0 | I106: 0 | J106: =TRUNC(I106*D106,1) -> 0 | K106: =TRUNC(E106+G106+I106,1) -> 6176 | L106: =TRUNC(F106+H106+J106,1) -> 1544 | N106: 5DE43312912966316726D9A94D2E26 | O106: 5A863315971B913177942733494B268EBC47D5 | P106: F | Q106: F | R106: T | AW106: 5DE43312912966316726D9A94D2E265A863315971B913177942733494B268EBC47D5
A107: 스트롱앵커(천정) | B107: 3/8" | C107: 개 | D107: 2 | E107: 100 | F107: =TRUNC(E107*D107,1) -> 200 | G107: 0 | H107: =TRUNC(G107*D107,1) -> 0 | I107: 0 | J107: =TRUNC(I107*D107,1) -> 0 | K107: =TRUNC(E107+G107+I107,1) -> 100 | L107: =TRUNC(F107+H107+J107,1) -> 200 | N107: 5DE43312912966316726D9A94D2E26 | O107: 5A86B36B9EDF42CFE77DB45B4D0F266397E247 | P107: F | Q107: F | R107: T | AW107: 5DE43312912966316726D9A94D2E265A86B36B9EDF42CFE77DB45B4D0F266397E247
A108: 육각너트 | B108: 육각너트, M10 | C108: 개 | D108: 4 | E108: 21 | F108: =TRUNC(E108*D108,1) -> 84 | G108: 0 | H108: =TRUNC(G108*D108,1) -> 0 | I108: 0 | J108: =TRUNC(I108*D108,1) -> 0 | K108: =TRUNC(E108+G108+I108,1) -> 21 | L108: =TRUNC(F108+H108+J108,1) -> 84 | N108: 5DE43312912966316726D9A94D2E26 | O108: 5A86B36B9EDF7E5E474CCBB046FA271604A4A6 | P108: F | Q108: F | R108: T | AW108: 5DE43312912966316726D9A94D2E265A86B36B9EDF7E5E474CCBB046FA271604A4A6
A109: 스프링와셔 | B109: 스프링와셔, 용융아연도, 호칭경 10mm | C109: 개 | D109: 4 | E109: 9.3 | F109: =TRUNC(E109*D109,1) -> 37.2 | G109: 0 | H109: =TRUNC(G109*D109,1) -> 0 | I109: 0 | J109: =TRUNC(I109*D109,1) -> 0 | K109: =TRUNC(E109+G109+I109,1) -> 9.3 | L109: =TRUNC(F109+H109+J109,1) -> 37.2 | N109: 5DE43312912966316726D9A94D2E26 | O109: 5A86B36B9EDF7EA66787B0F04C9621BE0758F6 | P109: F | Q109: F | R109: T | AW109: 5DE43312912966316726D9A94D2E265A86B36B9EDF7EA66787B0F04C9621BE0758F6
A110: 내선전공 | B110: 일반공사 직종 | C110: 인 | D110: 0.108 | E110: 0 | F110: =TRUNC(E110*D110,1) -> 0 | G110: 273676 | H110: =TRUNC(G110*D110,1) -> 29557 | I110: 0 | J110: =TRUNC(I110*D110,1) -> 0 | K110: =TRUNC(E110+G110+I110,1) -> 273676 | L110: =TRUNC(F110+H110+J110,1) -> 29557 | N110: 5DE43312912966316726D9A94D2E26 | O110: 5D78737D913A649CC77710DD482023D208AE87 | P110: F | Q110: F | R110: T | V110: 1 | AW110: 5DE43312912966316726D9A94D2E265D78737D913A649CC77710DD482023D208AE87
...

Sheet 13.분전반조립공량표
A1: 1.분전반 신설시 조립 및 설치 공량표(5-18. 분전반 신설)
A3: 1-가. 배선용차단기(누전차단기)
A4: 개폐기 용량 | B4: 현행적용품셈 | E4: 변경적용품셈 | H4: 개당노임단가 | K4: 비고
E5: 조립(35%) | H5: 전기기계조립원 | J5: 118695
B6: 2P | C6: 3P | D6: 4P | E6: 2P | F6: 3P | G6: 4P | H6: 2P | I6: 3P | J6: 4P
A7: 30AF 이하 | B7: 0.43 | C7: 0.54 | D7: =C7*1.3 -> 0.702 | E7: =(B7*0.35) -> 0.1505 | F7: =(C7*0.35) -> 0.189 | G7: =(D7*0.35) -> 0.2457 | H7: =TRUNC(E7*J5) -> 17863 | I7: =TRUNC(F7*J5) -> 22433 | J7: =TRUNC(G7*J5) -> 29163
A8: 50AF 이하 | B8: 0.58 | C8: 0.74 | D8: =C8*1.3 -> 0.962 | E8: =(B8*0.35) -> 0.203 | F8: =(C8*0.35) -> 0.259 | G8: =(D8*0.35) -> 0.3367 | H8: =TRUNC(E8*J5) -> 24095 | I8: =TRUNC(F8*J5) -> 30742 | J8: =TRUNC(G8*J5) -> 39964
A9: 100AF 이하 | B9: 0.74 | C9: 1.04 | D9: =C9*1.3 -> 1.352 | E9: =(B9*0.35) -> 0.259 | F9: =(C9*0.35) -> 0.364 | G9: =(D9*0.35) -> 0.4732 | H9: =TRUNC(E9*J5) -> 30742 | I9: =TRUNC(F9*J5) -> 43204 | J9: =TRUNC(G9*J5) -> 56166
A10: 225AF 이하 | B10: 1.04 | C10: 1.35 | D10: =C10*1.3 -> 1.755 | E10: =(B10*0.35) -> 0.364 | F10: =(C10*0.35) -> 0.4725 | G10: =(D10*0.35) -> 0.61425 | H10: =TRUNC(E10*J5) -> 43204 | I10: =TRUNC(F10*J5) -> 56083 | J10: =TRUNC(G10*J5) -> 72908
A11: 400AF 이하 | B11: 1.65 | C11: 1.95 | D11: =C11*1.3 -> 2.535 | E11: =(B11*0.35) -> 0.5775 | F11: =(C11*0.35) -> 0.6825 | G11: =(D11*0.35) -> 0.88725 | H11: =TRUNC(E11*J5) -> 68546 | I11: =TRUNC(F11*J5) -> 81009 | J11: =TRUNC(G11*J5) -> 105312
A12: 600AF 이하 | B12: 1.94 | C12: 2.24 | D12: =C12*1.3 -> 2.912 | E12: =(B12*0.35) -> 0.679 | F12: =(C12*0.35) -> 0.784 | G12: =(D12*0.35) -> 1.0192 | H12: =TRUNC(E12*J5) -> 80593 | I12: =TRUNC(F12*J5) -> 93056 | J12: =TRUNC(G12*J5) -> 120973
A13: 800AF 이하 | B13: 2.24 | C13: 2.55 | D13: =C13*1.3 -> 3.315 | E13: =(B13*0.35) -> 0.784 | F13: =(C13*0.35) -> 0.8925 | G13: =(D13*0.35) -> 1.16025 | H13: =TRUNC(E13*J5) -> 93056 | I13: =TRUNC(F13*J5) -> 105935 | J13: =TRUNC(G13*J5) -> 137715
A16: 1. 위 품을 적용함에 있어 조립품은 제조부문의 전기기계조립원 노임을 적용함
A18: 2. 기타 사항은 전기부문 표준품셈 5-18(분전반 조립 및 설치)의 해설란 참조
A26: 1-나. 나이프스위치(마그넷스위치)
A27: 개폐기 용량 | B27: 현행적용품셈 | E27: 변경적용품셈 | H27: 개당노임단가 | K27: 비고
E28: 조립(35%) | H28: 전기기계조립원 | J28: 118695
B29: 2P | C29: 3P | D29: 4P | E29: 2P | F29: 3P | G29: 4P | H29: 2P | I29: 3P | J29: 4P
A30: 30A 이하 | B30: 0.48 | C30: 0.6 | D30: =C30*1.3 -> 0.78 | E30: =(B30*0.35) -> 0.168 | F30: =(C30*0.35) -> 0.21 | G30: =(D30*0.35) -> 0.273 | H30: =TRUNC(E30*J28) -> 19940 | I30: =TRUNC(F30*J28) -> 24925 | J30: =TRUNC(G30*J28) -> 32403
