Workbook
Name _: #REF!
Name _: #REF!
Name _: #REF!
Name _: #REF!
Name _: #REF!
Name _: #REF!
Name _______SBB1: #REF!
Name _______SBB2: #REF!
Name _______SBB3: #REF!
Name _______SBB4: #REF!
Name _______SBB5: #REF!
Name _______SHH1: #REF!
Name _______SHH2: #REF!
Name _______SHH3: #REF!
Name _______tt1: "tt1"
Name ______HSH1: #REF!
Name ______HSH2: #REF!
Name ______NP1: #REF!
Name ______NP2: #REF!
Name ______NSH1: #REF!
Name ______NSH2: #REF!
Name ______S3: {#N/A,#N/A,FALSE,"포장2"}
Name ______SBB1: #REF!
Name ______SBB2: #REF!
Name ______SBB3: #REF!
Name ______SBB4: #REF!
Name ______SBB5: #REF!
Name ______SHH1: #REF!
Name ______SHH2: #REF!
Name ______SHH3: #REF!
Name ______ST1: #REF!
Name ______tt1: "tt1"
Name _____a1: #REF!
Name _____B2: '[1]단면 (2)'!$K$55
Name _____HSH1: #REF!
Name _____HSH2: #REF!
Name _____NP1: #REF!
Name _____NP2: #REF!
Name _____NSH1: #REF!
Name _____NSH2: #REF!
Name _____SBB1: #REF!
Name _____SBB2: #REF!
Name _____SBB3: #REF!
Name _____SBB4: #REF!
Name _____SBB5: #REF!
Name _____SHH1: #REF!
Name _____SHH2: #REF!
Name _____SHH3: #REF!
Name _____SS1: #REF!
Name _____SS2: #REF!
Name _____ST1: #REF!
Name _____TC1: #REF!
Name _____TC2: #REF!
Name _____tt1: "tt1"
Name _____WC1: #REF!
Name ____a1: #REF!
Name ____B2: '[1]단면 (2)'!$K$55
Name ____BVS1: #REF!
Name ____BVS2: #REF!
Name ____g54: #REF!

Sheet 12)
A4: 1) 폐기물 처리 수량집계

Sheet 12-1
A4: 가) 폐기물처리 내역서 적용수량

Sheet 0간지
B12: 1) | C12: 지장물철거 수량집계표
B13: 2) | C13: 일반구조물철거수량
B14: 3) | C14: 기존포장철거수량

Sheet 간지1
A10: 1) 지장물철거 수량 집계표

Sheet 토공집계표
A1: 지장물 터파기 집계표
A2: 구 분 | B2: 터파기 (㎥) | F2: 되 메 우 기(㎥) | N2: 잔 토(㎥) | V2: 다짐(㎡) | W2: 비고
B3: 기 계(90。) | F3: 기 계 | J3: 인 력 | N3: 기 계 | R3: 인 력
B4: 토 사 | F4: 토 사 | J4: 토 사 | N4: 토 사 | R4: 토 사 | V4: 기 계
A5: 기존상수관 | J5: 0 | N5: 0 | R5: 0 | V5: 0 | X5: =B5-F5-J5-N5-R5 -> 0
A12: 계 | B12: =SUM(B5:B11) -> 0 | F12: =SUM(F5:F11) -> 0 | J12: =SUM(J5:J11) -> 0 | N12: =SUM(N5:N11) -> 0 | R12: =SUM(R5:R11) -> 0 | V12: =SUM(V5:V11) -> 0 | X12: =B12-F12-J12-N12-R12 -> 0

Sheet (지장물철거용)
A1: 지 장 물 철 거 공 사
A2: 공 종 | B2: 규 격 | C2: 단위 | D2: 수 량 | E2: 합 계 | F2: 비 고
A3: ▣ 지장물 철거공사
A4: 가. 토목지장물
A5: (1) 터파기
A6: ① 터파기 | C6: m3 | E6: =SUM(D6:D6) -> 0
A7: (1) 콘크리트깨기
A8: ① 기존구조물철거/철근콘크리트깨기(기계) | B8: T=30cm이상 | C8: m3 | D8: ='기존지장물철거수량집계표(총괄)'!I4 -> 0 | E8: =SUM(D8:D8) -> 0
A9: ① 기존구조물철거/철근콘크리트깨기(기계) | B9: T=30cm미만 | C9: m3 | D9: ='기존지장물철거수량집계표(총괄)'!I6 -> 148.56 | E9: =SUM(D9:D9) -> 148.56
A10: ③ 기존구조물철거/무근콘크리트깨기(기계) | B10: T=30cm이상 | C10: m3 | D10: ='기존지장물철거수량집계표(총괄)'!I8 -> 0 | E10: =SUM(D10:D10) -> 0
A11: ② 기존구조물철거/무근콘크리트깨기(기계) | B11: T=30cm미만 | C11: m3 | D11: ='기존지장물철거수량집계표(총괄)'!I10+'기존지장물철거수량집계표(총괄)'!I14 -> 132.272 | E11: =SUM(D11:D11) -> 132.272
A13: 나. 폐기물상차 | E13: =SUM(D13:D13) -> 0
A14: (1) 폐기물상차 | B14: 폐콘크리트 | C14: m3 | D14: ='기존지장물철거수량집계표(총괄)'!I16+'기존지장물철거수량집계표(총괄)'!I20+'기존지장물철거수량집계표(총괄)'!I23+'기존지장물철거수량집계표(총괄)'!I26 -> 280.832 | E14: =SUM(D14:D14) -> 280.832
A15: (2) 폐기물상차 | B15: 아스콘 | C15: m3 | D15: ='기존지장물철거수량집계표(총괄)'!I18 -> 0 | E15: =SUM(D15:D15) -> 0

Sheet (폐기물처리용)-XXX
B1: 폐 기 물 처 리 수량 산 출
B2: 공 종 | C2: 규 격 | D2: 단위 | E2: 수 량 | F2: 합 계 | G2: 비 고
B3: ▣ 폐기물 운반 및 처리
B4: 가. 폐기물 운반
B5: (1) 폐기물 운반 | C5: 폐콘크리트 | D5: ton | E5: ='기존지장물철거수량집계표(총괄)'!I17+'기존지장물철거수량집계표(총괄)'!I21+'기존지장물철거수량집계표(총괄)'!I24+'기존지장물철거수량집계표(총괄)'!I27 -> 660.77 | F5: =SUM(E5:E5) -> 660.77
B6: (2) 폐기물 운반 | C6: 아스콘 | D6: ton | E6: ='기존지장물철거수량집계표(총괄)'!I18 -> 0 | F6: =SUM(E6:E6) -> 0
B9: 나. 폐기물 처리
B10: (1) 폐기물 처리 | C10: 폐콘크리트 | D10: ton | E10: ='기존지장물철거수량집계표(총괄)'!I17+'기존지장물철거수량집계표(총괄)'!I21+'기존지장물철거수량집계표(총괄)'!I24+'기존지장물철거수량집계표(총괄)'!I27 -> 660.77 | F10: =SUM(E10:E10) -> 660.77
B11: (2) 폐기물 처리 | C11: 아스콘 | D11: ton | E11: ='기존지장물철거수량집계표(총괄)'!I19 -> 0 | F11: =SUM(E11:E11) -> 0

Sheet 간지1)
A4: 나) 지장물수량집계

Sheet 기존+타공종 집계표(총괄)
A1: 토목지장물 철거 수량집계표(총괄)
A2: 구 분 | D2: 단위 | E2: 토목 | F2: 우수 | G2: 오수 | I2: 계 | J2: 비 고
A3: 아스콘절단 | C3: T=15cm | D3: M | E3: ='기존+타공종 집계표(도시)'!E3+'기존+타공종 집계표 (단지)'!E3 -> #REF! | F3: ='기존+타공종 집계표(도시)'!F3+'기존+타공종 집계표 (단지)'!F3 -> 0 | G3: ='기존+타공종 집계표(도시)'!G3+'기존+타공종 집계표 (단지)'!G3 -> 144.56 | I3: =SUM(E3:H3) -> #REF! | K3: =#REF!+I3 -> #REF!
A4: 폐 콘 크 리 트 | B4: 구조물 깨 기 | C4: 철근콘크리트 (T=30cm이상) | D4: M3 | E4: ='기존+타공종 집계표(도시)'!E4+'기존+타공종 집계표 (단지)'!E4 -> #REF! | F4: ='기존+타공종 집계표(도시)'!F4+'기존+타공종 집계표 (단지)'!F4 -> 0 | G4: ='기존+타공종 집계표(도시)'!G4+'기존+타공종 집계표 (단지)'!G4 -> 0 | I4: =SUM(E4:H4) -> #REF! | J4: 단위중량 2.400 t/㎥
D5: ton | E5: ='기존+타공종 집계표(도시)'!E5+'기존+타공종 집계표 (단지)'!E5 -> #REF! | F5: ='기존+타공종 집계표(도시)'!F5+'기존+타공종 집계표 (단지)'!F5 -> 0 | G5: ='기존+타공종 집계표(도시)'!G5+'기존+타공종 집계표 (단지)'!G5 -> 0 | I5: =SUM(E5:H5) -> #REF!
C6: 철근콘크리트 (T=30cm미만) | D6: M3 | E6: ='기존+타공종 집계표(도시)'!E6+'기존+타공종 집계표 (단지)'!E6 -> #REF! | F6: ='기존+타공종 집계표(도시)'!F6+'기존+타공종 집계표 (단지)'!F6 -> 0 | G6: ='기존+타공종 집계표(도시)'!G6+'기존+타공종 집계표 (단지)'!G6 -> 0 | I6: =SUM(E6:H6) -> #REF! | J6: 단위중량 2.400 t/㎥
D7: ton | E7: ='기존+타공종 집계표(도시)'!E7+'기존+타공종 집계표 (단지)'!E7 -> #REF! | F7: ='기존+타공종 집계표(도시)'!F7+'기존+타공종 집계표 (단지)'!F7 -> 0 | G7: ='기존+타공종 집계표(도시)'!G7+'기존+타공종 집계표 (단지)'!G7 -> 0 | I7: =SUM(E7:H7) -> #REF!
C8: 무근콘크리트 (T=30cm이상) | D8: M3 | E8: ='기존+타공종 집계표(도시)'!E8+'기존+타공종 집계표 (단지)'!E8 -> #REF! | F8: ='기존+타공종 집계표(도시)'!F8+'기존+타공종 집계표 (단지)'!F8 -> 0 | G8: ='기존+타공종 집계표(도시)'!G8+'기존+타공종 집계표 (단지)'!G8 -> 0 | I8: =SUM(E8:H8) -> #REF! | J8: 단위중량 2.300 t/㎥
D9: ton | E9: ='기존+타공종 집계표(도시)'!E9+'기존+타공종 집계표 (단지)'!E9 -> #REF! | F9: ='기존+타공종 집계표(도시)'!F9+'기존+타공종 집계표 (단지)'!F9 -> 0 | G9: ='기존+타공종 집계표(도시)'!G9+'기존+타공종 집계표 (단지)'!G9 -> 0 | I9: =SUM(E9:H9) -> #REF!
C10: 무근콘크리트 (T=30cm미만) | D10: M3 | E10: ='기존+타공종 집계표(도시)'!E10+'기존+타공종 집계표 (단지)'!E10 -> #REF! | F10: ='기존+타공종 집계표(도시)'!F10+'기존+타공종 집계표 (단지)'!F10 -> 0 | G10: ='기존+타공종 집계표(도시)'!G10+'기존+타공종 집계표 (단지)'!G10 -> 0 | I10: =SUM(E10:H10) -> #REF! | J10: 단위중량 2.300 t/㎥
D11: ton | E11: ='기존+타공종 집계표(도시)'!E11+'기존+타공종 집계표 (단지)'!E11 -> #REF! | F11: ='기존+타공종 집계표(도시)'!F11+'기존+타공종 집계표 (단지)'!F11 -> 0 | G11: ='기존+타공종 집계표(도시)'!G11+'기존+타공종 집계표 (단지)'!G11 -> 0 | I11: =SUM(E11:H11) -> #REF!
B12: 포 장 깨 기 | C12: 무근콘크리트 (T=30cm미만) | D12: M3 | E12: ='기존+타공종 집계표(도시)'!E12+'기존+타공종 집계표 (단지)'!E12 -> #REF! | F12: ='기존+타공종 집계표(도시)'!F12+'기존+타공종 집계표 (단지)'!F12 -> 0 | G12: ='기존+타공종 집계표(도시)'!G12+'기존+타공종 집계표 (단지)'!G12 -> 0 | I12: =SUM(E12:H12) -> #REF! | J12: 단위중량 2.300 t/㎥
D13: ton | E13: ='기존+타공종 집계표(도시)'!E13+'기존+타공종 집계표 (단지)'!E13 -> #REF! | F13: ='기존+타공종 집계표(도시)'!F13+'기존+타공종 집계표 (단지)'!F13 -> 0 | G13: ='기존+타공종 집계표(도시)'!G13+'기존+타공종 집계표 (단지)'!G13 -> 0 | I13: =SUM(E13:H13) -> #REF!
B14: 흄 관 깨 기 | C14: 무근콘크리트 (T=30cm이상) | D14: M3 | E14: =#REF! -> #REF! | F14: ='기존+타공종 집계표(도시)'!F14+'기존+타공종 집계표 (단지)'!F14 -> 0 | G14: ='기존+타공종 집계표(도시)'!G14+'기존+타공종 집계표 (단지)'!G14 -> 0 | I14: =SUM(E14:H14) -> #REF! | J14: 단위중량 2.300 t/㎥
D15: ton | E15: =#REF! -> #REF! | F15: ='기존+타공종 집계표(도시)'!F15+'기존+타공종 집계표 (단지)'!F15 -> 0 | G15: ='기존+타공종 집계표(도시)'!G15+'기존+타공종 집계표 (단지)'!G15 -> 0 | I15: =SUM(E15:H15) -> #REF!
C16: 무근콘크리트 (T=30cm미만) | D16: M3 | E16: =#REF! -> #REF! | F16: ='기존+타공종 집계표(도시)'!F16+'기존+타공종 집계표 (단지)'!F16 -> 0 | G16: ='기존+타공종 집계표(도시)'!G16+'기존+타공종 집계표 (단지)'!G16 -> 0 | I16: =SUM(E16:H16) -> #REF! | J16: 단위중량 2.300 t/㎥
D17: ton | E17: =#REF! -> #REF! | F17: ='기존+타공종 집계표(도시)'!F17+'기존+타공종 집계표 (단지)'!F17 -> 0 | G17: ='기존+타공종 집계표(도시)'!G17+'기존+타공종 집계표 (단지)'!G17 -> 0 | I17: =SUM(E17:H17) -> #REF! | K17: 단위중량 확인.
B18: 계 | D18: M3 | E18: =E4+E6+E8+E10+E12+E14+E16 -> #REF! | F18: =F4+F6+F8+F10+F12+F14+F16 -> 0 | G18: =G4+G6+G8+G10+G12+G14+G16 -> 0 | I18: =SUM(E18:H18) -> #REF!
D19: ton | E19: =E5+E7+E9+E11+E13+E15+E17 -> #REF! | F19: =F5+F7+F9+F11+F13+F15+F17 -> 0 | G19: =G5+G7+G9+G11+G13+G15+G17 -> 0 | I19: =SUM(E19:H19) -> #REF! | K19: 흄관깨기(폐콘크리트수량) 확인할 것.
A20: 폐아스콘 | D20: M3 | E20: ='기존+타공종 집계표(도시)'!E20+'기존+타공종 집계표 (단지)'!E20 -> #REF! | F20: ='기존+타공종 집계표(도시)'!F20+'기존+타공종 집계표 (단지)'!F20 -> 0 | G20: ='기존+타공종 집계표(도시)'!G20+'기존+타공종 집계표 (단지)'!G20 -> 19.86 | I20: =SUM(E20:H20) -> #REF! | J20: 단위중량 2.300 t/㎥
D21: ton | E21: =#REF! -> #REF! | F21: ='기존+타공종 집계표(도시)'!F21+'기존+타공종 집계표 (단지)'!F21 -> 0 | G21: ='기존+타공종 집계표(도시)'!G21+'기존+타공종 집계표 (단지)'!G21 -> 45.678 | I21: =SUM(E21:H21) -> #REF!
A22: 보도블럭헐기 | D22: M2 | E22: ='기존+타공종 집계표(도시)'!E22+'기존+타공종 집계표 (단지)'!E22 -> #REF! | F22: ='기존+타공종 집계표(도시)'!F22+'기존+타공종 집계표 (단지)'!F22 -> 0 | G22: ='기존+타공종 집계표(도시)'!G22+'기존+타공종 집계표 (단지)'!G22 -> 0 | I22: =SUM(E22:H22) -> #REF! | J22: 단위중량 2.300 t/㎥
D23: M3 | E23: ='기존+타공종 집계표(도시)'!E23+'기존+타공종 집계표 (단지)'!E23 -> #REF! | F23: ='기존+타공종 집계표(도시)'!F23+'기존+타공종 집계표 (단지)'!F23 -> 0 | G23: ='기존+타공종 집계표(도시)'!G23+'기존+타공종 집계표 (단지)'!G23 -> 0 | I23: =SUM(E23:H23) -> #REF!
D24: ton | E24: ='기존+타공종 집계표(도시)'!E24+'기존+타공종 집계표 (단지)'!E24 -> #REF! | F24: ='기존+타공종 집계표(도시)'!F24+'기존+타공종 집계표 (단지)'!F24 -> 0 | G24: ='기존+타공종 집계표(도시)'!G24+'기존+타공종 집계표 (단지)'!G24 -> 0 | I24: =SUM(E24:H24) -> #REF!
A25: 석축헐기 | D25: M2 | E25: ='기존+타공종 집계표(도시)'!E25+'기존+타공종 집계표 (단지)'!E25 -> #REF! | F25: ='기존+타공종 집계표(도시)'!F25+'기존+타공종 집계표 (단지)'!F25 -> 0 | G25: ='기존+타공종 집계표(도시)'!G25+'기존+타공종 집계표 (단지)'!G25 -> 0 | I25: =SUM(E25:H25) -> #REF! | J25: 단위중량 2.300 t/㎥
D26: M3 | E26: ='기존+타공종 집계표(도시)'!E26+'기존+타공종 집계표 (단지)'!E26 -> #REF! | F26: ='기존+타공종 집계표(도시)'!F26+'기존+타공종 집계표 (단지)'!F26 -> 0 | G26: ='기존+타공종 집계표(도시)'!G26+'기존+타공종 집계표 (단지)'!G26 -> 0 | I26: =SUM(E26:H26) -> #REF!
D27: ton | E27: ='기존+타공종 집계표(도시)'!E27+'기존+타공종 집계표 (단지)'!E27 -> #REF! | F27: ='기존+타공종 집계표(도시)'!F27+'기존+타공종 집계표 (단지)'!F27 -> 0 | G27: ='기존+타공종 집계표(도시)'!G27+'기존+타공종 집계표 (단지)'!G27 -> 0 | I27: =SUM(E27:H27) -> #REF!
A28: 출입문철거 | D28: m | E28: ='기존+타공종 집계표(도시)'!E28+'기존+타공종 집계표 (단지)'!E28 -> #REF! | F28: ='기존+타공종 집계표(도시)'!F28+'기존+타공종 집계표 (단지)'!F28 -> 0 | G28: ='기존+타공종 집계표(도시)'!G28+'기존+타공종 집계표 (단지)'!G28 -> 0 | I28: =SUM(E28:H28) -> #REF!
A29: 스틸그레이팅 | D29: EA | E29: ='기존+타공종 집계표(도시)'!E29+'기존+타공종 집계표 (단지)'!E29 -> #REF! | F29: ='기존+타공종 집계표(도시)'!F29+'기존+타공종 집계표 (단지)'!F29 -> 0 | G29: ='기존+타공종 집계표(도시)'!G29+'기존+타공종 집계표 (단지)'!G29 -> 0 | I29: =SUM(E29:H29) -> #REF!
A30: 배수관로 터파기 | D30: M3 | E30: ='기존+타공종 집계표(도시)'!E30+'기존+타공종 집계표 (단지)'!E30 -> #REF! | F30: ='기존+타공종 집계표(도시)'!F30+'기존+타공종 집계표 (단지)'!F30 -> 0 | G30: ='기존+타공종 집계표(도시)'!G30+'기존+타공종 집계표 (단지)'!G30 -> 0 | I30: =SUM(E30:H30) -> #REF!
A31: 고 자 재 | D31: ton | E31: ='기존+타공종 집계표(도시)'!E31+'기존+타공종 집계표 (단지)'!E31 -> #REF! | F31: ='기존+타공종 집계표(도시)'!F31+'기존+타공종 집계표 (단지)'!F31 -> 0 | G31: ='기존+타공종 집계표(도시)'!G31+'기존+타공종 집계표 (단지)'!G31 -> 0 | I31: =SUM(E31:H31) -> #REF!

Sheet 기존+타공종 집계표(도시)
A1: 토목지장물 철거 수량집계표(도시계획도로)
A2: 구 분 | D2: 단위 | E2: 토목 | F2: 우수 | G2: 오수 | I2: 계 | J2: 비 고
A3: 아스콘절단 | C3: T=15cm | D3: M | E3: =#REF! -> #REF! | G3: =[192]내역적용수량!$E$10 -> 108.36 | I3: =SUM(E3:H3) -> #REF! | K3: =#REF!+I3 -> #REF!
A4: 폐 콘 크 리 트 | B4: 구조물 깨 기 | C4: 철근콘크리트 (T=30cm이상) | D4: M3 | E4: =#REF! -> #REF! | I4: =SUM(E4:H4) -> #REF! | J4: 단위중량 2.400 t/㎥
D5: ton | E5: =#REF! -> #REF! | I5: =SUM(E5:H5) -> #REF!
C6: 철근콘크리트 (T=30cm미만) | D6: M3 | E6: =#REF! -> #REF! | I6: =SUM(E6:H6) -> #REF! | J6: 단위중량 2.400 t/㎥
D7: ton | E7: =#REF! -> #REF! | I7: =SUM(E7:H7) -> #REF!
C8: 무근콘크리트 (T=30cm이상) | D8: M3 | E8: =#REF! -> #REF! | I8: =SUM(E8:H8) -> #REF! | J8: 단위중량 2.300 t/㎥
D9: ton | E9: =#REF! -> #REF! | I9: =SUM(E9:H9) -> #REF!
C10: 무근콘크리트 (T=30cm미만) | D10: M3 | E10: =#REF! -> #REF! | I10: =SUM(E10:H10) -> #REF! | J10: 단위중량 2.300 t/㎥
D11: ton | E11: =#REF! -> #REF! | I11: =SUM(E11:H11) -> #REF!
B12: 포 장 깨 기 | C12: 무근콘크리트 (T=30cm미만) | D12: M3 | E12: =#REF! -> #REF! | I12: =SUM(E12:H12) -> #REF! | J12: 단위중량 2.300 t/㎥
D13: ton | E13: =#REF! -> #REF! | I13: =SUM(E13:H13) -> #REF!
B14: 흄 관 깨 기 | C14: 무근콘크리트 (T=30cm이상) | D14: M3 | E14: =#REF! -> #REF! | I14: =SUM(E14:H14) -> #REF! | J14: 단위중량 2.300 t/㎥
D15: ton | E15: =#REF! -> #REF! | I15: =SUM(E15:H15) -> #REF!
C16: 무근콘크리트 (T=30cm미만) | D16: M3 | E16: =#REF! -> #REF! | I16: =SUM(E16:H16) -> #REF! | J16: 단위중량 2.300 t/㎥
D17: ton | E17: =#REF! -> #REF! | I17: =SUM(E17:H17) -> #REF! | K17: 단위중량 확인.
B18: 계 | D18: M3 | E18: =E4+E6+E8+E10+E12+E14+E16 -> #REF! | I18: =SUM(E18:H18) -> #REF!
D19: ton | E19: =E5+E7+E9+E11+E13+E15+E17 -> #REF! | I19: =SUM(E19:H19) -> #REF! | K19: 흄관깨기(폐콘크리트수량) 확인할 것.
A20: 폐아스콘 | D20: M3 | E20: =#REF! -> #REF! | G20: =[192]내역적용수량!$E$7 -> 9.52 | I20: =SUM(E20:H20) -> #REF! | J20: 단위중량 2.300 t/㎥
D21: ton | E21: =#REF! -> #REF! | G21: =G20*2.3 -> 21.896 | I21: =SUM(E21:H21) -> #REF!
A22: 보도블럭헐기 | D22: M2 | E22: =#REF! -> #REF! | I22: =SUM(E22:H22) -> #REF! | J22: 단위중량 2.300 t/㎥
D23: M3 | E23: =#REF! -> #REF! | I23: =SUM(E23:H23) -> #REF!
D24: ton | E24: =#REF! -> #REF! | I24: =SUM(E24:H24) -> #REF!
A25: 석축헐기 | D25: M2 | E25: =#REF! -> #REF! | I25: =SUM(E25:H25) -> #REF! | J25: 단위중량 2.300 t/㎥
D26: M3 | E26: =#REF! -> #REF! | I26: =SUM(E26:H26) -> #REF!
D27: ton | E27: =#REF! -> #REF! | I27: =SUM(E27:H27) -> #REF!
A28: 출입문철거 | D28: m | E28: =#REF! -> #REF! | I28: =SUM(E28:H28) -> #REF!
A29: 스틸그레이팅 | D29: EA | E29: =#REF! -> #REF! | I29: =SUM(E29:H29) -> #REF!
A30: 배수관로 터파기 | D30: M3 | E30: =#REF! -> #REF! | I30: =SUM(E30:H30) -> #REF!
A31: 고 자 재 | D31: ton | E31: =#REF! -> #REF! | I31: =SUM(E31:H31) -> #REF!

Sheet 기존+타공종 집계표 (단지)
A1: 토목지장물 철거 수량집계표(단지내)
A2: 구 분 | D2: 단위 | E2: 토목 | F2: 우수 | G2: 오수 | I2: 계 | J2: 비 고
A3: 아스콘절단 | C3: T=15cm | D3: M | E3: =#REF! -> #REF! | G3: =[192]내역적용수량!$D$10 -> 36.2 | I3: =SUM(E3:H3) -> #REF! | K3: =#REF!+I3 -> #REF!
A4: 폐 콘 크 리 트 | B4: 구조물 깨 기 | C4: 철근콘크리트 (T=30cm이상) | D4: M3 | E4: =#REF! -> #REF! | I4: =SUM(E4:H4) -> #REF! | J4: 단위중량 2.400 t/㎥
D5: ton | E5: =#REF! -> #REF! | I5: =SUM(E5:H5) -> #REF!
C6: 철근콘크리트 (T=30cm미만) | D6: M3 | E6: =#REF! -> #REF! | I6: =SUM(E6:H6) -> #REF! | J6: 단위중량 2.400 t/㎥
D7: ton | E7: =#REF! -> #REF! | I7: =SUM(E7:H7) -> #REF!
C8: 무근콘크리트 (T=30cm이상) | D8: M3 | E8: =#REF! -> #REF! | I8: =SUM(E8:H8) -> #REF! | J8: 단위중량 2.300 t/㎥
D9: ton | E9: =#REF! -> #REF! | I9: =SUM(E9:H9) -> #REF!
C10: 무근콘크리트 (T=30cm미만) | D10: M3 | E10: =#REF! -> #REF! | I10: =SUM(E10:H10) -> #REF! | J10: 단위중량 2.300 t/㎥
D11: ton | E11: =#REF! -> #REF! | I11: =SUM(E11:H11) -> #REF!
B12: 포 장 깨 기 | C12: 무근콘크리트 (T=30cm미만) | D12: M3 | E12: =#REF! -> #REF! | I12: =SUM(E12:H12) -> #REF! | J12: 단위중량 2.300 t/㎥
D13: ton | E13: =#REF! -> #REF! | I13: =SUM(E13:H13) -> #REF!
B14: 흄 관 깨 기 | C14: 무근콘크리트 (T=30cm이상) | D14: M3 | E14: =#REF! -> #REF! | I14: =SUM(E14:H14) -> #REF! | J14: 단위중량 2.300 t/㎥
D15: ton | E15: =#REF! -> #REF! | I15: =SUM(E15:H15) -> #REF!
C16: 무근콘크리트 (T=30cm미만) | D16: M3 | E16: =#REF! -> #REF! | I16: =SUM(E16:H16) -> #REF! | J16: 단위중량 2.300 t/㎥
D17: ton | E17: =#REF! -> #REF! | I17: =SUM(E17:H17) -> #REF! | K17: 단위중량 확인.
B18: 계 | D18: M3 | E18: =E4+E6+E8+E10+E12+E14+E16 -> #REF! | I18: =SUM(E18:H18) -> #REF!
D19: ton | E19: =E5+E7+E9+E11+E13+E15+E17 -> #REF! | I19: =SUM(E19:H19) -> #REF! | K19: 흄관깨기(폐콘크리트수량) 확인할 것.
A20: 폐아스콘 | D20: M3 | E20: =#REF! -> #REF! | G20: =[192]내역적용수량!$D$8 -> 10.34 | I20: =SUM(E20:H20) -> #REF! | J20: 단위중량 2.300 t/㎥
D21: ton | E21: =#REF! -> #REF! | G21: =G20*2.3 -> 23.782 | I21: =SUM(E21:H21) -> #REF!
A22: 보도블럭헐기 | D22: M2 | E22: =#REF! -> #REF! | I22: =SUM(E22:H22) -> #REF! | J22: 단위중량 2.300 t/㎥
D23: M3 | E23: =#REF! -> #REF! | I23: =SUM(E23:H23) -> #REF!
D24: ton | E24: =#REF! -> #REF! | I24: =SUM(E24:H24) -> #REF!
A25: 석축헐기 | D25: M2 | E25: =#REF! -> #REF! | I25: =SUM(E25:H25) -> #REF! | J25: 단위중량 2.300 t/㎥
D26: M3 | E26: =#REF! -> #REF! | I26: =SUM(E26:H26) -> #REF!
D27: ton | E27: =#REF! -> #REF! | I27: =SUM(E27:H27) -> #REF!
A28: 출입문철거 | D28: m | E28: =#REF! -> #REF! | I28: =SUM(E28:H28) -> #REF!
A29: 스틸그레이팅 | D29: EA | E29: =#REF! -> #REF! | I29: =SUM(E29:H29) -> #REF!
A30: 배수관로 터파기 | D30: M3 | E30: =#REF! -> #REF! | I30: =SUM(E30:H30) -> #REF!
A31: 고 자 재 | D31: ton | E31: =#REF! -> #REF! | I31: =SUM(E31:H31) -> #REF!

Sheet 기존지장물철거수량집계표(총괄)
A1: 토목지장물 철거 수량집계표(총괄)
A2: 구 분 | D2: 단위 | E2: 일반구조물 | F2: 부대공이월 | G2: 기존포장 | H2: 지하매설물 | I2: 계 | J2: 비 고
A3: 아스콘절단 | C3: T=5cm | D3: M | I3: =E3+F3+G3+H3 -> 0
A4: 폐 콘 크 리 트 | B4: 구조물 깨 기 | C4: 철근콘크리트 (T=30cm이상) | D4: M3 | E4: ='[193]일반구조물 집계'!$B$16 -> 0 | I4: =E4+F4+G4+H4 -> 0 | J4: 단위중량 2.400 t/㎥
D5: TON | E5: =ROUND(E4*2.4,2) -> 0 | G5: =ROUND(G4*2.4,2) -> 0 | H5: =ROUND(H4*2.4,2) -> 0 | I5: =E5+F5+G5+H5 -> 0
C6: 철근콘크리트 (T=30cm미만) | D6: M3 | E6: ='[193]일반구조물 집계'!$C$15 -> 122.5 | F6: ='[194]깨기수량(토공이월)'!$H$11 -> 26.06 | I6: =E6+F6+G6+H6 -> 148.56 | J6: 단위중량 2.400 t/㎥
D7: TON | E7: =ROUND(E6*2.4,2) -> 294 | F7: =ROUND(F6*2.4,2) -> 62.54 | G7: =ROUND(G6*2.4,2) -> 0 | H7: =ROUND(H6*2.4,2) -> 0 | I7: =E7+F7+G7+H7 -> 356.54
C8: 무근콘크리트 (T=30cm이상) | D8: M3 | I8: =E8+F8+G8+H8 -> 0 | J8: 단위중량 2.300 t/㎥
D9: TON | E9: =ROUND(E8*2.3,2) -> 0 | G9: =ROUND(G8*2.3,2) -> 0 | H9: =ROUND(H8*2.3,2) -> 0 | I9: =E9+F9+G9+H9 -> 0
C10: 무근콘크리트 (T=30cm미만) | D10: M3 | E10: ='[193]일반구조물 집계'!$H$16 -> 0 | F10: ='[194]깨기수량(토공이월)'!$G$11 -> 131.03 | I10: =E10+F10+G10+H10 -> 131.03 | J10: 단위중량 2.300 t/㎥
D11: TON | E11: =ROUND(E10*2.3,2) -> 0 | F11: =ROUND(F10*2.3,2) -> 301.37 | G11: =ROUND(G10*2.3,2) -> 0 | H11: =ROUND(H10*2.3,2) -> 0 | I11: =E11+F11+G11+H11 -> 301.37
B12: 흄 관 깨 기 | C12: 무근콘크리트 (T=30cm이상) | D12: M3 | I12: =E12+F12+G12+H12 -> 0 | J12: 단위중량 2.300 t/㎥
D13: TON | I13: =E13+F13+G13+H13 -> 0
C14: 무근콘크리트 (T=30cm미만) | D14: M3 | F14: =F31*흄관깨기_단위!H26 -> 1.242 | I14: =E14+F14+G14+H14 -> 1.242 | J14: 단위중량 2.300 t/㎥
D15: TON | E15: =ROUND(E14*2.3,2) -> 0 | F15: =ROUND(F14*2.3,2) -> 2.86 | G15: =ROUND(G14*2.3,2) -> 0 | H15: =ROUND(H14*2.3,2) -> 0 | I15: =E15+F15+G15+H15 -> 2.86
B16: 계 | D16: M3 | E16: =E4+E6+E8+E10+E12+E14 -> 122.5 | F16: =F4+F6+F8+F10+F12+F14 -> 158.332 | G16: =G4+G6+G8+G10+G12+G14 -> 0 | H16: =H4+H6+H8+H10+H12+H14 -> 0 | I16: =E16+F16+G16+H16 -> 280.832
D17: TON | E17: =E5+E7+E9+E11+E13+E15 -> 294 | F17: =F5+F7+F9+F11+F13+F15 -> 366.77 | G17: =G5+G7+G9+G11+G13+G15 -> 0 | H17: =H5+H7+H9+H11+H13+H15 -> 0 | I17: =E17+F17+G17+H17 -> 660.77
A18: 폐아스콘 | D18: M3 | I18: =E18+G18+H18 -> 0 | J18: 단위중량 2.300 t/㎥
D19: ton | E19: =ROUND(E18*2.3,2) -> 0 | F19: =ROUND(F18*2.3,2) -> 0 | G19: =ROUND(G18*2.3,2) -> 0 | H19: =ROUND(H18*2.3,2) -> 0 | I19: =E19+G19+H19 -> 0
A20: 콘크리트포장 | D20: M3 | I20: =E20+G20+H20 -> 0 | J20: 단위중량 2.300 t/㎥
D21: ton | E21: =ROUND(E20*2.3,2) -> 0 | F21: =ROUND(F20*2.3,2) -> 0 | G21: =ROUND(G20*2.3,2) -> 0 | H21: =ROUND(H20*2.3,2) -> 0 | I21: =E21+G21+H21 -> 0
A22: 보도블럭헐기 | D22: M2 | I22: =E22+G22+H22 -> 0 | J22: 단위중량 2.300 t/㎥
D23: M3 | G23: =G22*0.06 -> 0 | I23: =E23+G23+H23 -> 0
D24: TON | E24: =ROUND(E23*2.3,2) -> 0 | F24: =ROUND(F23*2.3,2) -> 0 | G24: =ROUND(G23*2.3,2) -> 0 | H24: =ROUND(H23*2.3,2) -> 0 | I24: =E24+G24+H24 -> 0
A25: 돌쌓기헐기 | D25: M2 | E25: ='[193]일반구조물 집계'!$L$16 -> 0 | I25: =E25+G25+H25 -> 0 | J25: 단위중량 2.300 t/㎥
D26: M3 | I26: =E26+G26+H26 -> 0
D27: TON | E27: =ROUND(E26*2.3,2) -> 0 | F27: =ROUND(F26*2.3,2) -> 0 | G27: =ROUND(G26*2.3,2) -> 0 | H27: =ROUND(H26*2.3,2) -> 0 | I27: =E27+G27+H27 -> 0
A28: 흄관 | C28: D400 | D28: M | I28: =E28+G28+H28 -> 0
C29: D450 | D29: M | I29: =E29+G29+H29 -> 0
C30: D600 | D30: M | I30: =E30+G30+H30 -> 0
C31: D700 | D31: M | F31: ='[194]깨기수량(토공이월)'!$C$11 -> 9 | I31: =E31+G31+H31 -> 0 | J31: 임시침사지유출관
A32: 고 자 재 | D32: TON | E32: ='[193]일반구조물 집계'!$J$16 -> 0 | I32: =E32+G32+H32 -> 0

Sheet 흄관깨기_단위
A1: 기존관로(흄관) 깨기 수량산출
E6: 관경 | F6: 관두께(t) | G6: D+2t
E7: 300 | F7: 30 | G7: =E7+2*F7 -> 360
E8: 350 | F8: 32 | G8: =E8+2*F8 -> 414
E9: 400 | F9: 35 | G9: =E9+2*F9 -> 470
E10: 450 | F10: 38 | G10: =E10+2*F10 -> 526
E11: 500 | F11: 42 | G11: =E11+2*F11 -> 584
E12: 600 | F12: 50 | G12: =E12+2*F12 -> 700
E13: 700 | F13: 58 | G13: =E13+2*F13 -> 816
E14: 800 | F14: 66 | G14: =E14+2*F14 -> 932
E15: 900 | F15: 75 | G15: =E15+2*F15 -> 1050
E16: 1000 | F16: 82 | G16: =E16+2*F16 -> 1164
A19: 구 분 | B19: 관 경 | C19: 단위 | D19: 산 출 근 거 | H19: 수량
A20: 기존배수관로 흄관깨기 | B20: D300 | C20: m3 | D20: =" (πx"&G7/1000&"^2/4 - πx"&E7/1000&"^2/4) x 1.0m =" -> (πx0.36^2/4 - πx0.3^2/4) x 1.0m = | H20: =ROUND(((PI()*(G7/1000)^2)/4-(PI()*(E7/1000)^2)/4),3) -> 0.031
B21: D350 | C21: m3 | D21: =" (πx"&G8/1000&"^2/4 - πx"&E8/1000&"^2/4) x 1.0m =" -> (πx0.414^2/4 - πx0.35^2/4) x 1.0m = | H21: =ROUND(((PI()*(G8/1000)^2)/4-(PI()*(E8/1000)^2)/4),3) -> 0.038
B22: D400 | C22: m3 | D22: =" (πx"&G9/1000&"^2/4 - πx"&E9/1000&"^2/4) x 1.0m =" -> (πx0.47^2/4 - πx0.4^2/4) x 1.0m = | H22: =ROUND(((PI()*(G9/1000)^2)/4-(PI()*(E9/1000)^2)/4),3) -> 0.048
B23: D450 | C23: m3 | D23: =" (πx"&G10/1000&"^2/4 - πx"&E10/1000&"^2/4) x 1.0m =" -> (πx0.526^2/4 - πx0.45^2/4) x 1.0m = | H23: =ROUND(((PI()*(G10/1000)^2)/4-(PI()*(E10/1000)^2)/4),3) -> 0.058
B24: D500 | C24: m3 | D24: =" (πx"&G11/1000&"^2/4 - πx"&E11/1000&"^2/4) x 1.0m =" -> (πx0.584^2/4 - πx0.5^2/4) x 1.0m = | H24: =ROUND(((PI()*(G11/1000)^2)/4-(PI()*(E11/1000)^2)/4),3) -> 0.072
B25: D600 | C25: m3 | D25: =" (πx"&G12/1000&"^2/4 - πx"&E12/1000&"^2/4) x 1.0m =" -> (πx0.7^2/4 - πx0.6^2/4) x 1.0m = | H25: =ROUND(((PI()*(G12/1000)^2)/4-(PI()*(E12/1000)^2)/4),3) -> 0.102
B26: D700 | C26: m3 | D26: =" (πx"&G13/1000&"^2/4 - πx"&E13/1000&"^2/4) x 1.0m =" -> (πx0.816^2/4 - πx0.7^2/4) x 1.0m = | H26: =ROUND(((PI()*(G13/1000)^2)/4-(PI()*(E13/1000)^2)/4),3) -> 0.138
B27: D800 | C27: m3 | D27: =" (πx"&G14/1000&"^2/4 - πx"&E14/1000&"^2/4) x 1.0m =" -> (πx0.932^2/4 - πx0.8^2/4) x 1.0m = | H27: =ROUND(((PI()*(G14/1000)^2)/4-(PI()*(E14/1000)^2)/4),3) -> 0.18
B28: D900 | C28: m3 | D28: =" (πx"&G15/1000&"^2/4 - πx"&E15/1000&"^2/4) x 1.0m =" -> (πx1.05^2/4 - πx0.9^2/4) x 1.0m = | H28: =ROUND(((PI()*(G15/1000)^2)/4-(PI()*(E15/1000)^2)/4),3) -> 0.23
B29: D1000 | C29: m3 | D29: =" (πx"&G16/1000&"^2/4 - πx"&E16/1000&"^2/4) x 1.0m =" -> (πx1.164^2/4 - πx1^2/4) x 1.0m = | H29: =ROUND(((PI()*(G16/1000)^2)/4-(PI()*(E16/1000)^2)/4),3) -> 0.279

Sheet 2) 지장물철거
A4: 지 장 물 철 거
