Workbook

Sheet 총공사비
A1: 화성 청원지구 — 총공사비 (도급액·간접비 포함)
A3: 【1. 내역서별 요약】
A4: ① 직접공사비 (재·노·경)
A5: 구분 | B5: No | C5: 내역서 | D5: 재료비 | E5: 노무비 | F5: 경비 | G5: 직접공사비 | H5: 비고
A6: 회전교차로 | B6: 05 | C6: 05 회전교차로 | D6: 115856514 | E6: 519405822 | F6: 35734886 | G6: 670997222
A7: 진입도로 | B7: 04 | C7: 04 진입도로 | D7: 84435224 | E7: 401743339 | F7: 46174874 | G7: 532353437
A8: 토목(조경) | B8: 01 | C8: 01 토목 | D8: 381224824 | E8: 1741229079 | F8: 347578180 | G8: 2470032083
A9: 토목(조경) | B9: 01 | C9: 01 조경 | D9: 600710000 | E9: 386951000 | F9: 30172000 | G9: 1017833000 | H9: 푸른조경 내역(순공사비)·토목요율
A10: 지구단위 | B10: 06 | C10: 06 개발행위 | D10: 341175859 | E10: 1079591249 | F10: 302642322 | G10: 1723409430
A11: 폐기물 | B11: 07 | C11: 07 건설폐기물 | D11: 0 | E11: 0 | F11: 31458312 | G11: 31458312
A12: 합계 | C12: ★ 01·04~07 | D12: 1523402421 | E12: 4128920489 | F12: 793760574 | G12: 6446083484 | H12: 구분 시트 ★소계 합
A14: ② 간접비·도급액
A15: 항목 | B15: 05 회전교차로 | C15: 04 진입도로 | D15: 01 토목 | E15: 01 조경 | F15: 06 개발행위 | G15: 07 건설폐기물 | H15: 합계
A16: 간접노무비 | B16: 102322947 | C16: 79143438 | D16: 343022129 | E16: 76229347 | F16: 212679476 | G16: 0 | H16: =B16+C16+D16+E16+F16+G16
A17: 순공사원가 | B17: 926519661 | C17: 730139087 | D17: 3321061676 | E17: 1264276727 | F17: 2264694918 | G17: 31867270 | H17: =B17+C17+D17+E17+F17+G17
A18: 일반관리비 | B18: 74121573 | C18: 58411127 | D18: 265684934 | E18: 101142138 | F18: 181175593 | G18: 2549382 | H18: =B18+C18+D18+E18+F18+G18
A19: 이윤 | B19: 132717708 | C19: 105617249 | D19: 480828268 | E19: 114706330 | F19: 315704198 | G19: 5162498 | H19: =B19+C19+D19+E19+F19+G19
A20: 부가세 | B20: 118315823 | C20: 93353978 | D20: 424856086 | E20: 155020931 | F20: 288602477 | G20: 4158539 | H20: =B20+C20+D20+E20+F20+G20
A21: 도급액 | B21: 1301474051 | C21: 1026893755 | D21: 4673416942 | E21: 1705230242 | F21: 3174627245 | G21: 45743924 | H21: =B21+C21+D21+E21+F21+G21
A22: 배율 | B22: =IF(G6=0,0,B21/G6) | C22: =IF(G7=0,0,C21/G7) | D22: =IF(G8=0,0,D21/G8) | E22: =IF(G9=0,0,E21/G9) | F22: =IF(G10=0,0,F21/G10) | G22: =IF(G11=0,0,G21/G11) | H22: =IF(G12=0,0,H21/G12)
A24: 【2. 간접비·원가계산 (내역서별 합산)】
A25: 단계 | B25: 항목 | C25: 금액(원) | D25: 산식 | F25: 비고
A26: ① | B26: 직접공사비 | C26: 6446083486 | D26: 재료비+직접노무비+직접경비 | F26: 01·04~07 내역서별 합산
B27: · 재료비 | C27: 1523402421
B28: · 직접노무비 | C28: 4128920489
B29: · 직접경비 | C29: 793760574
A30: ② | B30: 간접노무비 | C30: 813397337 | D30: 직접노무비 × 19.7% | F30: 01·04~07 내역서별 합산
B31: 노무비계(직접+간접) | C31: 4942317826 | F31: 01·04~07 내역서별 합산
A32: ③ | B32: 산재보험료 | C32: 175946514 | D32: 노무비계 × 3.56% | F32: 01·04~07 내역서별 합산
A33: ③ | B33: 고용보험료 | C33: 49917410 | D33: 노무비계 × 1.01% | F33: 01·04~07 내역서별 합산
A34: ③ | B34: 국민건강보험료 | C34: 148434690 | D34: 직접노무비 × 3.595% | F34: 01·04~07 내역서별 합산
A35: ③ | B35: 국민연금보험료 | C35: 196123723 | D35: 직접노무비 × 4.75% | F35: 01·04~07 내역서별 합산
A36: ③ | B36: 노인장기요양보험료 | C36: 19504319 | D36: 건강보험료 × 13.14% | F36: 01·04~07 내역서별 합산
A37: ③ | B37: 산업안전보건관리비 | C37: 159218077 | D37: (재료비+직접노무비) × 2.53% + 기초액 3,300,000원 | F37: 01·04~07 내역서별 합산
A38: ③ | B38: 기타경비 | C38: 446134697 | D38: (재료비+노무비계) × 6.9% | F38: 01·04~07 내역서별 합산
A39: ③ | B39: 건설기계대여대금 지급보증 | C39: 25784334 | D39: 직접공사비 × 0.4% (법정부담금) | F39: 01·04~07 내역서별 합산
A40: ③ | B40: 환경보전비 | C40: 58014752 | D40: 직접공사비 × 0.9% | F40: 01·04~07 내역서별 합산
B41: 경비계(직접경비+산출경비) | C41: 2072839091 | F41: 01·04~07 내역서별 합산
A42: ⑥ | B42: 순공사원가 | C42: 8538559339 | D42: 재료비+노무비계+경비계 | F42: 01·04~07 내역서별 합산
A43: ⑦ | B43: 일반관리비 | C43: 683084747 | D43: 순공사원가 × 8% (추정가격 구간) | F43: 01·04~07 내역서별 합산
A44: ⑧ | B44: 이윤 | C44: 1154736251 | D44: (노무비계+경비계+일반관리비) × 15% (추정가격 구간) | F44: 01·04~07 내역서별 합산
A45: ⑨ | B45: 이행(준공)보증보험료 | C45: 31129141 | D45: 공급가액(이윤까지) × 0.3% (PF·책임준공) | F45: 01·04~07 내역서별 합산
A46: ⑨ | B46: PF·신용 리스크 프리미엄 | C46: 435568849 | D46: (직접공사비+간접노무비) × 6% (책임준공·미확정) | F46: 01·04~07 내역서별 합산
B47: 공급가액 | C47: 10843078326 | D47: 순공사원가+일반관리비+이윤+PF협의항목 | F47: 01·04~07 내역서별 합산
B48: 부가가치세 | C48: 1084307834 | D48: 공급가액 × 10% | F48: 01·04~07 내역서별 합산
A49: ★ | B49: 도급액(총공사비) | C49: 11927386159 | D49: 공급가액 + 부가세 (직접비의 1.850배·통합) | F49: 01·04~07 내역서별 합산

Sheet 내역집계
A1: 화성 청원지구 — 내역 집계 (01·04~07, 02 전기 제외)
A3: 구분 | B3: No | C3: 내역서 | D3: 공종 | E3: 매칭 | F3: 전체 | G3: 매칭률 | H3: 재료비 | I3: 노무비 | J3: 경비 | K3: 합계 | L3: 합계(억)
A4: 회전교차로 | B4: 05 | C4: 05 회전교차로 | D4: 9. 산업안전보건관리비 | E4: 0 | F4: 1 | G4: 0 | H4: 0 | I4: 0 | J4: 0 | K4: 0 | L4: 0
A5: 회전교차로 | B5: 05 | C5: 05 회전교차로 | D5: 1. 토 공 | E5: 21 | F5: 21 | G5: 1 | H5: 10163806 | I5: 30847384 | J5: 12145548 | K5: 53156738 | L5: 0.53156738
A6: 회전교차로 | B6: 05 | C6: 05 회전교차로 | D6: 2. 우 수 공 | E6: 38 | F6: 42 | G6: 0.9047619 | H6: 10110092 | I6: 57050724 | J6: 5814386 | K6: 72975202 | L6: 0.72975202
A7: 회전교차로 | B7: 05 | C7: 05 회전교차로 | D7: 3. 포 장 공 | E7: 46 | F7: 53 | G7: 0.86792453 | H7: 25531309 | I7: 181022224 | J7: 14034229 | K7: 220587762 | L7: 2.2058776
A8: 회전교차로 | B8: 05 | C8: 05 회전교차로 | D8: 4. 구조물공 | E8: 21 | F8: 23 | G8: 0.91304348 | H8: 70040561 | I8: 2.4970535e+08 | J8: 3732883 | K8: 3.2347879e+08 | L8: 3.2347879
A9: 회전교차로 | B9: 05 | C9: 05 회전교차로 | D9: 5. 부 대 공 | E9: 3 | F9: 3 | G9: 1 | H9: 10747 | I9: 780140 | J9: 7840 | K9: 798727 | L9: 0.00798727
A10: 회전교차로 | B10: 05 | C10: 05 회전교차로 | D10: 가). 중기운반비 | E10: 0 | F10: 3 | G10: 0 | H10: 0 | I10: 0 | J10: 0 | K10: 0 | L10: 0
A11: 회전교차로 | B11: 05 | C11: 05 회전교차로 | D11: ▣ 품질관리비 | E11: 0 | F11: 1 | G11: 0 | H11: 0 | I11: 0 | J11: 0 | K11: 0 | L11: 0
A12: 회전교차로 | B12: 05 | C12: 05 회전교차로 | D12: ★ 05 회전교차로 소계 | E12: =회전교차로!D12 | F12: =회전교차로!E12 | G12: =회전교차로!F12 | H12: =회전교차로!G12 | I12: =회전교차로!H12 | J12: =회전교차로!I12 | K12: =회전교차로!J12 | L12: =회전교차로!K12
A13: 회전교차로 | C13: 회전교차로 | D13: ★ 회전교차로 소계 | E13: =회전교차로!D13 | F13: =회전교차로!E13 | G13: =회전교차로!F13 | H13: =회전교차로!G13 | I13: =회전교차로!H13 | J13: =회전교차로!I13 | K13: =회전교차로!J13 | L13: =회전교차로!K13
A14: 진입도로 | B14: 04 | C14: 04 진입도로 | D14: 9. 산업안전보건관리비 | E14: 0 | F14: 1 | G14: 0 | H14: 0 | I14: 0 | J14: 0 | K14: 0 | L14: 0
A15: 진입도로 | B15: 04 | C15: 04 진입도로 | D15: 1. 토 공 | E15: 19 | F15: 19 | G15: 1 | H15: 20465208 | I15: 65102573 | J15: 25173284 | K15: 110741065 | L15: 1.1074107
A16: 진입도로 | B16: 04 | C16: 04 진입도로 | D16: 2. 우 수 공 | E16: 26 | F16: 28 | G16: 0.92857143 | H16: 11851285 | I16: 79191767 | J16: 8862011 | K16: 99905063 | L16: 0.99905063
A17: 진입도로 | B17: 04 | C17: 04 진입도로 | D17: 3. 상 수 공 | E17: 17 | F17: 19 | G17: 0.89473684 | H17: 885328 | I17: 20516305 | J17: 467412 | K17: 21869045 | L17: 0.21869045
A18: 진입도로 | B18: 04 | C18: 04 진입도로 | D18: 4. 포 장 공 | E18: 50 | F18: 56 | G18: 0.89285714 | H18: 16880940 | I18: 108358542 | J18: 9375195 | K18: 134614677 | L18: 1.3461468
A19: 진입도로 | B19: 04 | C19: 04 진입도로 | D19: 5. 구조물공 | E19: 20 | F19: 22 | G19: 0.90909091 | H19: 34341716 | I19: 1.2779401e+08 | J19: 2289132 | K19: 1.6442486e+08 | L19: 1.6442486
A20: 진입도로 | B20: 04 | C20: 04 진입도로 | D20: 6. 부 대 공 | E20: 3 | F20: 3 | G20: 1 | H20: 10747 | I20: 780140 | J20: 7840 | K20: 798727 | L20: 0.00798727
A21: 진입도로 | B21: 04 | C21: 04 진입도로 | D21: 가). 중기운반비 | E21: 0 | F21: 3 | G21: 0 | H21: 0 | I21: 0 | J21: 0 | K21: 0 | L21: 0
A22: 진입도로 | B22: 04 | C22: 04 진입도로 | D22: ▣ 품질관리비 | E22: 0 | F22: 1 | G22: 0 | H22: 0 | I22: 0 | J22: 0 | K22: 0 | L22: 0
A23: 진입도로 | B23: 04 | C23: 04 진입도로 | D23: ★ 04 진입도로 소계 | E23: =진입도로!D13 | F23: =진입도로!E13 | G23: =진입도로!F13 | H23: =진입도로!G13 | I23: =진입도로!H13 | J23: =진입도로!I13 | K23: =진입도로!J13 | L23: =진입도로!K13
A24: 진입도로 | C24: 진입도로 | D24: ★ 진입도로 소계 | E24: =진입도로!D14 | F24: =진입도로!E14 | G24: =진입도로!F14 | H24: =진입도로!G14 | I24: =진입도로!H14 | J24: =진입도로!I14 | K24: =진입도로!J14 | L24: =진입도로!K14
A25: 토목(조경) | B25: 01 | C25: 01 토목 | D25: 1. 토 공 | E25: 41 | F25: 45 | G25: 0.91111111 | H25: 1.938648e+08 | I25: 3.7583083e+08 | J25: 248626066 | K25: 8.183217e+08 | L25: 8.183217
A26: 토목(조경) | B26: 01 | C26: 01 토목 | D26: 2. 우 수 공 | E26: 81 | F26: 99 | G26: 0.81818182 | H26: 45773360 | I26: 4.1265129e+08 | J26: 30187164 | K26: 4.8861181e+08 | L26: 4.8861181
A27: 토목(조경) | B27: 01 | C27: 01 토목 | D27: 3. 오 수 공 | E27: 36 | F27: 44 | G27: 0.81818182 | H27: 8139274.2 | I27: 91589702 | J27: 6281483 | K27: 1.0601046e+08 | L27: 1.0601046
A28: 토목(조경) | B28: 01 | C28: 01 토목 | D28: 4. 상 수 공 | E28: 62 | F28: 86 | G28: 0.72093023 | H28: 11736539 | I28: 84912162 | J28: 4722073 | K28: 101370774 | L28: 1.0137077
A29: 토목(조경) | B29: 01 | C29: 01 토목 | D29: 5. 포 장 공 | E29: 68 | F29: 76 | G29: 0.89473684 | H29: 55159585 | I29: 294369653 | J29: 23035558 | K29: 372564796 | L29: 3.725648
A30: 토목(조경) | B30: 01 | C30: 01 토목 | D30: 6. 구조물공 | E30: 39 | F30: 43 | G30: 0.90697674 | H30: 27584724 | I30: 2.1541458e+08 | J30: 17151782 | K30: 2.6015109e+08 | L30: 2.6015109
A31: 토목(조경) | B31: 01 | C31: 01 토목 | D31: 7. 부 대 공 | E31: 27 | F31: 36 | G31: 0.75 | H31: 15032685 | I31: 173478672 | J31: 7842946 | K31: 196354303 | L31: 1.963543
A32: 토목(조경) | B32: 01 | C32: 01 토목 | D32: 8. 하수처리장 | E32: 43 | F32: 53 | G32: 0.81132075 | H32: 14684153 | I32: 65843674 | J32: 1789336 | K32: 82317163 | L32: 0.82317163
A33: 토목(조경) | B33: 01 | C33: 01 토목 | D33: 9. 지하저류조 | E33: 7 | F33: 9 | G33: 0.77777778 | H33: 9249700 | I33: 27138515 | J33: 7941772 | K33: 44329987 | L33: 0.44329987
A34: 토목(조경) | B34: 01 | C34: 01 토목 | D34: ▣ 품질관리비 | E34: 0 | F34: 2 | G34: 0 | H34: 0 | I34: 0 | J34: 0 | K34: 0 | L34: 0
A35: 토목(조경) | B35: 01 | C35: 01 토목 | D35: ★ 01 토목 소계 | E35: ='토목(조경)'!D14 | F35: ='토목(조경)'!E14 | G35: ='토목(조경)'!F14 | H35: ='토목(조경)'!G14 | I35: ='토목(조경)'!H14 | J35: ='토목(조경)'!I14 | K35: ='토목(조경)'!J14 | L35: ='토목(조경)'!K14
A36: 토목(조경) | B36: 01 | C36: 01 조경 | D36: 10. 조 경 공 | E36: 80 | F36: 80 | G36: 1 | H36: 600710000 | I36: 386951000 | J36: 30172000 | K36: 1017833000 | L36: 10.17833
A37: 토목(조경) | B37: 01 | C37: 01 조경 | D37: ★ 01 조경 소계 | E37: ='토목(조경)'!D16 | F37: ='토목(조경)'!E16 | G37: ='토목(조경)'!F16 | H37: ='토목(조경)'!G16 | I37: ='토목(조경)'!H16 | J37: ='토목(조경)'!I16 | K37: ='토목(조경)'!J16 | L37: ='토목(조경)'!K16
A38: 토목(조경) | C38: 토목(조경) | D38: ★ 토목(조경) 소계 | E38: ='토목(조경)'!D17 | F38: ='토목(조경)'!E17 | G38: ='토목(조경)'!F17 | H38: ='토목(조경)'!G17 | I38: ='토목(조경)'!H17 | J38: ='토목(조경)'!I17 | K38: ='토목(조경)'!J17 | L38: ='토목(조경)'!K17
A39: 지구단위 | B39: 06 | C39: 06 개발행위 | D39: 1. 토 공 | E39: 9 | F39: 9 | G39: 1 | H39: 329303137 | I39: 633526312 | J39: 288990853 | K39: 1251820302 | L39: 12.518203
A40: 지구단위 | B40: 06 | C40: 06 개발행위 | D40: 2. A1 | E40: 14 | F40: 14 | G40: 1 | H40: 1322809 | I40: 36399255 | J40: 1512006 | K40: 39234070 | L40: 0.3923407
A41: 지구단위 | B41: 06 | C41: 06 개발행위 | D41: 3. A2 | E41: 17 | F41: 17 | G41: 1 | H41: 2352580 | I41: 88315220 | J41: 2468726 | K41: 93136526 | L41: 0.93136526
A42: 지구단위 | B42: 06 | C42: 06 개발행위 | D42: 4. A3 | E42: 16 | F42: 17 | G42: 0.94117647 | H42: 1709156 | I42: 77274394 | J42: 2194560 | K42: 81178110 | L42: 0.8117811
A43: 지구단위 | B43: 06 | C43: 06 개발행위 | D43: 5. A4 | E43: 14 | F43: 15 | G43: 0.93333333 | H43: 1677855 | I43: 59383425 | J43: 2123566 | K43: 63184846 | L43: 0.63184846
A44: 지구단위 | B44: 06 | C44: 06 개발행위 | D44: 6. A5 | E44: 14 | F44: 15 | G44: 0.93333333 | H44: 1149785 | I44: 45609407 | J44: 1591411 | K44: 48350603 | L44: 0.48350603
A45: 지구단위 | B45: 06 | C45: 06 개발행위 | D45: 7. B1 | E45: 13 | F45: 14 | G45: 0.92857143 | H45: 1161816 | I45: 62903235 | J45: 1273047 | K45: 65338098 | L45: 0.65338098
A46: 지구단위 | B46: 06 | C46: 06 개발행위 | D46: 8. B2 | E46: 13 | F46: 14 | G46: 0.92857143 | H46: 1365630 | I46: 58315326 | J46: 1427499 | K46: 61108455 | L46: 0.61108455
A47: 지구단위 | B47: 06 | C47: 06 개발행위 | D47: 9. 지원시설 | E47: 11 | F47: 12 | G47: 0.91666667 | H47: 656770 | I47: 13039376 | J47: 460290 | K47: 14156436 | L47: 0.14156436
A48: 지구단위 | B48: 06 | C48: 06 개발행위 | D48: 10. 주차장 | E48: 9 | F48: 10 | G48: 0.9 | H48: 476321 | I48: 4825299 | J48: 600364 | K48: 5901984 | L48: 0.05901984
A49: 지구단위 | B49: 06 | C49: 06 개발행위 | D49: ★ 06 개발행위 소계 | E49: =지구단위!D14 | F49: =지구단위!E14 | G49: =지구단위!F14 | H49: =지구단위!G14 | I49: =지구단위!H14 | J49: =지구단위!I14 | K49: =지구단위!J14 | L49: =지구단위!K14
A50: 지구단위 | C50: 지구단위 | D50: ★ 지구단위 소계 | E50: =지구단위!D15 | F50: =지구단위!E15 | G50: =지구단위!F15 | H50: =지구단위!G15 | I50: =지구단위!H15 | J50: =지구단위!I15 | K50: =지구단위!J15 | L50: =지구단위!K15
A51: 폐기물 | B51: 07 | C51: 07 건설폐기물 | D51: 1). 폐기물운반 | H51: 0 | I51: 0 | J51: 10873450 | K51: 10873450 | L51: 0.1087345
A52: 폐기물 | B52: 07 | C52: 07 건설폐기물 | D52: 1). 폐콘크리트 처리비 | H52: 0 | I52: 0 | J52: 20584862 | K52: 20584862 | L52: 0.20584862
A53: 폐기물 | B53: 07 | C53: 07 건설폐기물 | D53: ★ 07 건설폐기물 소계 | E53: =폐기물!D6 | F53: =폐기물!E6 | G53: =폐기물!F6 | H53: =폐기물!G6 | I53: =폐기물!H6 | J53: =폐기물!I6 | K53: =폐기물!J6 | L53: =폐기물!K6
A54: 폐기물 | C54: 폐기물 | D54: ★ 폐기물 소계 | E54: =폐기물!D7 | F54: =폐기물!E7 | G54: =폐기물!F7 | H54: =폐기물!G7 | I54: =폐기물!H7 | J54: =폐기물!I7 | K54: =폐기물!J7 | L54: =폐기물!K7
A55: 합계 | C55: 01·04~07 | D55: ★ 전체 | E55: =회전교차로!D13+진입도로!D14+'토목(조경)'!D17+지구단위!D15+폐기물!D7 | F55: =회전교차로!E13+진입도로!E14+'토목(조경)'!E17+지구단위!E15+폐기물!E7 | G55: =IF(F55=0,0,E55/F55) | H55: =회전교차로!G13+진입도로!G14+'토목(조경)'!G17+지구단위!G15+폐기물!G7 | I55: =회전교차로!H13+진입도로!H14+'토목(조경)'!H17+지구단위!H15+폐기물!H7 | J55: =회전교차로!I13+진입도로!I14+'토목(조경)'!I17+지구단위!I15+폐기물!I7 | K55: =회전교차로!J13+진입도로!J14+'토목(조경)'!J17+지구단위!J15+폐기물!J7 | L55: =K55/100000000

Sheet 회전교차로
A1: 화성 청원지구 — 회전교차로
A3: No | B3: 내역서 | C3: 공종 | D3: 매칭 | E3: 전체 | F3: 매칭률 | G3: 재료비 | H3: 노무비 | I3: 경비 | J3: 합계 | K3: 합계(억)
A4: 05 | B4: 05 회전교차로 | C4: 9. 산업안전보건관리비 | D4: 0 | E4: 1 | F4: 0 | G4: 0 | H4: 0 | I4: 0 | J4: 0 | K4: 0
A5: 05 | B5: 05 회전교차로 | C5: 1. 토 공 | D5: 21 | E5: 21 | F5: 1 | G5: 10163806 | H5: 30847384 | I5: 12145548 | J5: 53156738 | K5: 0.53156738
A6: 05 | B6: 05 회전교차로 | C6: 2. 우 수 공 | D6: 38 | E6: 42 | F6: 0.9047619 | G6: 10110092 | H6: 57050724 | I6: 5814386 | J6: 72975202 | K6: 0.72975202
A7: 05 | B7: 05 회전교차로 | C7: 3. 포 장 공 | D7: 46 | E7: 53 | F7: 0.86792453 | G7: 25531309 | H7: 181022224 | I7: 14034229 | J7: 220587762 | K7: 2.2058776
A8: 05 | B8: 05 회전교차로 | C8: 4. 구조물공 | D8: 21 | E8: 23 | F8: 0.91304348 | G8: 70040561 | H8: 2.4970535e+08 | I8: 3732883 | J8: 3.2347879e+08 | K8: 3.2347879
A9: 05 | B9: 05 회전교차로 | C9: 5. 부 대 공 | D9: 3 | E9: 3 | F9: 1 | G9: 10747 | H9: 780140 | I9: 7840 | J9: 798727 | K9: 0.00798727
A10: 05 | B10: 05 회전교차로 | C10: 가). 중기운반비 | D10: 0 | E10: 3 | F10: 0 | G10: 0 | H10: 0 | I10: 0 | J10: 0 | K10: 0
A11: 05 | B11: 05 회전교차로 | C11: ▣ 품질관리비 | D11: 0 | E11: 1 | F11: 0 | G11: 0 | H11: 0 | I11: 0 | J11: 0 | K11: 0
A12: 05 | B12: 05 회전교차로 | C12: ★ 05 회전교차로 소계 | D12: 129 | E12: 147 | F12: 0.87755102 | G12: 1.1585651e+08 | H12: 5.1940582e+08 | I12: 35734886 | J12: 6.7099722e+08 | K12: 6.7099722
B13: 회전교차로 | C13: ★ 회전교차로 합계 | D13: 129 | E13: 147 | F13: 0.87755102 | G13: 1.1585651e+08 | H13: 5.1940582e+08 | I13: 35734886 | J13: 6.7099722e+08 | K13: 6.7099722
A15: ◆ 회전교차로 — 내역 일괄
A17: 내역서 | B17: 공종 | C17: No | D17: 공종명 | E17: 규격 | F17: 수량 | G17: 단위 | H17: 재료단가 | I17: 재료금액 | J17: 노무단가 | K17: 노무금액 | L17: 경비단가 | M17: 경비금액 | N17: 합계단가 | O17: 합계금액 | P17: 상태 | Q17: 비고
A18: 05 회전교차로 | B18: 9. 산업안전보건관리비 | C18: 1 | D18: 10. 안전관리비 | F18: 1 | G18: P.S | I18: =F18*H18 | K18: =F18*J18 | M18: =F18*L18 | N18: =H18+J18+L18 | O18: =I18+K18+M18 | P18: 미매칭 | Q18: 안전관리비
A19: 05 회전교차로 | B19: 9. 산업안전보건관리비 | D19: ★ 9. 산업안전보건관리비 소계 | I19: =SUM(I18:I18) | K19: =SUM(K18:K18) | M19: =SUM(M18:M18) | O19: =SUM(O18:O18) | Q19: 1건
A20: 05 회전교차로 | B20: 1. 토 공 | C20: 1 | D20: 1). 노상준비공 | E20: 깍기부 | F20: 3022 | G20: m2 | H20: 193 | I20: =F20*H20 | J20: 445 | K20: =F20*J20 | L20: 216 | M20: =F20*L20 | N20: =H20+J20+L20 | O20: =I20+K20+M20 | Q20: 1). 노상준비공
A21: 05 회전교차로 | B21: 1. 토 공 | C21: 2 | D21: 1). 법면보호공 | E21: 잔디붙임(줄떼) | F21: 245 | G21: ㎡ | H21: 0 | I21: =F21*H21 | J21: 4699 | K21: =F21*J21 | L21: 0 | M21: =F21*L21 | N21: =H21+J21+L21 | O21: =I21+K21+M21 | Q21: 잔디붙임(줄떼)
A22: 05 회전교차로 | B22: 1. 토 공 | C22: 3 | D22: 나). 흙깍기(토사) | E22: 굴삭기1.0㎥ | F22: 578 | G22: ㎥ | H22: 912 | I22: =F22*H22 | J22: 1951 | K22: =F22*J22 | L22: 685 | M22: =F22*L22 | N22: =H22+J22+L22 | O22: =I22+K22+M22 | Q22: 토사
A23: 05 회전교차로 | B23: 1. 토 공 | C23: 4 | D23: 1). 터파기(토사) | E23: TYPE-1, 굴착기1.0, 기계100% | F23: 2132 | G23: ㎥ | H23: 447 | I23: =F23*H23 | J23: 955 | K23: =F23*J23 | L23: 336 | M23: =F23*L23 | N23: =H23+J23+L23 | O23: =I23+K23+M23 | Q23: 토사
A24: 05 회전교차로 | B24: 1. 토 공 | C24: 5 | D24: 가). 흙쌓기 | E24: 노상, 두께20cm, 다짐도95%이상 | F24: 1216 | G24: ㎥ | H24: 887 | I24: =F24*H24 | J24: 2394 | K24: =F24*J24 | L24: 1107 | M24: =F24*L24 | N24: =H24+J24+L24 | O24: =I24+K24+M24 | Q24: 가). 흙쌓기
A25: 05 회전교차로 | B25: 1. 토 공 | C25: 6 | D25: 가). 흙쌓기 | E25: 노체, 두께30cm, 다짐도90%이상 | F25: 1406 | G25: ㎥ | H25: 594 | I25: =F25*H25 | J25: 1602 | K25: =F25*J25 | L25: 741 | M25: =F25*L25 | N25: =H25+J25+L25 | O25: =I25+K25+M25 | Q25: 가). 흙쌓기
A26: 05 회전교차로 | B26: 1. 토 공 | C26: 7 | D26: 가). 흙쌓기 | E26: 노체, 두께30cm, 다짐도90%이상 | F26: 1787 | G26: ㎥ | H26: 594 | I26: =F26*H26 | J26: 1602 | K26: =F26*J26 | L26: 741 | M26: =F26*L26 | N26: =H26+J26+L26 | O26: =I26+K26+M26 | Q26: 가). 흙쌓기
A27: 05 회전교차로 | B27: 1. 토 공 | C27: 8 | D27: 1). 층따기 | F27: 161 | G27: m3 | H27: 438 | I27: =F27*H27 | J27: 728 | K27: =F27*J27 | L27: 427 | M27: =F27*L27 | N27: =H27+J27+L27 | O27: =I27+K27+M27 | Q27: 1). 층따기
A28: 05 회전교차로 | B28: 1. 토 공 | C28: 9 | D28: 가). 토사 | F28: 2720 | G28: ㎥ | H28: 678 | I28: =F28*H28 | J28: 1818 | K28: =F28*J28 | L28: 909 | M28: =F28*L28 | N28: =H28+J28+L28 | O28: =I28+K28+M28 | Q28: 하천 CUA31704000S 치환토(되메우기·교체) — 현재 후보 유지·현장 흙질 확인
A29: 05 회전교차로 | B29: 1. 토 공 | C29: 10 | D29: 가). 흙운반(토사) | E29: 불도저 32톤, L=44.9m | F29: 206 | G29: ㎥ | H29: 906 | I29: =F29*H29 | J29: 1736 | K29: =F29*J29 | L29: 515 | M29: =F29*L29 | N29: =H29+J29+L29 | O29: =I29+K29+M29 | Q29: 토사
A30: 05 회전교차로 | B30: 1. 토 공 | C30: 11 | D30: 가). 흙 운반(토사)(지구내) | E30: 굴삭기1.0㎥+덤프24톤, L=0.076Km | F30: 136 | G30: ㎥ | H30: 873 | I30: =F30*H30 | J30: 1719 | K30: =F30*J30 | L30: 653 | M30: =F30*L30 | N30: =H30+J30+L30 | O30: =I30+K30+M30 | Q30: 토사
A31: 05 회전교차로 | B31: 1. 토 공 | C31: 12 | D31: 1). 목재규준틀 | E31: 비탈규준틀 | F31: 44 | G31: 개 | H31: 0 | I31: =F31*H31 | J31: 68074 | K31: =F31*J31 | L31: 0 | M31: =F31*L31 | N31: =H31+J31+L31 | O31: =I31+K31+M31 | Q31: 하천 CUA31301000S · 품셈 목재규준틀(비탈)
A32: 05 회전교차로 | B32: 1. 토 공 | C32: 13 | D32: 2). 목재규준틀 | E32: 수평규준틀 | F32: 4 | G32: 개 | H32: 0 | I32: =F32*H32 | J32: 90391 | K32: =F32*J32 | L32: 0 | M32: =F32*L32 | N32: =H32+J32+L32 | O32: =I32+K32+M32 | Q32: 하천 CUA31302000S · 품셈 목재규준틀(수평)
A33: 05 회전교차로 | B33: 1. 토 공 | C33: 14 | D33: 가). 구조물헐기(철근) | E33: 대형30CM미만 | F33: 13 | G33: ㎥ | H33: 18511 | I33: =F33*H33 | J33: 70869 | K33: =F33*J33 | L33: 33531 | M33: =F33*L33 | N33: =H33+J33+L33 | O33: =I33+K33+M33 | Q33: 철근
A34: 05 회전교차로 | B34: 1. 토 공 | C34: 15 | D34: 나). 구조물헐기(무근) | E34: 대형30CM미만 | F34: 72 | G34: ㎥ | H34: 5125 | I34: =F34*H34 | J34: 19126 | K34: =F34*J34 | L34: 8630 | M34: =F34*L34 | N34: =H34+J34+L34 | O34: =I34+K34+M34 | Q34: 무근
A35: 05 회전교차로 | B35: 1. 토 공 | C35: 16 | D35: 다). 포장절단/아스팔트 | F35: 30 | G35: m | H35: 1266 | I35: =F35*H35 | J35: 1229 | K35: =F35*J35 | L35: 122 | M35: =F35*L35 | N35: =H35+J35+L35 | O35: =I35+K35+M35 | Q35: 다). 포장절단/아스팔트
A36: 05 회전교차로 | B36: 1. 토 공 | C36: 17 | D36: 라). 포장절단/콘크리트 | F36: 17 | G36: m | H36: 1379 | I36: =F36*H36 | J36: 1386 | K36: =F36*J36 | L36: 124 | M36: =F36*L36 | N36: =H36+J36+L36 | O36: =I36+K36+M36 | Q36: 라). 포장절단/콘크리트
A37: 05 회전교차로 | B37: 1. 토 공 | C37: 18 | D37: 마). 아스팔트포장깨기 | E37: T=30cm 미만 | F37: 631 | G37: m3 | H37: 2730 | I37: =F37*H37 | J37: 7242 | K37: =F37*J37 | L37: 3955 | M37: =F37*L37 | N37: =H37+J37+L37 | O37: =I37+K37+M37 | Q37: 마). 아스팔트포장깨기
A38: 05 회전교차로 | B38: 1. 토 공 | C38: 19 | D38: 바). 콘크리트포장깨기 | E38: T=30cm 미만 | F38: 11 | G38: m3 | H38: 6259 | I38: =F38*H38 | J38: 18737 | K38: =F38*J38 | L38: 9072 | M38: =F38*L38 | N38: =H38+J38+L38 | O38: =I38+K38+M38 | Q38: 바). 콘크리트포장깨기
A39: 05 회전교차로 | B39: 1. 토 공 | C39: 20 | D39: 사). 가드레일철거 | E39: 설치품의 30% | F39: 249 | G39: m | H39: 111 | I39: =F39*H39 | J39: 1345 | K39: =F39*J39 | L39: 132 | M39: =F39*L39 | N39: =H39+J39+L39 | O39: =I39+K39+M39 | Q39: 내역 규격「설치품의 30%」· CTH80401010S 설치 5,292원/m × 30% = 1,588원/m · 설치 단가 대비 철거 관행
A40: 05 회전교차로 | B40: 1. 토 공 | C40: 21 | D40: 가). 폐기물상차 | E40: 굴삭기 0.7㎥ | F40: 728 | G40: ㎥ | H40: 570 | I40: =F40*H40 | J40: 936 | K40: =F40*J40 | L40: 331 | M40: =F40*L40 | N40: =H40+J40+L40 | O40: =I40+K40+M40 | Q40: 오매칭 CUS30201010S(가물막이 / 굴착,적사,운반) 제외 · 표준시장단가 CDS101201500 흙운반 직상차(덤프15t) — 굴삭기0.7㎥ 상차 공정 대용 · 운반·처리비 별도
A41: 05 회전교차로 | B41: 1. 토 공 | D41: ★ 1. 토 공 소계 | I41: =SUM(I20:I40) | K41: =SUM(K20:K40) | M41: =SUM(M20:M40) | O41: =SUM(O20:O40) | Q41: 21건
A42: 05 회전교차로 | B42: 2. 우 수 공 | C42: 1 | D42: (1). 터파기(토사) | E42: TYPE-1, 백호1.0, 기계100% | F42: 1711 | G42: ㎥ | H42: 301 | I42: =F42*H42 | J42: 4367 | K42: =F42*J42 | L42: 417 | M42: =F42*L42 | N42: =H42+J42+L42 | O42: =I42+K42+M42 | Q42: 1
A43: 05 회전교차로 | B43: 2. 우 수 공 | C43: 2 | D43: 가). 되메우기및다짐(토사) | E43: 백호0.7+플레이트콤펙터1.5ton | F43: 1504 | G43: ㎥ | H43: 1652 | I43: =F43*H43 | J43: 3924 | K43: =F43*J43 | L43: 1432 | M43: =F43*L43 | N43: =H43+J43+L43 | O43: =I43+K43+M43 | Q43: 가). 되메우기및다짐
A44: 05 회전교차로 | B44: 2. 우 수 공 | C44: 3 | D44: 가). 잔토처리(토사) | E44: 기계 | F44: 207 | G44: ㎥ | H44: 447 | I44: =F44*H44 | J44: 955 | K44: =F44*J44 | L44: 336 | M44: =F44*L44 | N44: =H44+J44+L44 | O44: =I44+K44+M44 | Q44: 기계
A45: 05 회전교차로 | B45: 2. 우 수 공 | C45: 4 | D45: 가). 원심력철근콘크리트관 접합및부설(소켓식) | E45: Ø 250mm, 시공조건 B | F45: 145 | G45: m | H45: 2339 | I45: =F45*H45 | J45: 19375 | K45: =F45*J45 | L45: 2505 | M45: =F45*L45 | N45: =H45+J45+L45 | O45: =I45+K45+M45 | Q45: 소켓식
A46: 05 회전교차로 | B46: 2. 우 수 공 | C46: 5 | D46: 다). 원심력철근콘크리트관 접합및부설(소켓식) | E46: Ø 600mm, 시공조건 B | F46: 177 | G46: m | H46: 2339 | I46: =F46*H46 | J46: 19375 | K46: =F46*J46 | L46: 2505 | M46: =F46*L46 | N46: =H46+J46+L46 | O46: =I46+K46+M46 | Q46: 소켓식
A47: 05 회전교차로 | B47: 2. 우 수 공 | C47: 6 | D47: (1) 콘크리트타설 | E47: 장비사용, 무근구조물 | F47: 71 | G47: ㎥ | H47: 5963 | I47: =F47*H47 | J47: 50648 | K47: =F47*J47 | L47: 6730 | M47: =F47*L47 | N47: =H47+J47+L47 | O47: =I47+K47+M47 | Q47: 콘크리트타설
A48: 05 회전교차로 | B48: 2. 우 수 공 | C48: 7 | D48: (2) 거푸집 | E48: 합판6회(간단) | F48: 230 | G48: ㎡ | H48: 378 | I48: =F48*H48 | J48: 37806 | K48: =F48*J48 | L48: 0 | M48: =F48*L48 | N48: =H48+J48+L48 | O48: =I48+K48+M48 | Q48: 거푸집
A49: 05 회전교차로 | B49: 2. 우 수 공 | C49: 8 | D49: 가). 하수관 천공 및 접합 | E49: D600X250 | F49: 22 | G49: 개소 | H49: 2463 | I49: =F49*H49 | J49: 120645 | K49: =F49*J49 | L49: 0 | M49: =F49*L49 | N49: =H49+J49+L49 | O49: =I49+K49+M49 | Q49: 접합
A50: 05 회전교차로 | B50: 2. 우 수 공 | C50: 9 | D50: 가). 원심력철근콘크리트관 절단 | E50: Ø 250 MM | F50: 22 | G50: 개소 | H50: 0 | I50: =F50*H50 | J50: 13039 | K50: =F50*J50 | L50: 782 | M50: =F50*L50 | N50: =H50+J50+L50 | O50: =I50+K50+M50 | Q50: 가). 원심력철근콘크리트관 절단
A51: 05 회전교차로 | B51: 2. 우 수 공 | C51: 10 | D51: 나). 원심력철근콘크리트관 절단 | E51: Ø 600 MM | F51: 4 | G51: 개소 | H51: 0 | I51: =F51*H51 | J51: 13039 | K51: =F51*J51 | L51: 782 | M51: =F51*L51 | N51: =H51+J51+L51 | O51: =I51+K51+M51 | Q51: 나). 원심력철근콘크리트관 절단
A52: 05 회전교차로 | B52: 2. 우 수 공 | C52: 11 | D52: 가). 관로경고용테이프 | E52: 200mmx1m | F52: 177 | G52: m | H52: 100 | I52: =F52*H52 | J52: 200 | K52: =F52*J52 | L52: 0 | M52: =F52*L52 | N52: =H52+J52+L52 | O52: =I52+K52+M52 | Q52: 오매칭(점수0.50, 표지판/PVC관) 제외 · 지중 매설 PE 경고테이프 200mm 자재 약100원/m + 되메우기 중 부설 노무 약200원/m = 300원/m(보수적·검증 권장)
A53: 05 회전교차로 | B53: 2. 우 수 공 | C53: 12 | D53: 가). 우수 원형2호 맨홀 | E53: D1200, H=1.7m, 차도 | F53: 4 | G53: 개소 | H53: 0 | I53: =F53*H53 | J53: 81796 | K53: =F53*J53 | L53: 0 | M53: =F53*L53 | N53: =H53+J53+L53 | O53: =I53+K53+M53 | Q53: D1200
A54: 05 회전교차로 | B54: 2. 우 수 공 | C54: 13 | D54: 가). 무수축몰탈 | E54: 1:1, 자재비별산 | F54: 0.926 | G54: ㎥ | H54: 500 | I54: =F54*H54 | J54: 1000 | K54: =F54*J54 | M54: =F54*L54 | N54: =H54+J54+L54 | O54: =I54+K54+M54 | P54: 가영현 | Q54: 1:1
A55: 05 회전교차로 | B55: 2. 우 수 공 | C55: 14 | D55: 가). 1호 우수받이 | E55: 0.3×0.4×0.9m, 스틸그레이팅포함 | F55: 22 | G55: 개소 | H55: 150000 | I55: =F55*H55 | J55: 50000 | K55: =F55*J55 | L55: 0 | M55: =F55*L55 | N55: =H55+J55+L55 | O55: =I55+K55+M55 | Q55: 오매칭(점수0.49, 스틸 방음문) 제외 · 1호 우수받이(0.3×0.4×0.9m 스틸) 강재 받이틀+스틸그레이팅 자재 약150,000 + 설치 약50,000(조경일위 PE빗물받이 설치 50,124 준용) = 200,000원/개소(검증 권장)
A56: 05 회전교차로 | B56: 2. 우 수 공 | C56: 15 | D56: 1). 벤치플륨관 | E56: 1000x1000 | F56: 54 | G56: m | H56: 270000 | I56: =F56*H56 | J56: 20851 | K56: =F56*J56 | L56: 45000 | M56: =F56*L56 | N56: =H56+J56+L56 | O56: =I56+K56+M56 | P56: 가영현 | Q56: 1). 벤치플륨관
A57: 05 회전교차로 | B57: 2. 우 수 공 | C57: 16 | D57: 1). 콘크리트타설 | E57: 장비사용, 철근구조물 | F57: 10 | G57: ㎥ | H57: 3186 | I57: =F57*H57 | J57: 26699 | K57: =F57*J57 | L57: 3560 | M57: =F57*L57 | N57: =H57+J57+L57 | O57: =I57+K57+M57 | Q57: 장비사용
A58: 05 회전교차로 | B58: 2. 우 수 공 | C58: 17 | D58: 2). 콘크리트타설 | E58: 장비사용, 무근구조물 | F58: 1 | G58: ㎥ | H58: 0 | I58: =F58*H58 | J58: 0 | K58: =F58*J58 | L58: 0 | M58: =F58*L58 | N58: =H58+J58+L58 | O58: =I58+K58+M58 | Q58: 장비사용
A59: 05 회전교차로 | B59: 2. 우 수 공 | C59: 18 | D59: 3). 철근가공조립(현장) | E59: TYPE-1-1 | F59: 1.167 | G59: ton | H59: 55508 | I59: =F59*H59 | J59: 638337 | K59: =F59*J59 | L59: 0 | M59: =F59*L59 | N59: =H59+J59+L59 | O59: =I59+K59+M59 | Q59: 현장
A60: 05 회전교차로 | B60: 2. 우 수 공 | C60: 19 | D60: 4). 거푸집 | E60: 합판4회(보통) | F60: 97 | G60: ㎡ | H60: 378 | I60: =F60*H60 | J60: 37806 | K60: =F60*J60 | L60: 0 | M60: =F60*L60 | N60: =H60+J60+L60 | O60: =I60+K60+M60 | Q60: 합판4회(보통)
A61: 05 회전교차로 | B61: 2. 우 수 공 | C61: 20 | D61: 5). 거푸집 | E61: 합판6회(간단) | F61: 1 | G61: ㎡ | H61: 0 | I61: =F61*H61 | J61: 0 | K61: =F61*J61 | L61: 34535 | M61: =F61*L61 | N61: =H61+J61+L61 | O61: =I61+K61+M61 | Q61: 현재 매칭 CUA31502000S — 품명 일치·점수 0.71
A62: 05 회전교차로 | B62: 2. 우 수 공 | C62: 21 | D62: 6). 스페이셔설치 | E62: 수직 | F62: 88 | G62: ㎡ | H62: 623 | I62: =F62*H62 | J62: 9748 | K62: =F62*J62 | L62: 0 | M62: =F62*L62 | N62: =H62+J62+L62 | O62: =I62+K62+M62 | Q62: 수직
A63: 05 회전교차로 | B63: 2. 우 수 공 | C63: 22 | D63: 7). 스페이셔설치 | E63: 수평 | F63: 15 | G63: ㎡ | H63: 500 | I63: =F63*H63 | J63: 1500 | K63: =F63*J63 | M63: =F63*L63 | N63: =H63+J63+L63 | O63: =I63+K63+M63 | P63: 가영현 | Q63: 수평
A64: 05 회전교차로 | B64: 2. 우 수 공 | C64: 23 | D64: 8). 신축이음(Joint filler) | E64: t=20mm | F64: 5 | G64: ㎡ | H64: 0 | I64: =F64*H64 | J64: 67244 | K64: =F64*J64 | L64: 0 | M64: =F64*L64 | N64: =H64+J64+L64 | O64: =I64+K64+M64 | Q64: t=20mm
A65: 05 회전교차로 | B65: 2. 우 수 공 | C65: 24 | D65: 9). DOWEL BAR(옹벽용) | E65: Ø32×800(기성품) | F65: 72 | G65: ea | H65: 35000 | I65: =F65*H65 | J65: 12000 | K65: =F65*J65 | L65: 800 | M65: =F65*L65 | N65: =H65+J65+L65 | O65: =I65+K65+M65 | P65: 가영현 | Q65: 옹벽용
A66: 05 회전교차로 | B66: 2. 우 수 공 | C66: 25 | D66: 15). 실링마감(실런트) | E66: 20×25 | F66: 22 | G66: m | H66: 51 | I66: =F66*H66 | J66: 5125 | K66: =F66*J66 | L66: 0 | M66: =F66*L66 | N66: =H66+J66+L66 | O66: =I66+K66+M66 | Q66: 실런트
A67: 05 회전교차로 | B67: 2. 우 수 공 | C67: 26 | D67: 16). 기초지정 | E67: 잡석지정, 재료비 제외 | F67: 11 | G67: ㎥ | H67: 1606 | I67: =F67*H67 | J67: 8751 | K67: =F67*J67 | L67: 1798 | M67: =F67*L67 | N67: =H67+J67+L67 | O67: =I67+K67+M67 | Q67: 16). 기초지정
A68: 05 회전교차로 | B68: 2. 우 수 공 | C68: 27 | D68: 가). 철근운반비 | E68: L=10km이내 | F68: 1.207 | G68: Ton | I68: =F68*H68 | K68: =F68*J68 | L68: 30000 | M68: =F68*L68 | N68: =H68+J68+L68 | O68: =I68+K68+M68 | P68: 가영현 | Q68: L=10km이내, ... 가). 철근운반비
A69: 05 회전교차로 | B69: 2. 우 수 공 | C69: 28 | D69: 나). 고철(고재) | E69: 중량A | F69: 0.028 | G69: Ton | H69: -10000 | I69: =F69*H69 | K69: =F69*J69 | M69: =F69*L69 | N69: =H69+J69+L69 | O69: =I69+K69+M69 | P69: 가영현 | Q69: 중량A, 고재, ... 나). 고철
A70: 05 회전교차로 | B70: 2. 우 수 공 | C70: 29 | D70: 가). 보통시멘트 | E70: 40kg/대 (포장품) | F70: 17 | G70: 대 | H70: 5500 | I70: =F70*H70 | K70: =F70*J70 | M70: =F70*L70 | N70: =H70+J70+L70 | O70: =I70+K70+M70 | P70: 가영현 | Q70: 40kg/대 (포장품), 포장품, ... 가). 보통시멘트, 40kg, 대 (포장품)
A71: 05 회전교차로 | B71: 2. 우 수 공 | C71: 30 | D71: 나). 시멘트운반 | E71: L=30km이내 | F71: 17 | G71: 대 | I71: =F71*H71 | K71: =F71*J71 | L71: 200 | M71: =F71*L71 | N71: =H71+J71+L71 | O71: =I71+K71+M71 | P71: 가영현 | Q71: L=30km이내, ... 나). 시멘트운반
A72: 05 회전교차로 | B72: 2. 우 수 공 | C72: 31 | D72: 가). 모래 | E72: 강모래, 현장도착도 | F72: 22 | G72: ㎥ | H72: 806 | I72: =F72*H72 | J72: 1354 | K72: =F72*J72 | L72: 678 | M72: =F72*L72 | N72: =H72+J72+L72 | O72: =I72+K72+M72 | Q72: 표준DB CVL40103000S (점수0.51) / 대안: 모래 운반(0.51) · 현장비빔타설(0.46)
A73: 05 회전교차로 | B73: 2. 우 수 공 | C73: 32 | D73: 나). 잡석 | E73: Φ150mm이하, 현장도착도 | F73: 2 | G73: ㎥ | H73: 0 | I73: =F73*H73 | J73: 4036 | K73: =F73*J73 | L73: 947 | M73: =F73*L73 | N73: =H73+J73+L73 | O73: =I73+K73+M73 | Q73: 표준DB 4. 조경 유지관리 외 (점수0.56) / 대안: 뒷채움 잡석(0.50) · 터파기(육상, 1m이하)(0.49)
A74: 05 회전교차로 | B74: 2. 우 수 공 | C74: 33 | D74: 가). 레미콘 | E74: 25-21- 8(Mpa) | F74: 71 | G74: ㎥ | H74: 1293 | I74: =F74*H74 | J74: 64674 | K74: =F74*J74 | L74: 0 | M74: =F74*L74 | N74: =H74+J74+L74 | O74: =I74+K74+M74 | Q74: DB CUG30401000S (0.72, 레미콘타설) / 대안: 레미콘타설(0.72) · 레미콘타설(0.72)
A75: 05 회전교차로 | B75: 2. 우 수 공 | C75: 34 | D75: 나). 레미콘 | E75: 25-18-8(Mpa) | F75: 1 | G75: ㎥ | H75: 1293 | I75: =F75*H75 | J75: 64674 | K75: =F75*J75 | L75: 0 | M75: =F75*L75 | N75: =H75+J75+L75 | O75: =I75+K75+M75 | Q75: 표준DB CUG30401000S (점수0.55) / 대안: 레미콘타설(0.55) · 레미콘타설(0.55)
A76: 05 회전교차로 | B76: 2. 우 수 공 | C76: 35 | D76: 다). 레미콘 | E76: 25-24-12(Mpa) | F76: 10 | G76: ㎥ | H76: 1293 | I76: =F76*H76 | J76: 64674 | K76: =F76*J76 | L76: 0 | M76: =F76*L76 | N76: =H76+J76+L76 | O76: =I76+K76+M76 | Q76: 표준DB CUG30401000S (점수0.55) / 대안: 레미콘타설(0.55) · 레미콘타설(0.55)
A77: 05 회전교차로 | B77: 2. 우 수 공 | C77: 36 | D77: 가). 원심력철근콘크리트관(보통2종) | E77: 250㎜ (소켓식,B형) | F77: 145 | G77: ｍ | H77: 2339 | I77: =F77*H77 | J77: 19375 | K77: =F77*J77 | L77: 2505 | M77: =F77*L77 | N77: =H77+J77+L77 | O77: =I77+K77+M77 | Q77: 소켓식
A78: 05 회전교차로 | B78: 2. 우 수 공 | C78: 37 | D78: 나). 원심력철근콘크리트관(보통2종) | E78: 600㎜ (소켓식,B형) | F78: 177 | G78: ｍ | H78: 2339 | I78: =F78*H78 | J78: 19375 | K78: =F78*J78 | L78: 2505 | M78: =F78*L78 | N78: =H78+J78+L78 | O78: =I78+K78+M78 | Q78: 소켓식
A79: 05 회전교차로 | B79: 2. 우 수 공 | C79: 38 | D79: 다). 흄관하차비 | E79: Ø 250 MM - 차상도 | F79: 58 | G79: 본 | H79: 0 | I79: =F79*H79 | J79: 0 | K79: =F79*J79 | L79: 2000 | M79: =F79*L79 | N79: =H79+J79+L79 | O79: =I79+K79+M79 | Q79: 오매칭(점수0.46) 제외 · 흄관 하차는 직경·중량 비례 → Ø250mm 크레인 상하차 추정 2,000원/본(장비경비, 검증 권장)
A80: 05 회전교차로 | B80: 2. 우 수 공 | C80: 39 | D80: 라). 흄관하차비 | E80: Ø 600 MM - 차상도 | F80: 71 | G80: 본 | H80: 0 | I80: =F80*H80 | J80: 0 | K80: =F80*J80 | L80: 5000 | M80: =F80*L80 | N80: =H80+J80+L80 | O80: =I80+K80+M80 | Q80: 오매칭(점수0.46) 제외 · 흄관 하차는 직경·중량 비례 → Ø600mm 크레인 상하차 추정 5,000원/본(장비경비, 검증 권장)
A81: 05 회전교차로 | B81: 2. 우 수 공 | C81: 40 | D81: 가). 맨홀뚜껑(주철제) | E81: Φ648KS, 하수도용(잠금식) | F81: 4 | G81: 조 | H81: 0 | I81: =F81*H81 | J81: 289893 | K81: =F81*J81 | L81: 0 | M81: =F81*L81 | N81: =H81+J81+L81 | O81: =I81+K81+M81 | Q81: 주철제
A82: 05 회전교차로 | B82: 2. 우 수 공 | C82: 41 | D82: 라). 이형철근(고장력철근) | E82: HD13M/M 0.995KG/M SD40 | F82: 1.025 | G82: TON | H82: 952000 | I82: =F82*H82 | J82: 0 | K82: =F82*J82 | L82: 0 | M82: =F82*L82 | N82: =H82+J82+L82 | O82: =I82+K82+M82 | Q82: 라). 이형철근
A83: 05 회전교차로 | B83: 2. 우 수 공 | C83: 42 | D83: 사). 이형철근(고장력철근) | E83: HD25M/M 3.980KG/M SD40 | F83: 0.182 | G83: TON | H83: 952000 | I83: =F83*H83 | J83: 0 | K83: =F83*J83 | L83: 0 | M83: =F83*L83 | N83: =H83+J83+L83 | O83: =I83+K83+M83 | Q83: 사). 이형철근
A84: 05 회전교차로 | B84: 2. 우 수 공 | D84: ★ 2. 우 수 공 소계 | I84: =SUM(I42:I83) | K84: =SUM(K42:K83) | M84: =SUM(M42:M83) | O84: =SUM(O42:O83) | Q84: 42건
A85: 05 회전교차로 | B85: 3. 포 장 공 | C85: 1 | D85: 1). 아스팔트 표층 기계포설(대형장비) | E85: 3.0m≤B, T=5cm | F85: 3270 | G85: ㎡ | H85: 177 | I85: =F85*H85 | J85: 1249 | K85: =F85*J85 | L85: 311 | M85: =F85*L85 | N85: =H85+J85+L85 | O85: =I85+K85+M85 | Q85: 대형장비
A86: 05 회전교차로 | B86: 3. 포 장 공 | C86: 2 | D86: 2). 아스팔트 중간층 기계포설(대형장비) | E86: 3.0m≤B, T=5cm | F86: 3270 | G86: ㎡ | H86: 177 | I86: =F86*H86 | J86: 1249 | K86: =F86*J86 | L86: 311 | M86: =F86*L86 | N86: =H86+J86+L86 | O86: =I86+K86+M86 | Q86: 대형장비
A87: 05 회전교차로 | B87: 3. 포 장 공 | C87: 3 | D87: 3). 아스팔트 기층 기계포설(대형장비) | E87: 3.0m≤B, T=15cm, 2회 | F87: 3270 | G87: ㎡ | H87: 0 | I87: =F87*H87 | J87: 0 | K87: =F87*J87 | L87: 0 | M87: =F87*L87 | N87: =H87+J87+L87 | O87: =I87+K87+M87 | Q87: 대형장비
A88: 05 회전교차로 | B88: 3. 포 장 공 | C88: 4 | D88: 4). 텍코팅(기계식) | E88: RSC-4:45ℓ/a, 2회 | F88: 3270 | G88: ㎡ | H88: 11 | I88: =F88*H88 | J88: 36 | K88: =F88*J88 | L88: 1 | M88: =F88*L88 | N88: =H88+J88+L88 | O88: =I88+K88+M88 | Q88: 4). 텍코팅
A89: 05 회전교차로 | B89: 3. 포 장 공 | C89: 5 | D89: 5). 텍코팅(기계식) | E89: RSC-4:45ℓ/a | F89: 3270 | G89: ㎡ | H89: 11 | I89: =F89*H89 | J89: 36 | K89: =F89*J89 | L89: 1 | M89: =F89*L89 | N89: =H89+J89+L89 | O89: =I89+K89+M89 | Q89: 5). 텍코팅
A90: 05 회전교차로 | B90: 3. 포 장 공 | C90: 6 | D90: 6). 프라임코팅(기계식) | E90: RSC-3:150ℓ/a | F90: 6540 | G90: ㎡ | H90: 11 | I90: =F90*H90 | J90: 36 | K90: =F90*J90 | L90: 1 | M90: =F90*L90 | N90: =H90+J90+L90 | O90: =I90+K90+M90 | Q90: 6). 프라임코팅
A91: 05 회전교차로 | B91: 3. 포 장 공 | C91: 7 | D91: 7). 보조기층(기계시공) | E91: 본선포장, T=20cm | F91: 818 | G91: ㎥ | H91: 2216 | I91: =F91*H91 | J91: 7533 | K91: =F91*J91 | L91: 2292 | M91: =F91*L91 | N91: =H91+J91+L91 | O91: =I91+K91+M91 | Q91: 기계시공
A92: 05 회전교차로 | B92: 3. 포 장 공 | C92: 8 | D92: 가). 보도용블럭포장(소형) | E92: A-TYPE, T=8㎝이하 | F92: 1126 | G92: ㎡ | H92: 596 | I92: =F92*H92 | J92: 7175 | K92: =F92*J92 | L92: 641 | M92: =F92*L92 | N92: =H92+J92+L92 | O92: =I92+K92+M92 | Q92: 소형
A93: 05 회전교차로 | B93: 3. 포 장 공 | C93: 9 | D93: 나). 보조기층(인력식) | E93: 소규모장비 | F93: 113 | G93: ㎥ | H93: 1320 | I93: =F93*H93 | J93: 11220 | K93: =F93*J93 | L93: 1521 | M93: =F93*L93 | N93: =H93+J93+L93 | O93: =I93+K93+M93 | Q93: 소규모장비
A94: 05 회전교차로 | B94: 3. 포 장 공 | C94: 10 | D94: 가). 보도용블럭포장(유도블록) | E94: A-TYPE, T=6㎝이하 | F94: 184 | G94: ㎡ | H94: 445 | I94: =F94*H94 | J94: 1402 | K94: =F94*J94 | L94: 783 | M94: =F94*L94 | N94: =H94+J94+L94 | O94: =I94+K94+M94 | Q94: A-TYPE
A95: 05 회전교차로 | B95: 3. 포 장 공 | C95: 11 | D95: 나). 보도용블럭포장(점자블록) | E95: A-TYPE, T=6㎝이하 | F95: 11 | G95: ㎡ | H95: 445 | I95: =F95*H95 | J95: 1402 | K95: =F95*J95 | L95: 783 | M95: =F95*L95 | N95: =H95+J95+L95 | O95: =I95+K95+M95 | Q95: A-TYPE
A96: 05 회전교차로 | B96: 3. 포 장 공 | C96: 12 | D96: 다). 보조기층(인력식) | E96: T=10cm, 소규모장비 | F96: 20 | G96: ㎥ | H96: 1320 | I96: =F96*H96 | J96: 11220 | K96: =F96*J96 | L96: 1521 | M96: =F96*L96 | N96: =H96+J96+L96 | O96: =I96+K96+M96 | Q96: 인력식
... A101: 05 회전교차로 | B101: 3. 포 장 공 | C101: 17 | D101: 가). 도로경계석 설치 | E101: 120×120×1000, A-TYPE(직선구간) | F101: 220 | G101: m | H101: 659 | I101: =F101*H101 | J101: 6686 | K101: =F101*J101 | L101: 522 | M101: =F101*L101 | N101: =H101+J101+L101 | O101: =I101+K101+M101 | Q101: 직선구간
A102: 05 회전교차로 | B102: 3. 포 장 공 | C102: 18 | D102: 1). 아스팔트절삭및덧씌우기 | F102: 1350 | G102: m2 | H102: 445 | I102: =F102*H102 | J102: 1402 | K102: =F102*J102 | L102: 783 | M102: =F102*L102 | N102: =H102+J102+L102 | O102: =I102+K102+M102 | Q102: 덧씌우기
A103: 05 회전교차로 | B103: 3. 포 장 공 | C103: 19 | D103: 가). 교통안전표지판(삼각) | E103: 1변 900 MM | F103: 13 | G103: 개 | H103: 10164 | I103: =F103*H103 | J103: 386451 | K103: =F103*J103 | L103: 10071 | M103: =F103*L103 | N103: =H103+J103+L103 | O103: =I103+K103+M103 | Q103: 삼각
A104: 05 회전교차로 | B104: 3. 포 장 공 | C104: 20 | D104: 나). 교통안전표지판(오각)(횡단보도) | E104: 600×200×600mm, 횡단보도 | F104: 3 | G104: 개 | H104: 10164 | I104: =F104*H104 | J104: 386451 | K104: =F104*J104 | L104: 10071 | M104: =F104*L104 | N104: =H104+J104+L104 | O104: =I104+K104+M104 | Q104: 오각
A105: 05 회전교차로 | B105: 3. 포 장 공 | C105: 21 | D105: 다). 교통안전표지판(원형) | E105: 속도제한 | F105: 7 | G105: 개 | H105: 110000 | I105: =F105*H105 | J105: 386451 | K105: =F105*J105 | L105: 10071 | M105: =F105*L105 | N105: =H105+J105+L105 | O105: =I105+K105+M105 | P105: 가영현 | Q105: 원형
A106: 05 회전교차로 | B106: 3. 포 장 공 | C106: 22 | D106: 가). 차선도색(페인트,기계식),신설구간 | E106: 백색-실선 | F106: 7 | G106: ㎡ | H106: 4840 | I106: =F106*H106 | J106: 3492 | K106: =F106*J106 | L106: 247 | M106: =F106*L106 | N106: =H106+J106+L106 | O106: =I106+K106+M106 | Q106: 페인트
A107: 05 회전교차로 | B107: 3. 포 장 공 | C107: 23 | D107: 나). 차선도색(페인트,기계식),신설구간 | E107: 백색-파선 | F107: 16 | G107: ㎡ | H107: 4840 | I107: =F107*H107 | J107: 3492 | K107: =F107*J107 | L107: 247 | M107: =F107*L107 | N107: =H107+J107+L107 | O107: =I107+K107+M107 | Q107: 페인트
...

Sheet 진입도로
A1: 화성 청원지구 — 진입도로
A3: No | B3: 내역서 | C3: 공종 | D3: 매칭 | E3: 전체 | F3: 매칭률 | G3: 재료비 | H3: 노무비 | I3: 경비 | J3: 합계 | K3: 합계(억)
A4: 04 | B4: 04 진입도로 | C4: 9. 산업안전보건관리비 | D4: 0 | E4: 1 | F4: 0 | G4: 0 | H4: 0 | I4: 0 | J4: 0 | K4: 0
A5: 04 | B5: 04 진입도로 | C5: 1. 토 공 | D5: 19 | E5: 19 | F5: 1 | G5: 20465208 | H5: 65102573 | I5: 25173284 | J5: 110741065 | K5: 1.1074107
A6: 04 | B6: 04 진입도로 | C6: 2. 우 수 공 | D6: 26 | E6: 28 | F6: 0.92857143 | G6: 11851285 | H6: 79191767 | I6: 8862011 | J6: 99905063 | K6: 0.99905063
A7: 04 | B7: 04 진입도로 | C7: 3. 상 수 공 | D7: 17 | E7: 19 | F7: 0.89473684 | G7: 885328 | H7: 20516305 | I7: 467412 | J7: 21869045 | K7: 0.21869045
A8: 04 | B8: 04 진입도로 | C8: 4. 포 장 공 | D8: 50 | E8: 56 | F8: 0.89285714 | G8: 16880940 | H8: 108358542 | I8: 9375195 | J8: 134614677 | K8: 1.3461468
A9: 04 | B9: 04 진입도로 | C9: 5. 구조물공 | D9: 20 | E9: 22 | F9: 0.90909091 | G9: 34341716 | H9: 1.2779401e+08 | I9: 2289132 | J9: 1.6442486e+08 | K9: 1.6442486
A10: 04 | B10: 04 진입도로 | C10: 6. 부 대 공 | D10: 3 | E10: 3 | F10: 1 | G10: 10747 | H10: 780140 | I10: 7840 | J10: 798727 | K10: 0.00798727
A11: 04 | B11: 04 진입도로 | C11: 가). 중기운반비 | D11: 0 | E11: 3 | F11: 0 | G11: 0 | H11: 0 | I11: 0 | J11: 0 | K11: 0
A12: 04 | B12: 04 진입도로 | C12: ▣ 품질관리비 | D12: 0 | E12: 1 | F12: 0 | G12: 0 | H12: 0 | I12: 0 | J12: 0 | K12: 0
A13: 04 | B13: 04 진입도로 | C13: ★ 04 진입도로 소계 | D13: 135 | E13: 152 | F13: 0.88815789 | G13: 84435224 | H13: 4.0174334e+08 | I13: 46174874 | J13: 5.3235344e+08 | K13: 5.3235344
B14: 진입도로 | C14: ★ 진입도로 합계 | D14: 135 | E14: 152 | F14: 0.88815789 | G14: 84435224 | H14: 4.0174334e+08 | I14: 46174874 | J14: 5.3235344e+08 | K14: 5.3235344
A16: ◆ 진입도로 — 내역 일괄
A18: 내역서 | B18: 공종 | C18: No | D18: 공종명 | E18: 규격 | F18: 수량 | G18: 단위 | H18: 재료단가 | I18: 재료금액 | J18: 노무단가 | K18: 노무금액 | L18: 경비단가 | M18: 경비금액 | N18: 합계단가 | O18: 합계금액 | P18: 상태 | Q18: 비고
A19: 04 진입도로 | B19: 9. 산업안전보건관리비 | C19: 1 | D19: 10. 안전관리비 | F19: 1 | G19: P.S | I19: =F19*H19 | K19: =F19*J19 | M19: =F19*L19 | N19: =H19+J19+L19 | O19: =I19+K19+M19 | P19: 미매칭 | Q19: 안전관리비
A20: 04 진입도로 | B20: 9. 산업안전보건관리비 | D20: ★ 9. 산업안전보건관리비 소계 | I20: =SUM(I19:I19) | K20: =SUM(K19:K19) | M20: =SUM(M19:M19) | O20: =SUM(O19:O19) | Q20: 1건
A21: 04 진입도로 | B21: 1. 토 공 | C21: 1 | D21: 1). 노상준비공 | E21: 깍기부 | F21: 1418 | G21: m2 | H21: 193 | I21: =F21*H21 | J21: 445 | K21: =F21*J21 | L21: 216 | M21: =F21*L21 | N21: =H21+J21+L21 | O21: =I21+K21+M21 | Q21: 1). 노상준비공
A22: 04 진입도로 | B22: 1. 토 공 | C22: 2 | D22: 1). 법면보호공 | E22: 잔디붙임(줄떼) | F22: 1640 | G22: ㎡ | H22: 0 | I22: =F22*H22 | J22: 4699 | K22: =F22*J22 | L22: 0 | M22: =F22*L22 | N22: =H22+J22+L22 | O22: =I22+K22+M22 | Q22: 잔디붙임(줄떼)
A23: 04 진입도로 | B23: 1. 토 공 | C23: 3 | D23: 나). 흙깍기(토사) | E23: 굴삭기1.0㎥ | F23: 725 | G23: ㎥ | H23: 912 | I23: =F23*H23 | J23: 1951 | K23: =F23*J23 | L23: 685 | M23: =F23*L23 | N23: =H23+J23+L23 | O23: =I23+K23+M23 | Q23: 토사
A24: 04 진입도로 | B24: 1. 토 공 | C24: 4 | D24: 1). 터파기(토사) | E24: TYPE-1, 굴착기1.0, 기계100% | F24: 142 | G24: ㎥ | H24: 447 | I24: =F24*H24 | J24: 955 | K24: =F24*J24 | L24: 336 | M24: =F24*L24 | N24: =H24+J24+L24 | O24: =I24+K24+M24 | Q24: 토사
A25: 04 진입도로 | B25: 1. 토 공 | C25: 5 | D25: 가). 흙쌓기 | E25: 노상, 두께20cm, 다짐도95%이상 | F25: 1710 | G25: ㎥ | H25: 887 | I25: =F25*H25 | J25: 2394 | K25: =F25*J25 | L25: 1107 | M25: =F25*L25 | N25: =H25+J25+L25 | O25: =I25+K25+M25 | Q25: 가). 흙쌓기
A26: 04 진입도로 | B26: 1. 토 공 | C26: 6 | D26: 가). 흙쌓기 | E26: 노체, 두께30cm, 다짐도90%이상 | F26: 25732 | G26: ㎥ | H26: 594 | I26: =F26*H26 | J26: 1602 | K26: =F26*J26 | L26: 741 | M26: =F26*L26 | N26: =H26+J26+L26 | O26: =I26+K26+M26 | Q26: 가). 흙쌓기
A27: 04 진입도로 | B27: 1. 토 공 | C27: 7 | D27: 가). 흙쌓기 | E27: 노체, 두께30cm, 다짐도90%이상 | F27: 34 | G27: ㎥ | H27: 594 | I27: =F27*H27 | J27: 1602 | K27: =F27*J27 | L27: 741 | M27: =F27*L27 | N27: =H27+J27+L27 | O27: =I27+K27+M27 | Q27: 가). 흙쌓기
A28: 04 진입도로 | B28: 1. 토 공 | C28: 8 | D28: 1). 층따기 | F28: 774 | G28: m3 | H28: 438 | I28: =F28*H28 | J28: 728 | K28: =F28*J28 | L28: 427 | M28: =F28*L28 | N28: =H28+J28+L28 | O28: =I28+K28+M28 | Q28: 1). 층따기
A29: 04 진입도로 | B29: 1. 토 공 | C29: 9 | D29: 가). 토사 | F29: 1266 | G29: ㎥ | H29: 678 | I29: =F29*H29 | J29: 1818 | K29: =F29*J29 | L29: 909 | M29: =F29*L29 | N29: =H29+J29+L29 | O29: =I29+K29+M29 | Q29: 하천 CUA31704000S 치환토(되메우기·교체) — 현재 후보 유지·현장 흙질 확인
A30: 04 진입도로 | B30: 1. 토 공 | C30: 10 | D30: 가). 흙운반(토사) | E30: 불도저 32톤, L=39.8m | F30: 185 | G30: ㎥ | H30: 906 | I30: =F30*H30 | J30: 1736 | K30: =F30*J30 | L30: 515 | M30: =F30*L30 | N30: =H30+J30+L30 | O30: =I30+K30+M30 | Q30: 토사
A31: 04 진입도로 | B31: 1. 토 공 | C31: 11 | D31: 가). 흙 운반(토사)(지구내) | E31: 굴삭기1.0㎥+덤프24톤, L=0.090Km | F31: 136 | G31: ㎥ | H31: 873 | I31: =F31*H31 | J31: 1719 | K31: =F31*J31 | L31: 653 | M31: =F31*L31 | N31: =H31+J31+L31 | O31: =I31+K31+M31 | Q31: 토사
A32: 04 진입도로 | B32: 1. 토 공 | C32: 12 | D32: 1). 목재규준틀 | E32: 비탈규준틀 | F32: 36 | G32: 개 | H32: 0 | I32: =F32*H32 | J32: 68074 | K32: =F32*J32 | L32: 0 | M32: =F32*L32 | N32: =H32+J32+L32 | O32: =I32+K32+M32 | Q32: 하천 CUA31301000S · 품셈 목재규준틀(비탈)
A33: 04 진입도로 | B33: 1. 토 공 | C33: 13 | D33: 2). 목재규준틀 | E33: 수평규준틀 | F33: 6 | G33: 개 | H33: 0 | I33: =F33*H33 | J33: 90391 | K33: =F33*J33 | L33: 0 | M33: =F33*L33 | N33: =H33+J33+L33 | O33: =I33+K33+M33 | Q33: 하천 CUA31302000S · 품셈 목재규준틀(수평)
A34: 04 진입도로 | B34: 1. 토 공 | C34: 14 | D34: 가). 구조물헐기(철근) | E34: 대형30CM미만 | F34: 20 | G34: ㎥ | H34: 18511 | I34: =F34*H34 | J34: 70869 | K34: =F34*J34 | L34: 33531 | M34: =F34*L34 | N34: =H34+J34+L34 | O34: =I34+K34+M34 | Q34: 철근
A35: 04 진입도로 | B35: 1. 토 공 | C35: 15 | D35: 나). 구조물헐기(무근) | E35: 대형30CM미만 | F35: 10 | G35: ㎥ | H35: 5125 | I35: =F35*H35 | J35: 19126 | K35: =F35*J35 | L35: 8630 | M35: =F35*L35 | N35: =H35+J35+L35 | O35: =I35+K35+M35 | Q35: 무근
A36: 04 진입도로 | B36: 1. 토 공 | C36: 16 | D36: 다). 포장절단/아스팔트 | F36: 30 | G36: m | H36: 1266 | I36: =F36*H36 | J36: 1229 | K36: =F36*J36 | L36: 122 | M36: =F36*L36 | N36: =H36+J36+L36 | O36: =I36+K36+M36 | Q36: 다). 포장절단/아스팔트
A37: 04 진입도로 | B37: 1. 토 공 | C37: 17 | D37: 라). 아스팔트포장깨기 | E37: T=30cm 미만 | F37: 162 | G37: m3 | H37: 2730 | I37: =F37*H37 | J37: 7242 | K37: =F37*J37 | L37: 3955 | M37: =F37*L37 | N37: =H37+J37+L37 | O37: =I37+K37+M37 | Q37: 라). 아스팔트포장깨기
A38: 04 진입도로 | B38: 1. 토 공 | C38: 18 | D38: 마). 콘크리트포장깨기 | E38: T=30cm 미만 | F38: 22 | G38: m3 | H38: 6259 | I38: =F38*H38 | J38: 18737 | K38: =F38*J38 | L38: 9072 | M38: =F38*L38 | N38: =H38+J38+L38 | O38: =I38+K38+M38 | Q38: 마). 콘크리트포장깨기
A39: 04 진입도로 | B39: 1. 토 공 | C39: 19 | D39: 가). 폐기물상차 | E39: 굴삭기 0.7㎥ | F39: 214 | G39: ㎥ | H39: 570 | I39: =F39*H39 | J39: 936 | K39: =F39*J39 | L39: 331 | M39: =F39*L39 | N39: =H39+J39+L39 | O39: =I39+K39+M39 | Q39: 오매칭 CUS30201010S(가물막이 / 굴착,적사,운반) 제외 · 표준시장단가 CDS101201500 흙운반 직상차(덤프15t) — 굴삭기0.7㎥ 상차 공정 대용 · 운반·처리비 별도
A40: 04 진입도로 | B40: 1. 토 공 | D40: ★ 1. 토 공 소계 | I40: =SUM(I21:I39) | K40: =SUM(K21:K39) | M40: =SUM(M21:M39) | O40: =SUM(O21:O39) | Q40: 19건
A41: 04 진입도로 | B41: 2. 우 수 공 | C41: 1 | D41: (1). 터파기(토사) | E41: TYPE-1, 백호1.0, 기계100% | F41: 2694 | G41: ㎥ | H41: 301 | I41: =F41*H41 | J41: 4367 | K41: =F41*J41 | L41: 417 | M41: =F41*L41 | N41: =H41+J41+L41 | O41: =I41+K41+M41 | Q41: 1
A42: 04 진입도로 | B42: 2. 우 수 공 | C42: 2 | D42: 가). 되메우기및다짐(토사) | E42: 백호0.7+플레이트콤펙터1.5ton | F42: 2103 | G42: ㎥ | H42: 1652 | I42: =F42*H42 | J42: 3924 | K42: =F42*J42 | L42: 1432 | M42: =F42*L42 | N42: =H42+J42+L42 | O42: =I42+K42+M42 | Q42: 가). 되메우기및다짐
A43: 04 진입도로 | B43: 2. 우 수 공 | C43: 3 | D43: 가). 잔토처리(토사) | E43: 기계 | F43: 591 | G43: ㎥ | H43: 447 | I43: =F43*H43 | J43: 955 | K43: =F43*J43 | L43: 336 | M43: =F43*L43 | N43: =H43+J43+L43 | O43: =I43+K43+M43 | Q43: 기계
A44: 04 진입도로 | B44: 2. 우 수 공 | C44: 4 | D44: 가). 원심력철근콘크리트관 접합및부설(소켓식) | E44: Ø 250mm, 시공조건 B | F44: 107 | G44: m | H44: 2339 | I44: =F44*H44 | J44: 19375 | K44: =F44*J44 | L44: 2505 | M44: =F44*L44 | N44: =H44+J44+L44 | O44: =I44+K44+M44 | Q44: 소켓식
A45: 04 진입도로 | B45: 2. 우 수 공 | C45: 5 | D45: 다). 원심력철근콘크리트관 접합및부설(소켓식) | E45: Ø 600mm, 시공조건 B | F45: 275 | G45: m | H45: 2339 | I45: =F45*H45 | J45: 19375 | K45: =F45*J45 | L45: 2505 | M45: =F45*L45 | N45: =H45+J45+L45 | O45: =I45+K45+M45 | Q45: 소켓식
A46: 04 진입도로 | B46: 2. 우 수 공 | C46: 6 | D46: (1) 콘크리트타설 | E46: 장비사용, 무근구조물 | F46: 134 | G46: ㎥ | H46: 5963 | I46: =F46*H46 | J46: 50648 | K46: =F46*J46 | L46: 6730 | M46: =F46*L46 | N46: =H46+J46+L46 | O46: =I46+K46+M46 | Q46: 콘크리트타설
A47: 04 진입도로 | B47: 2. 우 수 공 | C47: 7 | D47: (2) 거푸집 | E47: 합판6회(간단) | F47: 508 | G47: ㎡ | H47: 378 | I47: =F47*H47 | J47: 37806 | K47: =F47*J47 | L47: 0 | M47: =F47*L47 | N47: =H47+J47+L47 | O47: =I47+K47+M47 | Q47: 거푸집
A48: 04 진입도로 | B48: 2. 우 수 공 | C48: 8 | D48: 가). 하수관 천공 및 접합 | E48: D600X250 | F48: 28 | G48: 개소 | H48: 2463 | I48: =F48*H48 | J48: 120645 | K48: =F48*J48 | L48: 0 | M48: =F48*L48 | N48: =H48+J48+L48 | O48: =I48+K48+M48 | Q48: 접합
A49: 04 진입도로 | B49: 2. 우 수 공 | C49: 9 | D49: 가). 원심력철근콘크리트관 절단 | E49: Ø 250 MM | F49: 28 | G49: 개소 | H49: 0 | I49: =F49*H49 | J49: 13039 | K49: =F49*J49 | L49: 782 | M49: =F49*L49 | N49: =H49+J49+L49 | O49: =I49+K49+M49 | Q49: 가). 원심력철근콘크리트관 절단
A50: 04 진입도로 | B50: 2. 우 수 공 | C50: 10 | D50: 나). 원심력철근콘크리트관 절단 | E50: Ø 600 MM | F50: 5 | G50: 개소 | H50: 0 | I50: =F50*H50 | J50: 13039 | K50: =F50*J50 | L50: 782 | M50: =F50*L50 | N50: =H50+J50+L50 | O50: =I50+K50+M50 | Q50: 나). 원심력철근콘크리트관 절단
A51: 04 진입도로 | B51: 2. 우 수 공 | C51: 11 | D51: 가). 관로경고용테이프 | E51: 200mmx1m | F51: 275 | G51: m | H51: 100 | I51: =F51*H51 | J51: 200 | K51: =F51*J51 | L51: 0 | M51: =F51*L51 | N51: =H51+J51+L51 | O51: =I51+K51+M51 | Q51: 오매칭(점수0.50, 표지판/PVC관) 제외 · 지중 매설 PE 경고테이프 200mm 자재 약100원/m + 되메우기 중 부설 노무 약200원/m = 300원/m(보수적·검증 권장)
A52: 04 진입도로 | B52: 2. 우 수 공 | C52: 12 | D52: 가). 우수 원형2호 맨홀 | E52: D1200, H=1.7m, 차도 | F52: 5 | G52: 개소 | H52: 0 | I52: =F52*H52 | J52: 81796 | K52: =F52*J52 | L52: 0 | M52: =F52*L52 | N52: =H52+J52+L52 | O52: =I52+K52+M52 | Q52: D1200
A53: 04 진입도로 | B53: 2. 우 수 공 | C53: 13 | D53: 가). 무수축몰탈 | E53: 1:1, 자재비별산 | F53: 1.158 | G53: ㎥ | H53: 500 | I53: =F53*H53 | J53: 1000 | K53: =F53*J53 | M53: =F53*L53 | N53: =H53+J53+L53 | O53: =I53+K53+M53 | P53: 가영현 | Q53: 1:1
A54: 04 진입도로 | B54: 2. 우 수 공 | C54: 14 | D54: 가). 1호 우수받이 | E54: 0.3×0.4×0.9m, 스틸그레이팅포함 | F54: 28 | G54: 개소 | H54: 150000 | I54: =F54*H54 | J54: 50000 | K54: =F54*J54 | L54: 0 | M54: =F54*L54 | N54: =H54+J54+L54 | O54: =I54+K54+M54 | Q54: 오매칭(점수0.49, 스틸 방음문) 제외 · 1호 우수받이(0.3×0.4×0.9m 스틸) 강재 받이틀+스틸그레이팅 자재 약150,000 + 설치 약50,000(조경일위 PE빗물받이 설치 50,124 준용) = 200,000원/개소(검증 권장)
A55: 04 진입도로 | B55: 2. 우 수 공 | C55: 15 | D55: 가). PC BOX | E55: 1@2.0X1.5, 토피 H=1.0m이하 | F55: 72 | G55: m | H55: 229 | I55: =F55*H55 | J55: 11486 | K55: =F55*J55 | L55: 0 | M55: =F55*L55 | N55: =H55+J55+L55 | O55: =I55+K55+M55 | Q55: 가). PC BOX
A56: 04 진입도로 | B56: 2. 우 수 공 | C56: 16 | D56: 가). 콘크리트타설 | E56: 장비사용, 무근구조물 | F56: 18 | G56: ㎥ | H56: 0 | I56: =F56*H56 | J56: 0 | K56: =F56*J56 | L56: 0 | M56: =F56*L56 | N56: =H56+J56+L56 | O56: =I56+K56+M56 | Q56: 장비사용
A57: 04 진입도로 | B57: 2. 우 수 공 | C57: 17 | D57: 나). 거푸집 | E57: 합판6회(간단) | F57: 30 | G57: ㎡ | H57: 0 | I57: =F57*H57 | J57: 0 | K57: =F57*J57 | L57: 34535 | M57: =F57*L57 | N57: =H57+J57+L57 | O57: =I57+K57+M57 | Q57: 현재 매칭 CUA31502000S — 품명 일치·점수 0.71
A58: 04 진입도로 | B58: 2. 우 수 공 | C58: 18 | D58: 가). 보통시멘트 | E58: 40kg/대 (포장품) | F58: 17 | G58: 대 | H58: 5500 | I58: =F58*H58 | K58: =F58*J58 | M58: =F58*L58 | N58: =H58+J58+L58 | O58: =I58+K58+M58 | P58: 가영현 | Q58: 40kg/대 (포장품), 포장품, ... 가). 보통시멘트, 40kg, 대 (포장품)
A59: 04 진입도로 | B59: 2. 우 수 공 | C59: 19 | D59: 나). 시멘트운반 | E59: L=30km이내 | F59: 17 | G59: 대 | I59: =F59*H59 | K59: =F59*J59 | L59: 200 | M59: =F59*L59 | N59: =H59+J59+L59 | O59: =I59+K59+M59 | P59: 가영현 | Q59: L=30km이내, ... 나). 시멘트운반
A60: 04 진입도로 | B60: 2. 우 수 공 | C60: 20 | D60: 가). 모래 | E60: 강모래, 현장도착도 | F60: 18 | G60: ㎥ | H60: 806 | I60: =F60*H60 | J60: 1354 | K60: =F60*J60 | L60: 678 | M60: =F60*L60 | N60: =H60+J60+L60 | O60: =I60+K60+M60 | Q60: 표준DB CVL40103000S (점수0.51) / 대안: 모래 운반(0.51) · 현장비빔타설(0.46)
A61: 04 진입도로 | B61: 2. 우 수 공 | C61: 21 | D61: 나). 잡석 | E61: Φ150mm이하, 현장도착도 | F61: 3 | G61: ㎥ | H61: 0 | I61: =F61*H61 | J61: 4036 | K61: =F61*J61 | L61: 947 | M61: =F61*L61 | N61: =H61+J61+L61 | O61: =I61+K61+M61 | Q61: 표준DB 4. 조경 유지관리 외 (점수0.56) / 대안: 뒷채움 잡석(0.50) · 터파기(육상, 1m이하)(0.49)
A62: 04 진입도로 | B62: 2. 우 수 공 | C62: 22 | D62: 가). 레미콘 | E62: 25-21- 8(Mpa) | F62: 134 | G62: ㎥ | H62: 1293 | I62: =F62*H62 | J62: 64674 | K62: =F62*J62 | L62: 0 | M62: =F62*L62 | N62: =H62+J62+L62 | O62: =I62+K62+M62 | Q62: DB CUG30401000S (0.72, 레미콘타설) / 대안: 레미콘타설(0.72) · 레미콘타설(0.72)
A63: 04 진입도로 | B63: 2. 우 수 공 | C63: 23 | D63: 나). 레미콘 | E63: 25-18-8(Mpa) | F63: 18 | G63: ㎥ | H63: 1293 | I63: =F63*H63 | J63: 64674 | K63: =F63*J63 | L63: 0 | M63: =F63*L63 | N63: =H63+J63+L63 | O63: =I63+K63+M63 | Q63: 표준DB CUG30401000S (점수0.55) / 대안: 레미콘타설(0.55) · 레미콘타설(0.55)
A64: 04 진입도로 | B64: 2. 우 수 공 | C64: 24 | D64: 가). 원심력철근콘크리트관(보통2종) | E64: 250㎜ (소켓식,B형) | F64: 107 | G64: ｍ | H64: 2339 | I64: =F64*H64 | J64: 19375 | K64: =F64*J64 | L64: 2505 | M64: =F64*L64 | N64: =H64+J64+L64 | O64: =I64+K64+M64 | Q64: 소켓식
A65: 04 진입도로 | B65: 2. 우 수 공 | C65: 25 | D65: 나). 원심력철근콘크리트관(보통2종) | E65: 600㎜ (소켓식,B형) | F65: 275 | G65: ｍ | H65: 2339 | I65: =F65*H65 | J65: 19375 | K65: =F65*J65 | L65: 2505 | M65: =F65*L65 | N65: =H65+J65+L65 | O65: =I65+K65+M65 | Q65: 소켓식
A66: 04 진입도로 | B66: 2. 우 수 공 | C66: 26 | D66: 다). 흄관하차비 | E66: Ø 250 MM - 차상도 | F66: 43 | G66: 본 | H66: 0 | I66: =F66*H66 | J66: 0 | K66: =F66*J66 | L66: 2000 | M66: =F66*L66 | N66: =H66+J66+L66 | O66: =I66+K66+M66 | Q66: 오매칭(점수0.46) 제외 · 흄관 하차는 직경·중량 비례 → Ø250mm 크레인 상하차 추정 2,000원/본(장비경비, 검증 권장)
A67: 04 진입도로 | B67: 2. 우 수 공 | C67: 27 | D67: 라). 흄관하차비 | E67: Ø 600 MM - 차상도 | F67: 110 | G67: 본 | H67: 0 | I67: =F67*H67 | J67: 0 | K67: =F67*J67 | L67: 5000 | M67: =F67*L67 | N67: =H67+J67+L67 | O67: =I67+K67+M67 | Q67: 오매칭(점수0.46) 제외 · 흄관 하차는 직경·중량 비례 → Ø600mm 크레인 상하차 추정 5,000원/본(장비경비, 검증 권장)
A68: 04 진입도로 | B68: 2. 우 수 공 | C68: 28 | D68: 가). 맨홀뚜껑(주철제) | E68: Φ648KS, 하수도용(잠금식) | F68: 5 | G68: 조 | H68: 0 | I68: =F68*H68 | J68: 289893 | K68: =F68*J68 | L68: 0 | M68: =F68*L68 | N68: =H68+J68+L68 | O68: =I68+K68+M68 | Q68: 주철제
A69: 04 진입도로 | B69: 2. 우 수 공 | D69: ★ 2. 우 수 공 소계 | I69: =SUM(I41:I68) | K69: =SUM(K41:K68) | M69: =SUM(M41:M68) | O69: =SUM(O41:O68) | Q69: 28건
A70: 04 진입도로 | B70: 3. 상 수 공 | C70: 1 | D70: (1). 터파기(토사) | E70: 기계70%+인력30%, 보통토사 | F70: 328 | G70: ㎥ | H70: 0 | I70: =F70*H70 | J70: 33455 | K70: =F70*J70 | L70: 0 | M70: =F70*L70 | N70: =H70+J70+L70 | O70: =I70+K70+M70 | Q70: 1
A71: 04 진입도로 | B71: 3. 상 수 공 | C71: 2 | D71: 가). 되메우기 및 다짐(토사) | E71: 기계90%,인력10%,래머 80KG | F71: 320 | G71: ㎥ | H71: 608 | I71: =F71*H71 | J71: 9980 | K71: =F71*J71 | L71: 440 | M71: =F71*L71 | N71: =H71+J71+L71 | O71: =I71+K71+M71 | Q71: 가). 되메우기 및 다짐
A72: 04 진입도로 | B72: 3. 상 수 공 | C72: 3 | D72: 가). 잔토처리(토사) | E72: 기계100% | F72: 8 | G72: ㎥ | H72: 447 | I72: =F72*H72 | J72: 955 | K72: =F72*J72 | L72: 336 | M72: =F72*L72 | N72: =H72+J72+L72 | O72: =I72+K72+M72 | Q72: 토사
A73: 04 진입도로 | B73: 3. 상 수 공 | C73: 4 | D73: 가). 주철관 부설 및 접합(KP접합) | E73: D100mm, 시공조건 B | F73: 312 | G73: m | H73: 179 | I73: =F73*H73 | J73: 8770 | K73: =F73*J73 | L73: 0 | M73: =F73*L73 | N73: =H73+J73+L73 | O73: =I73+K73+M73 | Q73: 표준시장단가 CGB202001010 직접 / 표준시장단가 주철관 부설(CGB) — 시공조건 A/B/C
A74: 04 진입도로 | B74: 3. 상 수 공 | C74: 5 | D74: 가). 주철 이형관 접합(KP접합) | E74: D100mm | F74: 6 | G74: 개소 | H74: 239 | I74: =F74*H74 | J74: 11694 | K74: =F74*J74 | L74: 0 | M74: =F74*L74 | N74: =H74+J74+L74 | O74: =I74+K74+M74 | Q74: D100mm
A75: 04 진입도로 | B75: 3. 상 수 공 | C75: 6 | D75: 나). 주철 이형관 접합(이탈방지압륜) | E75: D100mm | F75: 6 | G75: 개소 | H75: 311 | I75: =F75*H75 | J75: 15201 | K75: =F75*J75 | L75: 0 | M75: =F75*L75 | N75: =H75+J75+L75 | O75: =I75+K75+M75 | Q75: 이탈방지압륜
A76: 04 진입도로 | B76: 3. 상 수 공 | C76: 7 | D76: 가). 플랜지 접합 | E76: D100mm | F76: 1 | G76: 개소 | H76: 331 | I76: =F76*H76 | J76: 16570 | K76: =F76*J76 | L76: 0 | M76: =F76*L76 | N76: =H76+J76+L76 | O76: =I76+K76+M76 | Q76: 가). 플랜지 접합
A77: 04 진입도로 | B77: 3. 상 수 공 | C77: 8 | D77: 가). 주철관 절단 | E77: D100mm | F77: 6 | G77: 개소 | H77: 1818 | I77: =F77*H77 | J77: 34539 | K77: =F77*J77 | L77: 0 | M77: =F77*L77 | N77: =H77+J77+L77 | O77: =I77+K77+M77 | Q77: 가). 주철관 절단
A78: 04 진입도로 | B78: 3. 상 수 공 | C78: 9 | D78: 가). 제수변 접합 및 부설 | E78: 100㎜ | F78: 2 | G78: 개소 | H78: 0 | I78: =F78*H78 | J78: 31637 | K78: =F78*J78 | L78: 0 | M78: =F78*L78 | N78: =H78+J78+L78 | O78: =I78+K78+M78 | Q78: 부설
A79: 04 진입도로 | B79: 3. 상 수 공 | C79: 10 | D79: 가). 제수변실 | E79: 2.50×2.00 | F79: 1 | G79: 개소 | H79: 45000 | I79: =F79*H79 | J79: 45000 | K79: =F79*J79 | L79: 15000 | M79: =F79*L79 | N79: =H79+J79+L79 | O79: =I79+K79+M79 | P79: 가영현 | Q79: 2.50×2.00, ... 가). 제수변실
A80: 04 진입도로 | B80: 3. 상 수 공 | C80: 11 | D80: 나). 원형제수변실(D100mm) | E80: D800, 흄관 | F80: 2 | G80: 개소 | H80: 13953 | I80: =F80*H80 | J80: 609212 | K80: =F80*J80 | L80: 9169 | M80: =F80*L80 | N80: =H80+J80+L80 | O80: =I80+K80+M80 | Q80: 흄관
A81: 04 진입도로 | B81: 3. 상 수 공 | C81: 12 | D81: (1). 제수변보호통설치 | E81: D100mm | F81: 2 | G81: 개소 | H81: 1002 | I81: =F81*H81 | J81: 50118 | K81: =F81*J81 | L81: 0 | M81: =F81*L81 | N81: =H81+J81+L81 | O81: =I81+K81+M81 | Q81: D100mm
A82: 04 진입도로 | B82: 3. 상 수 공 | C82: 13 | D82: 가). 관로경고용테이프 | E82: 200mmx1m | F82: 311 | G82: m | H82: 100 | I82: =F82*H82 | J82: 200 | K82: =F82*J82 | L82: 0 | M82: =F82*L82 | N82: =H82+J82+L82 | O82: =I82+K82+M82 | Q82: 오매칭(점수0.50, 표지판/PVC관) 제외 · 지중 매설 PE 경고테이프 200mm 자재 약100원/m + 되메우기 중 부설 노무 약200원/m = 300원/m(보수적·검증 권장)
A83: 04 진입도로 | B83: 3. 상 수 공 | C83: 14 | D83: 가). 레미콘 | E83: 25-18-8(Mpa) | F83: 1 | G83: ㎥ | H83: 1293 | I83: =F83*H83 | J83: 64674 | K83: =F83*J83 | L83: 0 | M83: =F83*L83 | N83: =H83+J83+L83 | O83: =I83+K83+M83 | Q83: 표준DB CUG30401000S (점수0.55) / 대안: 레미콘타설(0.55) · 레미콘타설(0.55)
A84: 04 진입도로 | B84: 3. 상 수 공 | C84: 15 | D84: 가). 수도용닥타일주철관(직관) | E84: 100㎜ x 5ｍ (KP시멘트,2종) | F84: 54 | G84: 본 | H84: 5970 | I84: =F84*H84 | J84: 24709 | K84: =F84*J84 | L84: 5659 | M84: =F84*L84 | N84: =H84+J84+L84 | O84: =I84+K84+M84 | P84: 가영현 | Q84: 가). 수도용닥타일주철관
A85: 04 진입도로 | B85: 3. 상 수 공 | C85: 16 | D85: 다). 수도용닥타일이형관 | E85: 시멘트라이닝 | F85: 141 | G85: kg | H85: 1600 | I85: =F85*H85 | J85: 0 | K85: =F85*J85 | L85: 0 | M85: =F85*L85 | N85: =H85+J85+L85 | O85: =I85+K85+M85 | Q85: 표준DB 물가정보 (점수0.47) / 대안: 아스팔트(0.45) · 아스팔트(0.45)
A86: 04 진입도로 | B86: 3. 상 수 공 | C86: 17 | D86: 라). 주철관운반비 | E86: 공장--->현장, L=160KM | F86: 7 | G86: ton | I86: =F86*H86 | K86: =F86*J86 | L86: 30000 | M86: =F86*L86 | N86: =H86+J86+L86 | O86: =I86+K86+M86 | P86: 가영현 | Q86: 공장--->현장, L=160KM, ... 라). 주철관운반비, 공장--->현장, L=160KM
A87: 04 진입도로 | B87: 3. 상 수 공 | C87: 18 | D87: 가). 소프트실제수밸브 | E87: 100㎜ | F87: 2 | G87: ea | H87: 3261 | I87: =F87*H87 | J87: 43712 | K87: =F87*J87 | M87: =F87*L87 | N87: =H87+J87+L87 | O87: =I87+K87+M87 | P87: 가영현 | Q87: 100㎜
A88: 04 진입도로 | B88: 3. 상 수 공 | C88: 19 | D88: 가). 맨홀뚜껑(주철제) | E88: Φ648x250, KS, 상수도용 | F88: 1 | G88: 조 | H88: 0 | I88: =F88*H88 | J88: 289893 | K88: =F88*J88 | L88: 0 | M88: =F88*L88 | N88: =H88+J88+L88 | O88: =I88+K88+M88 | Q88: 주철제
A89: 04 진입도로 | B89: 3. 상 수 공 | D89: ★ 3. 상 수 공 소계 | I89: =SUM(I70:I88) | K89: =SUM(K70:K88) | M89: =SUM(M70:M88) | O89: =SUM(O70:O88) | Q89: 19건
A90: 04 진입도로 | B90: 4. 포 장 공 | C90: 1 | D90: 1). 아스팔트 표층 기계포설(대형장비) | E90: 3.0m≤B, T=5cm | F90: 2180 | G90: ㎡ | H90: 177 | I90: =F90*H90 | J90: 1249 | K90: =F90*J90 | L90: 311 | M90: =F90*L90 | N90: =H90+J90+L90 | O90: =I90+K90+M90 | Q90: 대형장비
A91: 04 진입도로 | B91: 4. 포 장 공 | C91: 2 | D91: 2). 아스팔트 중간층 기계포설(대형장비) | E91: 3.0m≤B, T=5cm | F91: 2180 | G91: ㎡ | H91: 177 | I91: =F91*H91 | J91: 1249 | K91: =F91*J91 | L91: 311 | M91: =F91*L91 | N91: =H91+J91+L91 | O91: =I91+K91+M91 | Q91: 대형장비
A92: 04 진입도로 | B92: 4. 포 장 공 | C92: 3 | D92: 3). 아스팔트 기층 기계포설(대형장비) | E92: 3.0m≤B, T=15cm, 2회 | F92: 2180 | G92: ㎡ | H92: 0 | I92: =F92*H92 | J92: 0 | K92: =F92*J92 | L92: 0 | M92: =F92*L92 | N92: =H92+J92+L92 | O92: =I92+K92+M92 | Q92: 대형장비
A93: 04 진입도로 | B93: 4. 포 장 공 | C93: 4 | D93: 4). 텍코팅(기계식) | E93: RSC-4:45ℓ/a, 2회 | F93: 2180 | G93: ㎡ | H93: 11 | I93: =F93*H93 | J93: 36 | K93: =F93*J93 | L93: 1 | M93: =F93*L93 | N93: =H93+J93+L93 | O93: =I93+K93+M93 | Q93: 4). 텍코팅
A94: 04 진입도로 | B94: 4. 포 장 공 | C94: 5 | D94: 5). 텍코팅(기계식) | E94: RSC-4:45ℓ/a | F94: 2180 | G94: ㎡ | H94: 11 | I94: =F94*H94 | J94: 36 | K94: =F94*J94 | L94: 1 | M94: =F94*L94 | N94: =H94+J94+L94 | O94: =I94+K94+M94 | Q94: 5). 텍코팅
A95: 04 진입도로 | B95: 4. 포 장 공 | C95: 6 | D95: 6). 프라임코팅(기계식) | E95: RSC-3:150ℓ/a | F95: 4360 | G95: ㎡ | H95: 11 | I95: =F95*H95 | J95: 36 | K95: =F95*J95 | L95: 1 | M95: =F95*L95 | N95: =H95+J95+L95 | O95: =I95+K95+M95 | Q95: 6). 프라임코팅
A96: 04 진입도로 | B96: 4. 포 장 공 | C96: 7 | D96: 7). 보조기층(기계시공) | E96: 본선포장, T=20cm | F96: 678 | G96: ㎥ | H96: 2216 | I96: =F96*H96 | J96: 7533 | K96: =F96*J96 | L96: 2292 | M96: =F96*L96 | N96: =H96+J96+L96 | O96: =I96+K96+M96 | Q96: 기계시공
A97: 04 진입도로 | B97: 4. 포 장 공 | C97: 8 | D97: 가). 보도용블럭포장(소형) | E97: A-TYPE, T=8㎝이하 | F97: 840 | G97: ㎡ | H97: 596 | I97: =F97*H97 | J97: 7175 | K97: =F97*J97 | L97: 641 | M97: =F97*L97 | N97: =H97+J97+L97 | O97: =I97+K97+M97 | Q97: 소형
A98: 04 진입도로 | B98: 4. 포 장 공 | C98: 9 | D98: 나). 보조기층(인력식) | E98: 소규모장비 | F98: 84 | G98: ㎥ | H98: 1320 | I98: =F98*H98 | J98: 11220 | K98: =F98*J98 | L98: 1521 | M98: =F98*L98 | N98: =H98+J98+L98 | O98: =I98+K98+M98 | Q98: 소규모장비
A99: 04 진입도로 | B99: 4. 포 장 공 | C99: 10 | D99: 가). 보도용블럭포장(유도블록) | E99: A-TYPE, T=6㎝이하 | F99: 184 | G99: ㎡ | H99: 445 | I99: =F99*H99 | J99: 1402 | K99: =F99*J99 | L99: 783 | M99: =F99*L99 | N99: =H99+J99+L99 | O99: =I99+K99+M99 | Q99: A-TYPE
A100: 04 진입도로 | B100: 4. 포 장 공 | C100: 11 | D100: 나). 보도용블럭포장(점자블록) | E100: A-TYPE, T=6㎝이하 | F100: 11 | G100: ㎡ | H100: 445 | I100: =F100*H100 | J100: 1402 | K100: =F100*J100 | L100: 783 | M100: =F100*L100 | N100: =H100+J100+L100 | O100: =I100+K100+M100 | Q100: A-TYPE
A101: 04 진입도로 | B101: 4. 포 장 공 | C101: 12 | D101: 다). 보조기층(인력식) | E101: T=10cm, 소규모장비 | F101: 20 | G101: ㎥ | H101: 1320 | I101: =F101*H101 | J101: 11220 | K101: =F101*J101 | L101: 1521 | M101: =F101*L101 | N101: =H101+J101+L101 | O101: =I101+K101+M101 | Q101: 인력식
... A111: 04 진입도로 | B111: 4. 포 장 공 | C111: 22 | D111: 가). 도로경계석 설치 | E111: 120×120×1000, A-TYPE(직선구간) | F111: 385 | G111: m | H111: 659 | I111: =F111*H111 | J111: 6686 | K111: =F111*J111 | L111: 522 | M111: =F111*L111 | N111: =H111+J111+L111 | O111: =I111+K111+M111 | Q111: 직선구간
A112: 04 진입도로 | B112: 4. 포 장 공 | C112: 23 | D112: 1). 아스팔트절삭및덧씌우기 | F112: 552 | G112: m2 | H112: 445 | I112: =F112*H112 | J112: 1402 | K112: =F112*J112 | L112: 783 | M112: =F112*L112 | N112: =H112+J112+L112 | O112: =I112+K112+M112 | Q112: 덧씌우기
...

Sheet 토목(조경)
A1: 화성 청원지구 — 토목(조경)
A3: No | B3: 내역서 | C3: 공종 | D3: 매칭 | E3: 전체 | F3: 매칭률 | G3: 재료비 | H3: 노무비 | I3: 경비 | J3: 합계 | K3: 합계(억)
A4: 01 | B4: 01 토목 | C4: 1. 토 공 | D4: 41 | E4: 45 | F4: 0.91111111 | G4: 1.938648e+08 | H4: 3.7583083e+08 | I4: 248626066 | J4: 8.183217e+08 | K4: 8.183217
A5: 01 | B5: 01 토목 | C5: 2. 우 수 공 | D5: 81 | E5: 99 | F5: 0.81818182 | G5: 45773360 | H5: 4.1265129e+08 | I5: 30187164 | J5: 4.8861181e+08 | K5: 4.8861181
A6: 01 | B6: 01 토목 | C6: 3. 오 수 공 | D6: 36 | E6: 44 | F6: 0.81818182 | G6: 8139274.2 | H6: 91589702 | I6: 6281483 | J6: 1.0601046e+08 | K6: 1.0601046
A7: 01 | B7: 01 토목 | C7: 4. 상 수 공 | D7: 62 | E7: 86 | F7: 0.72093023 | G7: 11736539 | H7: 84912162 | I7: 4722073 | J7: 101370774 | K7: 1.0137077
A8: 01 | B8: 01 토목 | C8: 5. 포 장 공 | D8: 68 | E8: 76 | F8: 0.89473684 | G8: 55159585 | H8: 294369653 | I8: 23035558 | J8: 372564796 | K8: 3.725648
A9: 01 | B9: 01 토목 | C9: 6. 구조물공 | D9: 39 | E9: 43 | F9: 0.90697674 | G9: 27584724 | H9: 2.1541458e+08 | I9: 17151782 | J9: 2.6015109e+08 | K9: 2.6015109
A10: 01 | B10: 01 토목 | C10: 7. 부 대 공 | D10: 27 | E10: 36 | F10: 0.75 | G10: 15032685 | H10: 173478672 | I10: 7842946 | J10: 196354303 | K10: 1.963543
A11: 01 | B11: 01 토목 | C11: 8. 하수처리장 | D11: 43 | E11: 53 | F11: 0.81132075 | G11: 14684153 | H11: 65843674 | I11: 1789336 | J11: 82317163 | K11: 0.82317163
A12: 01 | B12: 01 토목 | C12: 9. 지하저류조 | D12: 7 | E12: 9 | F12: 0.77777778 | G12: 9249700 | H12: 27138515 | I12: 7941772 | J12: 44329987 | K12: 0.44329987
A13: 01 | B13: 01 토목 | C13: ▣ 품질관리비 | D13: 0 | E13: 2 | F13: 0 | G13: 0 | H13: 0 | I13: 0 | J13: 0 | K13: 0
A14: 01 | B14: 01 토목 | C14: ★ 01 토목 소계 | D14: 404 | E14: 493 | F14: 0.81947262 | G14: 3.8122482e+08 | H14: 1.7412291e+09 | I14: 3.4757818e+08 | J14: 2.4700321e+09 | K14: 24.700321
A15: 01 | B15: 01 조경 | C15: 10. 조 경 공 | D15: 80 | E15: 80 | F15: 1 | G15: 600710000 | H15: 386951000 | I15: 30172000 | J15: 1017833000 | K15: 10.17833
A16: 01 | B16: 01 조경 | C16: ★ 01 조경 소계 | D16: 80 | E16: 80 | F16: 1 | G16: 600710000 | H16: 386951000 | I16: 30172000 | J16: 1017833000 | K16: 10.17833
B17: 토목(조경) | C17: ★ 토목(조경) 합계 | D17: 484 | E17: 573 | F17: 0.84467714 | G17: 9.8193482e+08 | H17: 2.1281801e+09 | I17: 3.7775018e+08 | J17: 3.4878651e+09 | K17: 34.878651
A19: ◆ 토목(조경) — 내역 일괄
A21: 내역서 | B21: 공종 | C21: No | D21: 공종명 | E21: 규격 | F21: 수량 | G21: 단위 | H21: 재료단가 | I21: 재료금액 | J21: 노무단가 | K21: 노무금액 | L21: 경비단가 | M21: 경비금액 | N21: 합계단가 | O21: 합계금액 | P21: 상태 | Q21: 비고
A22: 01 토목 | B22: 1. 토 공 | C22: 1 | D22: 가). 벌목 | F22: 22891 | G22: ㎡ | H22: 116 | I22: =F22*H22 | J22: 619 | K22: =F22*J22 | L22: 59 | M22: =F22*L22 | N22: =H22+J22+L22 | O22: =I22+K22+M22 | P22: 가영현 | Q22: 벌목
A23: 01 토목 | B23: 1. 토 공 | C23: 2 | D23: 나). 벌개제근 | F23: 22891 | G23: ㎡ | H23: 450 | I23: =F23*H23 | J23: 1800 | K23: =F23*J23 | L23: 650 | M23: =F23*L23 | N23: =H23+J23+L23 | O23: =I23+K23+M23 | P23: 가영현 | Q23: 벌개제근
A24: 01 토목 | B24: 1. 토 공 | C24: 3 | D24: 가). 임목 운반 | E24: 운반거리 L=83m(현장--->임목파쇄장) | F24: 1917 | G24: ㎥ | H24: 0 | I24: =F24*H24 | J24: 0 | K24: =F24*J24 | L24: 8000 | M24: =F24*L24 | N24: =H24+J24+L24 | O24: =I24+K24+M24 | Q24: 수동위탁
A25: 01 토목 | B25: 1. 토 공 | C25: 4 | D25: 나). 임목파쇄 | E25: 가지, 잡목류, 354.35kW | F25: 1906 | G25: ㎥ | H25: 0 | I25: =F25*H25 | J25: 0 | K25: =F25*J25 | L25: 41000 | M25: =F25*L25 | N25: =H25+J25+L25 | O25: =I25+K25+M25 | Q25: 수동위탁
A26: 01 토목 | B26: 1. 토 공 | C26: 5 | D26: 다). 임목파쇄 | E26: 뿌리류, 354.35kW | F26: 11 | G26: ㎥ | H26: 0 | I26: =F26*H26 | J26: 0 | K26: =F26*J26 | L26: 46000 | M26: =F26*L26 | N26: =H26+J26+L26 | O26: =I26+K26+M26 | Q26: 수동위탁
A27: 01 토목 | B27: 1. 토 공 | C27: 6 | D27: 가). PE천막지 | F27: 1082 | G27: ㎡ | H27: 1200 | I27: =F27*H27 | J27: 800 | K27: =F27*J27 | L27: 350 | M27: =F27*L27 | N27: =H27+J27+L27 | O27: =I27+K27+M27 | P27: 가영현 | Q27: PE천막지
A28: 01 토목 | B28: 1. 토 공 | C28: 7 | D28: 나). 터파기(토사) | E28: TYPE-1, 백호1.0, 기계100% | F28: 67 | G28: ㎥ | H28: 447 | I28: =F28*H28 | J28: 955 | K28: =F28*J28 | L28: 336 | M28: =F28*L28 | N28: =H28+J28+L28 | O28: =I28+K28+M28 | Q28: 토사
A29: 01 토목 | B29: 1. 토 공 | C29: 8 | D29: 다). 되메우기(토사) | E29: 백호0.7, 기계100% | F29: 67 | G29: ㎥ | H29: 547 | I29: =F29*H29 | J29: 8585 | K29: =F29*J29 | L29: 492 | M29: =F29*L29 | N29: =H29+J29+L29 | O29: =I29+K29+M29 | Q29: 되메우기
A30: 01 토목 | B30: 1. 토 공 | C30: 9 | D30: 1). 법면보호공 | E30: 잔디붙임(줄떼) | F30: 1246 | G30: ㎡ | H30: 0 | I30: =F30*H30 | J30: 4699 | K30: =F30*J30 | L30: 0 | M30: =F30*L30 | N30: =H30+J30+L30 | O30: =I30+K30+M30 | Q30: 잔디붙임(줄떼)
A31: 01 토목 | B31: 1. 토 공 | C31: 10 | D31: 2). 법면보호공 | E31: 잔디붙임(평떼) | F31: 1172 | G31: ㎡ | H31: 0 | I31: =F31*H31 | J31: 5538 | K31: =F31*J31 | L31: 0 | M31: =F31*L31 | N31: =H31+J31+L31 | O31: =I31+K31+M31 | Q31: 잔디붙임(평떼)
A32: 01 토목 | B32: 1. 토 공 | C32: 11 | D32: 가).흙깍기(기계,토사) | E32: 중규모, 보통토사, 불도져 19ton | F32: 10527 | G32: ㎥ | H32: 570 | I32: =F32*H32 | J32: 843 | K32: =F32*J32 | L32: 513 | M32: =F32*L32 | N32: =H32+J32+L32 | O32: =I32+K32+M32 | Q32: 흙깎기
A33: 01 토목 | B33: 1. 토 공 | C33: 12 | D33: 나). 흙깍기(토사) | E33: 굴삭기1.0㎥ | F33: 72445 | G33: ㎥ | H33: 991 | I33: =F33*H33 | J33: 893 | K33: =F33*J33 | L33: 732 | M33: =F33*L33 | N33: =H33+J33+L33 | O33: =I33+K33+M33 | Q33: 흙깎기
A34: 01 토목 | B34: 1. 토 공 | C34: 13 | D34: 가). 흙깍기(리핑암) | E34: 불도저 32ton + 리퍼 | F34: 5167 | G34: ㎥ | H34: 991 | I34: =F34*H34 | J34: 893 | K34: =F34*J34 | L34: 732 | M34: =F34*L34 | N34: =H34+J34+L34 | O34: =I34+K34+M34 | Q34: 흙깎기
A35: 01 토목 | B35: 1. 토 공 | C35: 14 | D35: 가). 땅깍기(암석절취) | E35: 중규모진동제어발파, 연암 | F35: 921 | G35: ㎥ | H35: 3359 | I35: =F35*H35 | J35: 5469 | K35: =F35*J35 | L35: 1896 | M35: =F35*L35 | N35: =H35+J35+L35 | O35: =I35+K35+M35 | Q35: 흙깎기
A36: 01 토목 | B36: 1. 토 공 | C36: 15 | D36: 가). 땅깍기(암석절취) | E36: 일반발파, 보통암 | F36: 27 | G36: ㎥ | H36: 5916 | I36: =F36*H36 | J36: 19069 | K36: =F36*J36 | L36: 9487 | M36: =F36*L36 | N36: =H36+J36+L36 | O36: =I36+K36+M36 | Q36: 흙깎기
A37: 01 토목 | B37: 1. 토 공 | C37: 16 | D37: 가). 발파암 소할 | E37: 30CM이상 | F37: 142 | G37: ㎥ | H37: 850 | I37: =F37*H37 | J37: 957 | K37: =F37*J37 | L37: 473 | M37: =F37*L37 | N37: =H37+J37+L37 | O37: =I37+K37+M37 | Q37: 발파암 소할
A38: 01 토목 | B38: 1. 토 공 | C38: 17 | D38: 1). 터파기(토사) | E38: TYPE-1, 굴착기1.0, 기계100% | F38: 1325 | G38: ㎥ | H38: 447 | I38: =F38*H38 | J38: 955 | K38: =F38*J38 | L38: 336 | M38: =F38*L38 | N38: =H38+J38+L38 | O38: =I38+K38+M38 | Q38: 토사
A39: 01 토목 | B39: 1. 토 공 | C39: 18 | D39: 가). 흙쌓기(토사) | E39: 비다짐, 불도저 32톤 | F39: 6499 | G39: ㎥ | H39: 582 | I39: =F39*H39 | J39: 1162 | K39: =F39*J39 | L39: 501 | M39: =F39*L39 | N39: =H39+J39+L39 | O39: =I39+K39+M39 | Q39: 흙쌓기
... A43: 01 토목 | B43: 1. 토 공 | C43: 22 | D43: 가). 흙쌓기 | E43: 노체, 두께30cm, 다짐도90%이상 | F43: 1174 | G43: ㎥ | H43: 594 | I43: =F43*H43 | J43: 1602 | K43: =F43*J43 | L43: 741 | M43: =F43*L43 | N43: =H43+J43+L43 | O43: =I43+K43+M43 | Q43: 흙쌓기
A44: 01 토목 | B44: 1. 토 공 | C44: 23 | D44: 가). 토사 | F44: 5363 | G44: ㎥ | H44: 912 | I44: =F44*H44 | J44: 1951 | K44: =F44*J44 | L44: 685 | M44: =F44*L44 | N44: =H44+J44+L44 | O44: =I44+K44+M44 | P44: 가영현 | Q44: 토사
A45: 01 토목 | B45: 1. 토 공 | C45: 24 | D45: 가). 흙운반(토사) | E45: 불도저 32톤, L=15.2m | F45: 10527 | G45: ㎥ | H45: 906 | I45: =F45*H45 | J45: 1736 | K45: =F45*J45 | L45: 515 | M45: =F45*L45 | N45: =H45+J45+L45 | O45: =I45+K45+M45 | Q45: 토사
A46: 01 토목 | B46: 1. 토 공 | C46: 25 | D46: 나). 흙운반(풍화암) | E46: 불도저 32톤, L=19.7m | F46: 26 | G46: ㎥ | H46: 906 | I46: =F46*H46 | J46: 1736 | K46: =F46*J46 | L46: 515 | M46: =F46*L46 | N46: =H46+J46+L46 | O46: =I46+K46+M46 | Q46: 흙운반
A47: 01 토목 | B47: 1. 토 공 | C47: 26 | D47: 가). 흙 운반(토사)(지구내) | E47: 굴삭기1.0㎥+덤프24톤, L=0.145Km | F47: 11327 | G47: ㎥ | H47: 873 | I47: =F47*H47 | J47: 1719 | K47: =F47*J47 | L47: 653 | M47: =F47*L47 | N47: =H47+J47+L47 | O47: =I47+K47+M47 | Q47: 토사
A48: 01 토목 | B48: 1. 토 공 | C48: 27 | D48: 가). 흙 운반(토사)(구조물유용) | E48: 굴삭기1.0㎥+덤프24톤, L=0.061Km | F48: 1134 | G48: ㎥ | H48: 873 | I48: =F48*H48 | J48: 1719 | K48: =F48*J48 | L48: 653 | M48: =F48*L48 | N48: =H48+J48+L48 | O48: =I48+K48+M48 | Q48: 토사
A49: 01 토목 | B49: 1. 토 공 | C49: 28 | D49: 가). 흙 운반(토사)(진입도로) | E49: 굴삭기1.0㎥+덤프24톤, L=0.234Km | F49: 25804 | G49: ㎥ | H49: 873 | I49: =F49*H49 | J49: 1719 | K49: =F49*J49 | L49: 653 | M49: =F49*L49 | N49: =H49+J49+L49 | O49: =I49+K49+M49 | Q49: 토사
A50: 01 토목 | B50: 1. 토 공 | C50: 29 | D50: 나). 흙 운반(토사)(야적장) | E50: 굴삭기1.0㎥+덤프24톤, L=0.238Km | F50: 29499 | G50: ㎥ | H50: 873 | I50: =F50*H50 | J50: 1719 | K50: =F50*J50 | L50: 653 | M50: =F50*L50 | N50: =H50+J50+L50 | O50: =I50+K50+M50 | Q50: 토사
A51: 01 토목 | B51: 1. 토 공 | C51: 30 | D51: 다). 흙운반(풍화암)(야적장) | E51: 로우더1.72㎥+덤프24톤, L=0.212Km | F51: 5142 | G51: ㎥ | H51: 906 | I51: =F51*H51 | J51: 1736 | K51: =F51*J51 | L51: 515 | M51: =F51*L51 | N51: =H51+J51+L51 | O51: =I51+K51+M51 | Q51: 흙운반
A52: 01 토목 | B52: 1. 토 공 | C52: 31 | D52: 라). 흙운반(연암)(야적장) | E52: 굴삭기1.0㎥+덤프24톤, L=0.216Km | F52: 921 | G52: ㎥ | H52: 873 | I52: =F52*H52 | J52: 1719 | K52: =F52*J52 | L52: 653 | M52: =F52*L52 | N52: =H52+J52+L52 | O52: =I52+K52+M52 | Q52: 흙운반
A53: 01 토목 | B53: 1. 토 공 | C53: 32 | D53: 마). 흙운반(보통암)(야적장) | E53: 굴삭기1.0㎥+덤프24톤, L=0.226Km | F53: 27 | G53: ㎥ | H53: 873 | I53: =F53*H53 | J53: 1719 | K53: =F53*J53 | L53: 653 | M53: =F53*L53 | N53: =H53+J53+L53 | O53: =I53+K53+M53 | Q53: 흙운반
A54: 01 토목 | B54: 1. 토 공 | C54: 33 | D54: 가). 흙 운반(토사)(지하저류조) | E54: 굴삭기1.0㎥+덤프24톤, L=0.093Km | F54: 4653 | G54: ㎥ | H54: 873 | I54: =F54*H54 | J54: 1719 | K54: =F54*J54 | L54: 653 | M54: =F54*L54 | N54: =H54+J54+L54 | O54: =I54+K54+M54 | Q54: 토사
A55: 01 토목 | B55: 1. 토 공 | C55: 34 | D55: 1). 목재규준틀 | E55: 비탈규준틀 | F55: 10 | G55: 개 | H55: 1500 | I55: =F55*H55 | J55: 68074 | K55: =F55*J55 | M55: =F55*L55 | N55: =H55+J55+L55 | O55: =I55+K55+M55 | P55: 가영현 | Q55: 비탈규준틀
A56: 01 토목 | B56: 1. 토 공 | C56: 35 | D56: 2). 목재규준틀 | E56: 수평규준틀 | F56: 26 | G56: 개 | H56: 1500 | I56: =F56*H56 | J56: 90391 | K56: =F56*J56 | M56: =F56*L56 | N56: =H56+J56+L56 | O56: =I56+K56+M56 | P56: 가영현 | Q56: 수평규준틀
A57: 01 토목 | B57: 1. 토 공 | C57: 36 | D57: 가). 교목 병해방제 | F57: 18 | G57: 회 | I57: =F57*H57 | K57: =F57*J57 | M57: =F57*L57 | N57: =H57+J57+L57 | O57: =I57+K57+M57 | P57: 미매칭 | Q57: 교목 병해방제
A58: 01 토목 | B58: 1. 토 공 | C58: 37 | D58: 나). 교목 충해방제 | F58: 9 | G58: 회 | I58: =F58*H58 | K58: =F58*J58 | M58: =F58*L58 | N58: =H58+J58+L58 | O58: =I58+K58+M58 | P58: 미매칭 | Q58: 교목 충해방제
A59: 01 토목 | B59: 1. 토 공 | C59: 38 | D59: 다). 교목관수 | E59: 15회, 인력 | F59: 386 | G59: 주 | H59: 0 | I59: =F59*H59 | J59: 18396 | K59: =F59*J59 | L59: 0 | M59: =F59*L59 | N59: =H59+J59+L59 | O59: =I59+K59+M59 | Q59: 인력
A60: 01 토목 | B60: 1. 토 공 | C60: 39 | D60: 라). 예초 | E60: 6회, 배부식기계사용 | F60: 64 | G60: 100㎡ | H60: 22 | I60: =F60*H60 | J60: 376 | K60: =F60*J60 | L60: 0 | M60: =F60*L60 | N60: =H60+J60+L60 | O60: =I60+K60+M60 | Q60: 예초
A61: 01 토목 | B61: 1. 토 공 | C61: 40 | D61: 가). 나무(이식)(상수리나무) | E61: B=27~31cm | F61: 381 | G61: 주 | H61: 1781 | I61: =F61*H61 | J61: 67725 | K61: =F61*J61 | L61: 6053 | M61: =F61*L61 | N61: =H61+J61+L61 | O61: =I61+K61+M61 | Q61: 나무
A62: 01 토목 | B62: 1. 토 공 | C62: 41 | D62: 나). 나무(이식)(소나무) | E62: B=29cm | F62: 5 | G62: 주 | I62: =F62*H62 | J62: 18396 | K62: =F62*J62 | M62: =F62*L62 | N62: =H62+J62+L62 | O62: =I62+K62+M62 | P62: 가영현 | Q62: 나무
A63: 01 토목 | B63: 1. 토 공 | C63: 42 | D63: 다). 가로지지대 | E63: B=20cm | F63: 386 | G63: 개소 | I63: =F63*H63 | K63: =F63*J63 | M63: =F63*L63 | N63: =H63+J63+L63 | O63: =I63+K63+M63 | P63: 미매칭 | Q63: B=20cm, 가로지지대
A64: 01 토목 | B64: 1. 토 공 | C64: 43 | D64: 가). 구조물헐기(철근) | E64: 대형30CM미만 | F64: 149 | G64: ㎥ | H64: 18511 | I64: =F64*H64 | J64: 70869 | K64: =F64*J64 | L64: 33531 | M64: =F64*L64 | N64: =H64+J64+L64 | O64: =I64+K64+M64 | Q64: 철근
A65: 01 토목 | B65: 1. 토 공 | C65: 44 | D65: 나). 구조물헐기(무근) | E65: 대형30CM미만 | F65: 132 | G65: ㎥ | H65: 5125 | I65: =F65*H65 | J65: 19126 | K65: =F65*J65 | L65: 8630 | M65: =F65*L65 | N65: =H65+J65+L65 | O65: =I65+K65+M65 | Q65: 무근
A66: 01 토목 | B66: 1. 토 공 | C66: 45 | D66: 가). 폐기물상차 | E66: 굴삭기 0.7㎥ | F66: 281 | G66: ㎥ | H66: 125000 | I66: =F66*H66 | J66: 1845 | K66: =F66*J66 | L66: 3000 | M66: =F66*L66 | N66: =H66+J66+L66 | O66: =I66+K66+M66 | P66: 가영현 | Q66: 폐기물상차
A67: 01 토목 | B67: 1. 토 공 | D67: ★ 1. 토 공 소계 | I67: =SUM(I22:I66) | K67: =SUM(K22:K66) | M67: =SUM(M22:M66) | O67: =SUM(O22:O66) | Q67: 45건
A68: 01 토목 | B68: 2. 우 수 공 | C68: 1 | D68: (1). 터파기(토사) | E68: TYPE-1, 백호1.0, 기계100% | F68: 13157 | G68: ㎥ | H68: 301 | I68: =F68*H68 | J68: 4367 | K68: =F68*J68 | L68: 417 | M68: =F68*L68 | N68: =H68+J68+L68 | O68: =I68+K68+M68 | Q68: 1
A69: 01 토목 | B69: 2. 우 수 공 | C69: 2 | D69: (2). 터파기(토사) | E69: 기계70%+인력30%, 보통토사 | F69: 1448 | G69: ㎥ | H69: 0 | I69: =F69*H69 | J69: 33455 | K69: =F69*J69 | L69: 0 | M69: =F69*L69 | N69: =H69+J69+L69 | O69: =I69+K69+M69 | Q69: 토사
A70: 01 토목 | B70: 2. 우 수 공 | C70: 3 | D70: 가). 되메우기및다짐(토사) | E70: 인력100% | F70: 202 | G70: ㎥ | H70: 608 | I70: =F70*H70 | J70: 9980 | K70: =F70*J70 | L70: 440 | M70: =F70*L70 | N70: =H70+J70+L70 | O70: =I70+K70+M70 | Q70: 되메우기및다짐
A71: 01 토목 | B71: 2. 우 수 공 | C71: 4 | D71: 나). 되메우기및다짐(토사) | E71: 기계90%,인력10%,래머 80KG | F71: 6892 | G71: ㎥ | H71: 608 | I71: =F71*H71 | J71: 9980 | K71: =F71*J71 | L71: 440 | M71: =F71*L71 | N71: =H71+J71+L71 | O71: =I71+K71+M71 | Q71: 되메우기및다짐
A72: 01 토목 | B72: 2. 우 수 공 | C72: 5 | D72: 다). 되메우기및다짐(토사) | E72: 백호0.7+플레이트콤펙터1.5ton | F72: 6048 | G72: ㎥ | H72: 1652 | I72: =F72*H72 | J72: 3924 | K72: =F72*J72 | L72: 1432 | M72: =F72*L72 | N72: =H72+J72+L72 | O72: =I72+K72+M72 | Q72: 되메우기및다짐
A73: 01 토목 | B73: 2. 우 수 공 | C73: 6 | D73: 가). 잔토처리(토사) | E73: 기계 | F73: 1462 | G73: ㎥ | H73: 447 | I73: =F73*H73 | J73: 955 | K73: =F73*J73 | L73: 336 | M73: =F73*L73 | N73: =H73+J73+L73 | O73: =I73+K73+M73 | Q73: 기계
A74: 01 토목 | B74: 2. 우 수 공 | C74: 7 | D74: 가). 원심력철근콘크리트관 접합및부설(소켓식) | E74: Ø 250mm, 시공조건 B | F74: 276 | G74: m | H74: 2339 | I74: =F74*H74 | J74: 19375 | K74: =F74*J74 | L74: 2505 | M74: =F74*L74 | N74: =H74+J74+L74 | O74: =I74+K74+M74 | Q74: 소켓식
A75: 01 토목 | B75: 2. 우 수 공 | C75: 8 | D75: 나). 원심력철근콘크리트관 접합및부설(소켓식) | E75: Ø 450mm, 시공조건 B | F75: 552 | G75: m | H75: 2339 | I75: =F75*H75 | J75: 19375 | K75: =F75*J75 | L75: 2505 | M75: =F75*L75 | N75: =H75+J75+L75 | O75: =I75+K75+M75 | Q75: 소켓식
A76: 01 토목 | B76: 2. 우 수 공 | C76: 9 | D76: 다). 원심력철근콘크리트관 접합및부설(소켓식) | E76: Ø 600mm, 시공조건 B | F76: 96 | G76: m | H76: 2339 | I76: =F76*H76 | J76: 19375 | K76: =F76*J76 | L76: 2505 | M76: =F76*L76 | N76: =H76+J76+L76 | O76: =I76+K76+M76 | Q76: 소켓식
A77: 01 토목 | B77: 2. 우 수 공 | C77: 10 | D77: 라). 원심력철근콘크리트관 접합및부설(소켓식) | E77: Ø 800mm, 시공조건 B | F77: 263 | G77: m | H77: 2339 | I77: =F77*H77 | J77: 19375 | K77: =F77*J77 | L77: 2505 | M77: =F77*L77 | N77: =H77+J77+L77 | O77: =I77+K77+M77 | Q77: 소켓식
A78: 01 토목 | B78: 2. 우 수 공 | C78: 11 | D78: 마). 원심력철근콘크리트관 접합및부설(소켓식) | E78: Ø 900mm, 시공조건 B | F78: 17 | G78: m | H78: 2339 | I78: =F78*H78 | J78: 19375 | K78: =F78*J78 | L78: 2505 | M78: =F78*L78 | N78: =H78+J78+L78 | O78: =I78+K78+M78 | Q78: 소켓식
A79: 01 토목 | B79: 2. 우 수 공 | C79: 12 | D79: 바). 원심력철근콘크리트관 접합및부설(소켓식) | E79: Ø 1000mm, 시공조건 B | F79: 83 | G79: m | H79: 2339 | I79: =F79*H79 | J79: 19375 | K79: =F79*J79 | L79: 2505 | M79: =F79*L79 | N79: =H79+J79+L79 | O79: =I79+K79+M79 | Q79: 소켓식
... A94: 01 토목 | B94: 2. 우 수 공 | C94: 27 | D94: 가). 하수관내CCTV조사 | E94: 신설(1일:520m) | F94: 928 | G94: m | H94: 82 | I94: =F94*H94 | J94: 1966 | K94: =F94*J94 | L94: 303 | M94: =F94*L94 | N94: =H94+J94+L94 | O94: =I94+K94+M94 | Q94: 하수관내CCTV조사
A95: 01 토목 | B95: 2. 우 수 공 | C95: 28 | D95: 나). 관로경고용테이프 | E95: 200mmx1m | F95: 1539 | G95: m | H95: 150 | I95: =F95*H95 | J95: 450 | K95: =F95*J95 | M95: =F95*L95 | N95: =H95+J95+L95 | O95: =I95+K95+M95 | P95: 가영현 | Q95: 200mmx1m, 관로경고용테이프
A96: 01 토목 | B96: 2. 우 수 공 | C96: 29 | D96: 다). 하수관 준설 | E96: 흡입식 | F96: 26 | G96: ㎥ | H96: 70905 | I96: =F96*H96 | J96: 182223 | K96: =F96*J96 | L96: 85735 | M96: =F96*L96 | N96: =H96+J96+L96 | O96: =I96+K96+M96 | P96: 가영현 | Q96: 흡입식
A97: 01 토목 | B97: 2. 우 수 공 | C97: 30 | D97: 가). 우수 원형1호 맨홀 | E97: D900, H=2.54m, 차도 | F97: 8 | G97: 개소 | H97: 0 | I97: =F97*H97 | J97: 71377 | K97: =F97*J97 | L97: 0 | M97: =F97*L97 | N97: =H97+J97+L97 | O97: =I97+K97+M97 | Q97: D900
A98: 01 토목 | B98: 2. 우 수 공 | C98: 31 | D98: 나). 우수 원형1호 맨홀 | E98: D900, H=4.59m, 보도 | F98: 1 | G98: 개소 | H98: 0 | I98: =F98*H98 | J98: 71377 | K98: =F98*J98 | L98: 0 | M98: =F98*L98 | N98: =H98+J98+L98 | O98: =I98+K98+M98 | Q98: D900
A99: 01 토목 | B99: 2. 우 수 공 | C99: 32 | D99: 다). 우수 원형2호 맨홀 | E99: D1200, H=2.77m, 차도 | F99: 10 | G99: 개소 | H99: 0 | I99: =F99*H99 | J99: 81796 | K99: =F99*J99 | L99: 0 | M99: =F99*L99 | N99: =H99+J99+L99 | O99: =I99+K99+M99 | Q99: D1200
A100: 01 토목 | B100: 2. 우 수 공 | C100: 33 | D100: 가). 우수 각형2호 맨홀 | E100: 1200X1200, H=3.20m, 차도 | F100: 12 | G100: 개소 | H100: 380000 | I100: =F100*H100 | J100: 71377 | K100: =F100*J100 | L100: 45000 | M100: =F100*L100 | N100: =H100+J100+L100 | O100: =I100+K100+M100 | P100: 가영현 | Q100: 우수 각형2호 맨홀
A101: 01 토목 | B101: 2. 우 수 공 | C101: 34 | D101: 나). 우수 각형2호 맨홀 | E101: 1200X1200, H=4.03m, 보도 | F101: 1 | G101: 개소 | H101: 9108 | I101: =F101*H101 | J101: 169869 | K101: =F101*J101 | L101: 6522 | M101: =F101*L101 | N101: =H101+J101+L101 | O101: =I101+K101+M101 | Q101: 보도
A102: 01 토목 | B102: 2. 우 수 공 | C102: 35 | D102: 다). 우수 각형3호 맨홀 | E102: 1400X1200, H=4.22m, 차도 | F102: 2 | G102: 개소 | H102: 420000 | I102: =F102*H102 | J102: 71377 | K102: =F102*J102 | L102: 45000 | M102: =F102*L102 | N102: =H102+J102+L102 | O102: =I102+K102+M102 | P102: 가영현 | Q102: 우수 각형3호 맨홀
A103: 01 토목 | B103: 2. 우 수 공 | C103: 36 | D103: 라). 우수 각형3호 맨홀 | E103: 1400X1200, H=4.67m, 보도 | F103: 1 | G103: 개소 | H103: 9108 | I103: =F103*H103 | J103: 169869 | K103: =F103*J103 | L103: 6522 | M103: =F103*L103 | N103: =H103+J103+L103 | O103: =I103+K103+M103 | Q103: 보도
A104: 01 토목 | B104: 2. 우 수 공 | C104: 37 | D104: 마). 우수 각형4호 맨홀 | E104: 1500X1500, H=4.56m, 차도 | F104: 1 | G104: 개소 | H104: 560000 | I104: =F104*H104 | J104: 71377 | K104: =F104*J104 | L104: 45000 | M104: =F104*L104 | N104: =H104+J104+L104 | O104: =I104+K104+M104 | P104: 가영현 | Q104: 우수 각형4호 맨홀
A105: 01 토목 | B105: 2. 우 수 공 | C105: 38 | D105: 바). 암거 맨홀 | E105: 900X900, H=3.67, 차도 | F105: 1 | G105: 개소 | H105: 77683 | I105: =F105*H105 | J105: 878956 | K105: =F105*J105 | L105: 50096 | M105: =F105*L105 | N105: =H105+J105+L105 | O105: =I105+K105+M105 | P105: 가영현 | Q105: 암거 맨홀
A106: 01 토목 | B106: 2. 우 수 공 | C106: 39 | D106: 가). 무수축몰탈 | E106: 1:1, 자재비별산 | F106: 1.563 | G106: ㎥ | H106: 500 | I106: =F106*H106 | J106: 1000 | K106: =F106*J106 | M106: =F106*L106 | N106: =H106+J106+L106 | O106: =I106+K106+M106 | P106: 가영현 | Q106: 1:1
A107: 01 토목 | B107: 2. 우 수 공 | C107: 40 | D107: 나). 수팽창지수재 | E107: 20x10mm | F107: 206 | G107: m | H107: 3500 | I107: =F107*H107 | J107: 2500 | K107: =F107*J107 | M107: =F107*L107 | N107: =H107+J107+L107 | O107: =I107+K107+M107 | P107: 가영현 | Q107: 수팽창지수재
A108: 01 토목 | B108: 2. 우 수 공 | C108: 41 | D108: 가). 1호 우수받이 | E108: 0.3×0.4×0.9m, 스틸그레이팅포함 | F108: 86 | G108: 개소 | H108: 360000 | I108: =F108*H108 | J108: 75000 | K108: =F108*J108 | L108: 45000 | M108: =F108*L108 | N108: =H108+J108+L108 | O108: =I108+K108+M108 | P108: 가영현 | Q108: 0.3×0.4×0.9m, 스틸그레이팅포함, 1호 우수받이, 0.3×0.4×0.9m, 스틸그레이팅포함
A109: 01 토목 | B109: 2. 우 수 공 | C109: 42 | D109: 가). PC BOX | E109: 1@2.0X1.5, 토피 H=1.0m이하 | F109: 4 | G109: m | H109: 229 | I109: =F109*H109 | J109: 11486 | K109: =F109*J109 | L109: 0 | M109: =F109*L109 | N109: =H109+J109+L109 | O109: =I109+K109+M109 | Q109: PC BOX
A110: 01 토목 | B110: 2. 우 수 공 | C110: 43 | D110: 나). PC BOX | E110: 1@2.0X1.5, 토피 H=4.0m미만 | F110: 36 | G110: m | H110: 229 | I110: =F110*H110 | J110: 11486 | K110: =F110*J110 | L110: 0 | M110: =F110*L110 | N110: =H110+J110+L110 | O110: =I110+K110+M110 | Q110: PC BOX
A111: 01 토목 | B111: 2. 우 수 공 | C111: 44 | D111: 다). PC BOX | E111: 1@2.0X1.8, 토피 H=1.0m이하 | F111: 2 | G111: m | H111: 229 | I111: =F111*H111 | J111: 11486 | K111: =F111*J111 | L111: 0 | M111: =F111*L111 | N111: =H111+J111+L111 | O111: =I111+K111+M111 | Q111: PC BOX
A112: 01 토목 | B112: 2. 우 수 공 | C112: 45 | D112: 라). PC BOX | E112: 1@2.0X1.8, 토피 H=4.0m미만 | F112: 2 | G112: m | H112: 229 | I112: =F112*H112 | J112: 11486 | K112: =F112*J112 | L112: 0 | M112: =F112*L112 | N112: =H112+J112+L112 | O112: =I112+K112+M112 | Q112: PC BOX
A113: 01 토목 | B113: 2. 우 수 공 | C113: 46 | D113: 가). 콘크리트타설 | E113: 장비사용, 무근구조물 | F113: 11 | G113: ㎥ | H113: 5963 | I113: =F113*H113 | J113: 50648 | K113: =F113*J113 | L113: 6730 | M113: =F113*L113 | N113: =H113+J113+L113 | O113: =I113+K113+M113 | Q113: 콘크리트타설
A114: 01 토목 | B114: 2. 우 수 공 | C114: 47 | D114: 나). 거푸집 | E114: 합판6회(간단) | F114: 9 | G114: ㎡ | H114: 378 | I114: =F114*H114 | J114: 37806 | K114: =F114*J114 | L114: 0 | M114: =F114*L114 | N114: =H114+J114+L114 | O114: =I114+K114+M114 | Q114: 거푸집
A115: 01 토목 | B115: 2. 우 수 공 | C115: 48 | D115: 가). 콘크리트타설 | E115: 장비사용, 무근구조물 | F115: 1 | G115: ㎥ | H115: 5963 | I115: =F115*H115 | J115: 50648 | K115: =F115*J115 | L115: 6730 | M115: =F115*L115 | N115: =H115+J115+L115 | O115: =I115+K115+M115 | Q115: 콘크리트타설
A116: 01 토목 | B116: 2. 우 수 공 | C116: 49 | D116: 나). 거푸집 | E116: 합판6회(간단) | F116: 4 | G116: ㎡ | H116: 378 | I116: =F116*H116 | J116: 37806 | K116: =F116*J116 | L116: 0 | M116: =F116*L116 | N116: =H116+J116+L116 | O116: =I116+K116+M116 | Q116: 거푸집
A117: 01 토목 | B117: 2. 우 수 공 | C117: 50 | D117: 1). 집수정 | E117: 0.9x0.9, H=2.38m, 스틸그레이팅 | F117: 16 | G117: 개소 | H117: 13953 | I117: =F117*H117 | J117: 609212 | K117: =F117*J117 | L117: 9169 | M117: =F117*L117 | N117: =H117+J117+L117 | O117: =I117+K117+M117 | Q117: 집수정
A118: 01 토목 | B118: 2. 우 수 공 | C118: 51 | D118: 1). U형측구 | E118: 300×300, 스틸그레이팅 | F118: 116 | G118: m | H118: 7407 | I118: =F118*H118 | J118: 34565 | K118: =F118*J118 | L118: 702 | M118: =F118*L118 | N118: =H118+J118+L118 | O118: =I118+K118+M118 | Q118: U형측구
A119: 01 토목 | B119: 2. 우 수 공 | C119: 52 | D119: 2). 생태측구(U형측구) | E119: 300×300 | F119: 5 | G119: 개소 | H119: 110000 | I119: =F119*H119 | J119: 25000 | K119: =F119*J119 | L119: 45000 | M119: =F119*L119 | N119: =H119+J119+L119 | O119: =I119+K119+M119 | P119: 가영현 | Q119: U형측구
A120: 01 토목 | B120: 2. 우 수 공 | C120: 53 | D120: 1). 산마루측구 | E120: 500×500, H=450 | F120: 202 | G120: m | H120: 3545 | I120: =F120*H120 | J120: 102513 | K120: =F120*J120 | L120: 4644 | M120: =F120*L120 | N120: =H120+J120+L120 | O120: =I120+K120+M120 | Q120: 산마루측구
...

Sheet 지구단위
A1: 화성 청원지구 — 지구단위
A3: No | B3: 내역서 | C3: 공종 | D3: 매칭 | E3: 전체 | F3: 매칭률 | G3: 재료비 | H3: 노무비 | I3: 경비 | J3: 합계 | K3: 합계(억)
A4: 06 | B4: 06 개발행위 | C4: 1. 토 공 | D4: 9 | E4: 9 | F4: 1 | G4: 329303137 | H4: 633526312 | I4: 288990853 | J4: 1251820302 | K4: 12.518203
A5: 06 | B5: 06 개발행위 | C5: 2. A1 | D5: 14 | E5: 14 | F5: 1 | G5: 1322809 | H5: 36399255 | I5: 1512006 | J5: 39234070 | K5: 0.3923407
A6: 06 | B6: 06 개발행위 | C6: 3. A2 | D6: 17 | E6: 17 | F6: 1 | G6: 2352580 | H6: 88315220 | I6: 2468726 | J6: 93136526 | K6: 0.93136526
A7: 06 | B7: 06 개발행위 | C7: 4. A3 | D7: 16 | E7: 17 | F7: 0.94117647 | G7: 1709156 | H7: 77274394 | I7: 2194560 | J7: 81178110 | K7: 0.8117811
A8: 06 | B8: 06 개발행위 | C8: 5. A4 | D8: 14 | E8: 15 | F8: 0.93333333 | G8: 1677855 | H8: 59383425 | I8: 2123566 | J8: 63184846 | K8: 0.63184846
A9: 06 | B9: 06 개발행위 | C9: 6. A5 | D9: 14 | E9: 15 | F9: 0.93333333 | G9: 1149785 | H9: 45609407 | I9: 1591411 | J9: 48350603 | K9: 0.48350603
A10: 06 | B10: 06 개발행위 | C10: 7. B1 | D10: 13 | E10: 14 | F10: 0.92857143 | G10: 1161816 | H10: 62903235 | I10: 1273047 | J10: 65338098 | K10: 0.65338098
A11: 06 | B11: 06 개발행위 | C11: 8. B2 | D11: 13 | E11: 14 | F11: 0.92857143 | G11: 1365630 | H11: 58315326 | I11: 1427499 | J11: 61108455 | K11: 0.61108455
A12: 06 | B12: 06 개발행위 | C12: 9. 지원시설 | D12: 11 | E12: 12 | F12: 0.91666667 | G12: 656770 | H12: 13039376 | I12: 460290 | J12: 14156436 | K12: 0.14156436
A13: 06 | B13: 06 개발행위 | C13: 10. 주차장 | D13: 9 | E13: 10 | F13: 0.9 | G13: 476321 | H13: 4825299 | I13: 600364 | J13: 5901984 | K13: 0.05901984
A14: 06 | B14: 06 개발행위 | C14: ★ 06 개발행위 소계 | D14: 130 | E14: 137 | F14: 0.94890511 | G14: 341175859 | H14: 1079591249 | I14: 302642322 | J14: 1723409430 | K14: 17.234094
B15: 지구단위 | C15: ★ 지구단위 합계 | D15: 130 | E15: 137 | F15: 0.94890511 | G15: 341175859 | H15: 1079591249 | I15: 302642322 | J15: 1723409430 | K15: 17.234094
A17: ◆ 지구단위 — 내역 일괄
A19: 내역서 | B19: 공종 | C19: No | D19: 공종명 | E19: 규격 | F19: 수량 | G19: 단위 | H19: 재료단가 | I19: 재료금액 | J19: 노무단가 | K19: 노무금액 | L19: 경비단가 | M19: 경비금액 | N19: 합계단가 | O19: 합계금액 | P19: 상태 | Q19: 비고
A20: 06 개발행위 | B20: 1. 토 공 | C20: 1 | D20: 가).흙깍기(기계,토사) | E20: 중규모, 보통토사, 불도져 19ton | F20: 140244 | G20: ㎥ | H20: 570 | I20: =F20*H20 | J20: 843 | K20: =F20*J20 | L20: 513 | M20: =F20*L20 | N20: =H20+J20+L20 | O20: =I20+K20+M20 | Q20: 기계
A21: 06 개발행위 | B21: 1. 토 공 | C21: 2 | D21: 가). 흙깍기(리핑암) | E21: 불도저 32ton + 리퍼 | F21: 20870 | G21: ㎥ | H21: 991 | I21: =F21*H21 | J21: 893 | K21: =F21*J21 | L21: 732 | M21: =F21*L21 | N21: =H21+J21+L21 | O21: =I21+K21+M21 | Q21: 가). 흙깎기
A22: 06 개발행위 | B22: 1. 토 공 | C22: 3 | D22: 가). 땅깍기(암석절취) | E22: 중규모진동제어발파, 연암 | F22: 11485 | G22: ㎥ | H22: 3359 | I22: =F22*H22 | J22: 5469 | K22: =F22*J22 | L22: 1896 | M22: =F22*L22 | N22: =H22+J22+L22 | O22: =I22+K22+M22 | Q22: 중규모진동제어발파
A23: 06 개발행위 | B23: 1. 토 공 | C23: 4 | D23: 가). 땅깍기(암석절취) | E23: 일반발파, 보통암 | F23: 8203 | G23: ㎥ | H23: 5916 | I23: =F23*H23 | J23: 19069 | K23: =F23*J23 | L23: 9487 | M23: =F23*L23 | N23: =H23+J23+L23 | O23: =I23+K23+M23 | Q23: 가). 흙깎기
A24: 06 개발행위 | B24: 1. 토 공 | C24: 5 | D24: 가). 흙쌓기(토사) | E24: 비다짐, 불도저 32톤 | F24: 72163 | G24: ㎥ | H24: 582 | I24: =F24*H24 | J24: 1162 | K24: =F24*J24 | L24: 501 | M24: =F24*L24 | N24: =H24+J24+L24 | O24: =I24+K24+M24 | Q24: 가). 흙쌓기
A25: 06 개발행위 | B25: 1. 토 공 | C25: 6 | D25: 가). 흙 운반(토사)(야적장) | E25: 굴삭기1.0㎥+덤프24톤, L=0.238Km | F25: 60064 | G25: ㎥ | H25: 873 | I25: =F25*H25 | J25: 1719 | K25: =F25*J25 | L25: 653 | M25: =F25*L25 | N25: =H25+J25+L25 | O25: =I25+K25+M25 | Q25: 토사
A26: 06 개발행위 | B26: 1. 토 공 | C26: 7 | D26: 나). 흙운반(풍화암)(야적장) | E26: 로우더1.72㎥+덤프24톤, L=0.212Km | F26: 25508 | G26: ㎥ | H26: 906 | I26: =F26*H26 | J26: 1736 | K26: =F26*J26 | L26: 515 | M26: =F26*L26 | N26: =H26+J26+L26 | O26: =I26+K26+M26 | Q26: 나). 흙운반
A27: 06 개발행위 | B27: 1. 토 공 | C27: 8 | D27: 다). 흙운반(연암)(야적장) | E27: 굴삭기1.0㎥+덤프24톤, L=0.216Km | F27: 14675 | G27: ㎥ | H27: 906 | I27: =F27*H27 | J27: 1736 | K27: =F27*J27 | L27: 515 | M27: =F27*L27 | N27: =H27+J27+L27 | O27: =I27+K27+M27 | Q27: 다). 흙운반
A28: 06 개발행위 | B28: 1. 토 공 | C28: 9 | D28: 라). 흙운반(보통암)(야적장) | E28: 굴삭기1.0㎥+덤프24톤, L=0.226Km | F28: 11848 | G28: ㎥ | H28: 906 | I28: =F28*H28 | J28: 1736 | K28: =F28*J28 | L28: 515 | M28: =F28*L28 | N28: =H28+J28+L28 | O28: =I28+K28+M28 | Q28: 라). 흙운반
A29: 06 개발행위 | B29: 1. 토 공 | D29: ★ 1. 토 공 소계 | I29: =SUM(I20:I28) | K29: =SUM(K20:K28) | M29: =SUM(M20:M28) | O29: =SUM(O20:O28) | Q29: 9건
A30: 06 개발행위 | B30: 2. A1 | C30: 1 | D30: 1). 우수 원형1호 맨홀 | E30: D900 | F30: 1 | G30: 개소 | H30: 0 | I30: =F30*H30 | J30: 71377 | K30: =F30*J30 | L30: 0 | M30: =F30*L30 | N30: =H30+J30+L30 | O30: =I30+K30+M30 | Q30: D900
A31: 06 개발행위 | B31: 2. A1 | C31: 2 | D31: 2). 집수정 | E31: 0.6x0.6,스틸그레이팅 | F31: 7 | G31: 개소 | H31: 5775 | I31: =F31*H31 | J31: 258574 | K31: =F31*J31 | L31: 3583 | M31: =F31*L31 | N31: =H31+J31+L31 | O31: =I31+K31+M31 | Q31: 표준DB CTC30702040S (점수0.55) / 대안: 스틸레자방음문(0.51) · 깍기부집수정(흄관)(0.51)
A32: 06 개발행위 | B32: 2. A1 | C32: 3 | D32: 3). 오수받이 | F32: 1 | G32: 개소 | H32: 340000 | I32: =F32*H32 | J32: 75000 | K32: =F32*J32 | L32: 75000 | M32: =F32*L32 | N32: =H32+J32+L32 | O32: =I32+K32+M32 | P32: 가영현 | Q32: 3). 오수받이
A33: 06 개발행위 | B33: 2. A1 | C33: 4 | D33: 4). 고강성 PVC 이중벽관 접합 및 부설 | E33: D150mm, 시공조건B | F33: 15 | G33: m | H33: 230 | I33: =F33*H33 | J33: 4360 | K33: =F33*J33 | L33: 0 | M33: =F33*L33 | N33: =H33+J33+L33 | O33: =I33+K33+M33 | Q33: D150mm
A34: 06 개발행위 | B34: 2. A1 | C34: 5 | D34: 5). 고강성 PVC 이중벽관 접합 및 부설 | E34: D450mm, 시공조건B | F34: 154 | G34: m | H34: 230 | I34: =F34*H34 | J34: 4360 | K34: =F34*J34 | L34: 0 | M34: =F34*L34 | N34: =H34+J34+L34 | O34: =I34+K34+M34 | Q34: 부설
A35: 06 개발행위 | B35: 2. A1 | C35: 6 | D35: 6). 고강성PVC이중벽관 | E35: D150mm, 직관 | F35: 3 | G35: 본 | H35: 505 | I35: =F35*H35 | J35: 25263 | K35: =F35*J35 | L35: 0 | M35: =F35*L35 | N35: =H35+J35+L35 | O35: =I35+K35+M35 | Q35: 표준DB CGR10100500S (점수0.55) / 대안: 내충격PVC수도관 부설 및 접(0.55) · 내충격PVC수도관 부설 및 접(0.55)
A36: 06 개발행위 | B36: 2. A1 | C36: 7 | D36: 7). 고강성PVC이중벽관 | E36: D450mm, 직관 | F36: 26 | G36: 본 | H36: 180000 | I36: =F36*H36 | J36: 25263 | K36: =F36*J36 | M36: =F36*L36 | N36: =H36+J36+L36 | O36: =I36+K36+M36 | P36: 가영현 | Q36: 7). 고강성PVC이중벽관
A37: 06 개발행위 | B37: 2. A1 | C37: 8 | D37: 8). 원심력철근콘크리트관 접합및부설(소켓식) | E37: Ø 600mm, 시공조건 B | F37: 11 | G37: m | H37: 2339 | I37: =F37*H37 | J37: 19375 | K37: =F37*J37 | L37: 2505 | M37: =F37*L37 | N37: =H37+J37+L37 | O37: =I37+K37+M37 | Q37: 소켓식
A38: 06 개발행위 | B38: 2. A1 | C38: 9 | D38: 9). 사각수로관 | E38: Ø 300mm | F38: 15 | G38: m | H38: 32611 | I38: =F38*H38 | J38: 106288 | K38: =F38*J38 | L38: 62900 | M38: =F38*L38 | N38: =H38+J38+L38 | O38: =I38+K38+M38 | Q38: Ø 300mm
A39: 06 개발행위 | B39: 2. A1 | C39: 10 | D39: 10). CEP옹벽 | E39: 1.5m~5.0m | F39: 35 | G39: M2 | H39: 150000 | I39: =F39*H39 | J39: 150000 | K39: =F39*J39 | L39: 50000 | M39: =F39*L39 | N39: =H39+J39+L39 | O39: =I39+K39+M39 | P39: 가영현 | Q39: 1.5m~5.0m
A40: 06 개발행위 | B40: 2. A1 | C40: 11 | D40: 11). 메쉬휀스 | E40: H=1.5m | F40: 74 | G40: m | H40: 2290 | I40: =F40*H40 | J40: 40880 | K40: =F40*J40 | L40: 2681 | M40: =F40*L40 | N40: =H40+J40+L40 | O40: =I40+K40+M40 | Q40: H=1.5m
A41: 06 개발행위 | B41: 2. A1 | C41: 12 | D41: 12). 콘크리트포장 | E41: T=20Cm | F41: 2284 | G41: ㎡ | H41: 185 | I41: =F41*H41 | J41: 197 | K41: =F41*J41 | L41: 139 | M41: =F41*L41 | N41: =H41+J41+L41 | O41: =I41+K41+M41 | Q41: T=20Cm
A42: 06 개발행위 | B42: 2. A1 | C42: 13 | D42: 13). 관목 | E42: H0.3xW0.3 | F42: 6750 | G42: 주 | I42: =F42*H42 | J42: 3797 | K42: =F42*J42 | M42: =F42*L42 | N42: =H42+J42+L42 | O42: =I42+K42+M42 | P42: 가영현 | Q42: 13). 관목
A43: 06 개발행위 | B43: 2. A1 | C43: 14 | D43: 14). 법면보호공 | E43: 잔디붙임(줄떼) | F43: 83 | G43: ㎡ | H43: 0 | I43: =F43*H43 | J43: 4699 | K43: =F43*J43 | L43: 0 | M43: =F43*L43 | N43: =H43+J43+L43 | O43: =I43+K43+M43 | Q43: 잔디붙임(줄떼)
A44: 06 개발행위 | B44: 2. A1 | D44: ★ 2. A1 소계 | I44: =SUM(I30:I43) | K44: =SUM(K30:K43) | M44: =SUM(M30:M43) | O44: =SUM(O30:O43) | Q44: 14건
A45: 06 개발행위 | B45: 3. A2 | C45: 1 | D45: 1). 우수 원형1호 맨홀 | E45: D900 | F45: 1 | G45: 개소 | H45: 0 | I45: =F45*H45 | J45: 71377 | K45: =F45*J45 | L45: 0 | M45: =F45*L45 | N45: =H45+J45+L45 | O45: =I45+K45+M45 | Q45: D900
A46: 06 개발행위 | B46: 3. A2 | C46: 2 | D46: 2). 집수정 | E46: 0.6x0.6,스틸그레이팅 | F46: 7 | G46: 개소 | H46: 5775 | I46: =F46*H46 | J46: 258574 | K46: =F46*J46 | L46: 3583 | M46: =F46*L46 | N46: =H46+J46+L46 | O46: =I46+K46+M46 | Q46: 표준DB CTC30702040S (점수0.55) / 대안: 스틸레자방음문(0.51) · 깍기부집수정(흄관)(0.51)
A47: 06 개발행위 | B47: 3. A2 | C47: 3 | D47: 3). 오수받이 | F47: 1 | G47: 개소 | H47: 340000 | I47: =F47*H47 | J47: 75000 | K47: =F47*J47 | L47: 75000 | M47: =F47*L47 | N47: =H47+J47+L47 | O47: =I47+K47+M47 | P47: 가영현 | Q47: 3). 오수받이
A48: 06 개발행위 | B48: 3. A2 | C48: 4 | D48: 4). 고강성 PVC 이중벽관 접합 및 부설 | E48: D150mm, 시공조건B | F48: 22 | G48: m | H48: 230 | I48: =F48*H48 | J48: 4360 | K48: =F48*J48 | L48: 0 | M48: =F48*L48 | N48: =H48+J48+L48 | O48: =I48+K48+M48 | Q48: D150mm
A49: 06 개발행위 | B49: 3. A2 | C49: 5 | D49: 5). 고강성 PVC 이중벽관 접합 및 부설 | E49: D450mm, 시공조건B | F49: 152 | G49: m | H49: 230 | I49: =F49*H49 | J49: 4360 | K49: =F49*J49 | L49: 0 | M49: =F49*L49 | N49: =H49+J49+L49 | O49: =I49+K49+M49 | Q49: 부설
A50: 06 개발행위 | B50: 3. A2 | C50: 6 | D50: 6). 고강성PVC이중벽관 | E50: D150mm, 직관 | F50: 4 | G50: 본 | H50: 505 | I50: =F50*H50 | J50: 25263 | K50: =F50*J50 | L50: 0 | M50: =F50*L50 | N50: =H50+J50+L50 | O50: =I50+K50+M50 | Q50: 표준DB CGR10100500S (점수0.55) / 대안: 내충격PVC수도관 부설 및 접(0.55) · 내충격PVC수도관 부설 및 접(0.55)
A51: 06 개발행위 | B51: 3. A2 | C51: 7 | D51: 7). 고강성PVC이중벽관 | E51: D450mm, 직관 | F51: 26 | G51: 본 | H51: 505 | I51: =F51*H51 | J51: 25263 | K51: =F51*J51 | M51: =F51*L51 | N51: =H51+J51+L51 | O51: =I51+K51+M51 | P51: 가영현 | Q51: 7). 고강성PVC이중벽관
A52: 06 개발행위 | B52: 3. A2 | C52: 8 | D52: 8). 원심력철근콘크리트관 접합및부설(소켓식) | E52: Ø 600mm, 시공조건 B | F52: 10 | G52: m | H52: 2339 | I52: =F52*H52 | J52: 19375 | K52: =F52*J52 | L52: 2505 | M52: =F52*L52 | N52: =H52+J52+L52 | O52: =I52+K52+M52 | Q52: 소켓식
A53: 06 개발행위 | B53: 3. A2 | C53: 9 | D53: 9). 사각수로관 | E53: Ø 300mm | F53: 15 | G53: m | H53: 32611 | I53: =F53*H53 | J53: 106288 | K53: =F53*J53 | L53: 62900 | M53: =F53*L53 | N53: =H53+J53+L53 | O53: =I53+K53+M53 | Q53: Ø 300mm
A54: 06 개발행위 | B54: 3. A2 | C54: 10 | D54: 10). CEP옹벽 | E54: 1.5m~5.0m | F54: 117 | G54: M2 | H54: 150000 | I54: =F54*H54 | J54: 150000 | K54: =F54*J54 | L54: 50000 | M54: =F54*L54 | N54: =H54+J54+L54 | O54: =I54+K54+M54 | P54: 가영현 | Q54: 1.5m~5.0m
A55: 06 개발행위 | B55: 3. A2 | C55: 11 | D55: 11). CEP옹벽 | E55: 5.0m | F55: 420 | G55: M2 | H55: 0 | I55: =F55*H55 | J55: 6858 | K55: =F55*J55 | L55: 0 | M55: =F55*L55 | N55: =H55+J55+L55 | O55: =I55+K55+M55 | Q55: 5.0m
A56: 06 개발행위 | B56: 3. A2 | C56: 12 | D56: 12). 보강토옹벽 | E56: H=2.2~3.0m | F56: 40 | G56: ㎡ | H56: 45000 | I56: =F56*H56 | J56: 50000 | K56: =F56*J56 | L56: 75000 | M56: =F56*L56 | N56: =H56+J56+L56 | O56: =I56+K56+M56 | P56: 가영현 | Q56: 12). 보강토옹벽
A57: 06 개발행위 | B57: 3. A2 | C57: 13 | D57: 13). 보강토옹벽 | E57: H=3.0~5.0m | F57: 182 | G57: ㎡ | H57: 45000 | I57: =F57*H57 | J57: 50000 | K57: =F57*J57 | L57: 75000 | M57: =F57*L57 | N57: =H57+J57+L57 | O57: =I57+K57+M57 | P57: 가영현 | Q57: 13). 보강토옹벽
A58: 06 개발행위 | B58: 3. A2 | C58: 14 | D58: 14). 메쉬휀스 | E58: H=1.5m | F58: 170 | G58: m | H58: 2290 | I58: =F58*H58 | J58: 40880 | K58: =F58*J58 | L58: 2681 | M58: =F58*L58 | N58: =H58+J58+L58 | O58: =I58+K58+M58 | Q58: H=1.5m
A59: 06 개발행위 | B59: 3. A2 | C59: 15 | D59: 12). 콘크리트포장 | E59: T=20Cm | F59: 2823 | G59: ㎡ | H59: 185 | I59: =F59*H59 | J59: 197 | K59: =F59*J59 | L59: 139 | M59: =F59*L59 | N59: =H59+J59+L59 | O59: =I59+K59+M59 | Q59: T=20Cm
A60: 06 개발행위 | B60: 3. A2 | C60: 16 | D60: 13). 관목 | E60: H0.3xW0.3 | F60: 12357 | G60: 주 | I60: =F60*H60 | J60: 3797 | K60: =F60*J60 | M60: =F60*L60 | N60: =H60+J60+L60 | O60: =I60+K60+M60 | P60: 가영현 | Q60: 13). 관목
A61: 06 개발행위 | B61: 3. A2 | C61: 17 | D61: 14). 법면보호공 | E61: 잔디붙임(줄떼) | F61: 1250 | G61: ㎡ | H61: 0 | I61: =F61*H61 | J61: 4699 | K61: =F61*J61 | L61: 0 | M61: =F61*L61 | N61: =H61+J61+L61 | O61: =I61+K61+M61 | Q61: 잔디붙임(줄떼)
A62: 06 개발행위 | B62: 3. A2 | D62: ★ 3. A2 소계 | I62: =SUM(I45:I61) | K62: =SUM(K45:K61) | M62: =SUM(M45:M61) | O62: =SUM(O45:O61) | Q62: 17건
A63: 06 개발행위 | B63: 4. A3 | C63: 1 | D63: 1). 우수 원형1호 맨홀 | E63: D900 | F63: 1 | G63: 개소 | H63: 0 | I63: =F63*H63 | J63: 71377 | K63: =F63*J63 | L63: 0 | M63: =F63*L63 | N63: =H63+J63+L63 | O63: =I63+K63+M63 | Q63: D900
A64: 06 개발행위 | B64: 4. A3 | C64: 2 | D64: 2). 집수정 | E64: 0.6x0.6,스틸그레이팅 | F64: 3 | G64: 개소 | H64: 5775 | I64: =F64*H64 | J64: 258574 | K64: =F64*J64 | L64: 3583 | M64: =F64*L64 | N64: =H64+J64+L64 | O64: =I64+K64+M64 | Q64: 표준DB CTC30702040S (점수0.55) / 대안: 스틸레자방음문(0.51) · 깍기부집수정(흄관)(0.51)
A65: 06 개발행위 | B65: 4. A3 | C65: 3 | D65: 3). 오수받이 | F65: 1 | G65: 개소 | H65: 340000 | I65: =F65*H65 | J65: 75000 | K65: =F65*J65 | L65: 75000 | M65: =F65*L65 | N65: =H65+J65+L65 | O65: =I65+K65+M65 | P65: 가영현 | Q65: 3). 오수받이
A66: 06 개발행위 | B66: 4. A3 | C66: 4 | D66: 4). 고강성 PVC 이중벽관 접합 및 부설 | E66: D150mm, 시공조건B | F66: 36 | G66: m | H66: 230 | I66: =F66*H66 | J66: 4360 | K66: =F66*J66 | L66: 0 | M66: =F66*L66 | N66: =H66+J66+L66 | O66: =I66+K66+M66 | Q66: D150mm
A67: 06 개발행위 | B67: 4. A3 | C67: 5 | D67: 5). 고강성 PVC 이중벽관 접합 및 부설 | E67: D450mm, 시공조건B | F67: 70 | G67: m | H67: 230 | I67: =F67*H67 | J67: 4360 | K67: =F67*J67 | L67: 0 | M67: =F67*L67 | N67: =H67+J67+L67 | O67: =I67+K67+M67 | Q67: 부설
A68: 06 개발행위 | B68: 4. A3 | C68: 6 | D68: 6). 고강성PVC이중벽관 | E68: D150mm, 직관 | F68: 6 | G68: 본 | H68: 505 | I68: =F68*H68 | J68: 25263 | K68: =F68*J68 | L68: 0 | M68: =F68*L68 | N68: =H68+J68+L68 | O68: =I68+K68+M68 | Q68: 표준DB CGR10100500S (점수0.55) / 대안: 내충격PVC수도관 부설 및 접(0.55) · 내충격PVC수도관 부설 및 접(0.55)
A69: 06 개발행위 | B69: 4. A3 | C69: 7 | D69: 7). 고강성PVC이중벽관 | E69: D450mm, 직관 | F69: 12 | G69: 본 | H69: 180000 | I69: =F69*H69 | J69: 25263 | K69: =F69*J69 | M69: =F69*L69 | N69: =H69+J69+L69 | O69: =I69+K69+M69 | P69: 가영현 | Q69: 7). 고강성PVC이중벽관
A70: 06 개발행위 | B70: 4. A3 | C70: 8 | D70: 8). 원심력철근콘크리트관 접합및부설(소켓식) | E70: Ø 600mm, 시공조건 B | F70: 12 | G70: m | H70: 2339 | I70: =F70*H70 | J70: 19375 | K70: =F70*J70 | L70: 2505 | M70: =F70*L70 | N70: =H70+J70+L70 | O70: =I70+K70+M70 | Q70: 소켓식
A71: 06 개발행위 | B71: 4. A3 | C71: 9 | D71: 9). 사각수로관 | E71: Ø 300mm | F71: 8 | G71: m | H71: 32611 | I71: =F71*H71 | J71: 106288 | K71: =F71*J71 | L71: 62900 | M71: =F71*L71 | N71: =H71+J71+L71 | O71: =I71+K71+M71 | Q71: Ø 300mm
A72: 06 개발행위 | B72: 4. A3 | C72: 10 | D72: 10). 보강토옹벽 | E72: H=2.2~3.4m | F72: 120 | G72: ㎡ | H72: 45000 | I72: =F72*H72 | J72: 50000 | K72: =F72*J72 | L72: 75000 | M72: =F72*L72 | N72: =H72+J72+L72 | O72: =I72+K72+M72 | P72: 가영현 | Q72: 10). 보강토옹벽
A73: 06 개발행위 | B73: 4. A3 | C73: 11 | D73: 11). 보강토옹벽 | E73: H=1.0~2.5m | F73: 38 | G73: ㎡ | H73: 1915 | I73: =F73*H73 | J73: 63817 | K73: =F73*J73 | L73: 2824 | M73: =F73*L73 | N73: =H73+J73+L73 | O73: =I73+K73+M73 | Q73: 11). 보강토옹벽
A74: 06 개발행위 | B74: 4. A3 | C74: 12 | D74: 12). 보강토옹벽 | E74: H=3.42~5.0m | F74: 175 | G74: ㎡ | H74: 45000 | I74: =F74*H74 | J74: 50000 | K74: =F74*J74 | L74: 75000 | M74: =F74*L74 | N74: =H74+J74+L74 | O74: =I74+K74+M74 | P74: 가영현 | Q74: 12). 보강토옹벽
A75: 06 개발행위 | B75: 4. A3 | C75: 13 | D75: 13). 메쉬휀스 | E75: H=1.5m | F75: 167 | G75: m | H75: 2290 | I75: =F75*H75 | J75: 40880 | K75: =F75*J75 | L75: 2681 | M75: =F75*L75 | N75: =H75+J75+L75 | O75: =I75+K75+M75 | Q75: H=1.5m
A76: 06 개발행위 | B76: 4. A3 | C76: 14 | D76: 14). 철제가드레일 | E76: W3000*H910 | F76: 24 | G76: 경간 | H76: 140000 | I76: =F76*H76 | J76: 120000 | K76: =F76*J76 | L76: 80000 | M76: =F76*L76 | N76: =H76+J76+L76 | O76: =I76+K76+M76 | P76: 가영현 | Q76: W3000*H910, ..14). 철제가드레일
A77: 06 개발행위 | B77: 4. A3 | C77: 15 | D77: 15). 콘크리트포장 | E77: T=20Cm | F77: 1888 | G77: ㎡ | H77: 185 | I77: =F77*H77 | J77: 197 | K77: =F77*J77 | L77: 139 | M77: =F77*L77 | N77: =H77+J77+L77 | O77: =I77+K77+M77 | Q77: T=20Cm
A78: 06 개발행위 | B78: 4. A3 | C78: 16 | D78: 13). 관목 | E78: H0.3xW0.3 | F78: 10791 | G78: 주 | I78: =F78*H78 | J78: 3797 | K78: =F78*J78 | M78: =F78*L78 | N78: =H78+J78+L78 | O78: =I78+K78+M78 | P78: 가영현 | Q78: 13). 관목
A79: 06 개발행위 | B79: 4. A3 | C79: 17 | D79: 14). 법면보호공 | E79: 잔디붙임(줄떼) | F79: 1060 | G79: ㎡ | H79: 0 | I79: =F79*H79 | J79: 4699 | K79: =F79*J79 | L79: 0 | M79: =F79*L79 | N79: =H79+J79+L79 | O79: =I79+K79+M79 | Q79: 잔디붙임(줄떼)
A80: 06 개발행위 | B80: 4. A3 | D80: ★ 4. A3 소계 | I80: =SUM(I63:I79) | K80: =SUM(K63:K79) | M80: =SUM(M63:M79) | O80: =SUM(O63:O79) | Q80: 17건
A81: 06 개발행위 | B81: 5. A4 | C81: 1 | D81: 1). 우수 원형1호 맨홀 | E81: D900 | F81: 1 | G81: 개소 | H81: 0 | I81: =F81*H81 | J81: 71377 | K81: =F81*J81 | L81: 0 | M81: =F81*L81 | N81: =H81+J81+L81 | O81: =I81+K81+M81 | Q81: D900
A82: 06 개발행위 | B82: 5. A4 | C82: 2 | D82: 2). 집수정 | E82: 0.6x0.6,스틸그레이팅 | F82: 4 | G82: 개소 | H82: 5775 | I82: =F82*H82 | J82: 258574 | K82: =F82*J82 | L82: 3583 | M82: =F82*L82 | N82: =H82+J82+L82 | O82: =I82+K82+M82 | Q82: 표준DB CTC30702040S (점수0.55) / 대안: 스틸레자방음문(0.51) · 깍기부집수정(흄관)(0.51)
A83: 06 개발행위 | B83: 5. A4 | C83: 3 | D83: 3). 오수받이 | F83: 1 | G83: 개소 | H83: 340000 | I83: =F83*H83 | J83: 75000 | K83: =F83*J83 | L83: 75000 | M83: =F83*L83 | N83: =H83+J83+L83 | O83: =I83+K83+M83 | P83: 가영현 | Q83: 3). 오수받이
A84: 06 개발행위 | B84: 5. A4 | C84: 4 | D84: 4). 고강성 PVC 이중벽관 접합 및 부설 | E84: D150mm, 시공조건B | F84: 20 | G84: m | H84: 230 | I84: =F84*H84 | J84: 4360 | K84: =F84*J84 | L84: 0 | M84: =F84*L84 | N84: =H84+J84+L84 | O84: =I84+K84+M84 | Q84: D150mm
A85: 06 개발행위 | B85: 5. A4 | C85: 5 | D85: 5). 고강성 PVC 이중벽관 접합 및 부설 | E85: D450mm, 시공조건B | F85: 85 | G85: m | H85: 230 | I85: =F85*H85 | J85: 4360 | K85: =F85*J85 | L85: 0 | M85: =F85*L85 | N85: =H85+J85+L85 | O85: =I85+K85+M85 | Q85: 부설
A86: 06 개발행위 | B86: 5. A4 | C86: 6 | D86: 6). 고강성PVC이중벽관 | E86: D150mm, 직관 | F86: 4 | G86: 본 | H86: 505 | I86: =F86*H86 | J86: 25263 | K86: =F86*J86 | L86: 0 | M86: =F86*L86 | N86: =H86+J86+L86 | O86: =I86+K86+M86 | Q86: 표준DB CGR10100500S (점수0.55) / 대안: 내충격PVC수도관 부설 및 접(0.55) · 내충격PVC수도관 부설 및 접(0.55)
A87: 06 개발행위 | B87: 5. A4 | C87: 7 | D87: 7). 고강성PVC이중벽관 | E87: D450mm, 직관 | F87: 15 | G87: 본 | H87: 180000 | I87: =F87*H87 | J87: 25263 | K87: =F87*J87 | M87: =F87*L87 | N87: =H87+J87+L87 | O87: =I87+K87+M87 | P87: 가영현 | Q87: 7). 고강성PVC이중벽관
A88: 06 개발행위 | B88: 5. A4 | C88: 8 | D88: 8). 원심력철근콘크리트관 접합및부설(소켓식) | E88: Ø 600mm, 시공조건 B | F88: 13 | G88: m | H88: 2339 | I88: =F88*H88 | J88: 19375 | K88: =F88*J88 | L88: 2505 | M88: =F88*L88 | N88: =H88+J88+L88 | O88: =I88+K88+M88 | Q88: 소켓식
A89: 06 개발행위 | B89: 5. A4 | C89: 9 | D89: 9). 사각수로관 | E89: Ø 300mm | F89: 8 | G89: m | H89: 32611 | I89: =F89*H89 | J89: 106288 | K89: =F89*J89 | L89: 62900 | M89: =F89*L89 | N89: =H89+J89+L89 | O89: =I89+K89+M89 | Q89: Ø 300mm
A90: 06 개발행위 | B90: 5. A4 | C90: 10 | D90: 10). 보강토옹벽 | E90: H=3.5~5.0m | F90: 276 | G90: ㎡ | H90: 45000 | I90: =F90*H90 | J90: 50000 | K90: =F90*J90 | L90: 75000 | M90: =F90*L90 | N90: =H90+J90+L90 | O90: =I90+K90+M90 | P90: 가영현 | Q90: 10). 보강토옹벽
A91: 06 개발행위 | B91: 5. A4 | C91: 11 | D91: 11). 메쉬휀스 | E91: H=1.5m | F91: 200 | G91: m | H91: 2290 | I91: =F91*H91 | J91: 40880 | K91: =F91*J91 | L91: 2681 | M91: =F91*L91 | N91: =H91+J91+L91 | O91: =I91+K91+M91 | Q91: H=1.5m
A92: 06 개발행위 | B92: 5. A4 | C92: 12 | D92: 12). 철제가드레일 | E92: W3000*H910 | F92: 17 | G92: 경간 | H92: 140000 | I92: =F92*H92 | J92: 120000 | K92: =F92*J92 | L92: 80000 | M92: =F92*L92 | N92: =H92+J92+L92 | O92: =I92+K92+M92 | P92: 가영현 | Q92: W3000*H910, ..12). 철제가드레일
A93: 06 개발행위 | B93: 5. A4 | C93: 13 | D93: 13). 콘크리트포장 | E93: T=20Cm | F93: 1855 | G93: ㎡ | H93: 185 | I93: =F93*H93 | J93: 197 | K93: =F93*J93 | L93: 139 | M93: =F93*L93 | N93: =H93+J93+L93 | O93: =I93+K93+M93 | Q93: T=20Cm
A94: 06 개발행위 | B94: 5. A4 | C94: 14 | D94: 14). 관목 | E94: H0.3xW0.3 | F94: 7038 | G94: 주 | I94: =F94*H94 | J94: 3797 | K94: =F94*J94 | M94: =F94*L94 | N94: =H94+J94+L94 | O94: =I94+K94+M94 | P94: 가영현 | Q94: 14). 관목
A95: 06 개발행위 | B95: 5. A4 | C95: 15 | D95: 15). 법면보호공 | E95: 잔디붙임(줄떼) | F95: 710 | G95: ㎡ | H95: 0 | I95: =F95*H95 | J95: 4699 | K95: =F95*J95 | L95: 0 | M95: =F95*L95 | N95: =H95+J95+L95 | O95: =I95+K95+M95 | Q95: 잔디붙임(줄떼)
A96: 06 개발행위 | B96: 5. A4 | D96: ★ 5. A4 소계 | I96: =SUM(I81:I95) | K96: =SUM(K81:K95) | M96: =SUM(M81:M95) | O96: =SUM(O81:O95) | Q96: 15건
A97: 06 개발행위 | B97: 6. A5 | C97: 1 | D97: 1). 우수 원형1호 맨홀 | E97: D900 | F97: 1 | G97: 개소 | H97: 0 | I97: =F97*H97 | J97: 71377 | K97: =F97*J97 | L97: 0 | M97: =F97*L97 | N97: =H97+J97+L97 | O97: =I97+K97+M97 | Q97: D900
A98: 06 개발행위 | B98: 6. A5 | C98: 2 | D98: 2). 집수정 | E98: 0.6x0.6,스틸그레이팅 | F98: 3 | G98: 개소 | H98: 5775 | I98: =F98*H98 | J98: 258574 | K98: =F98*J98 | L98: 3583 | M98: =F98*L98 | N98: =H98+J98+L98 | O98: =I98+K98+M98 | Q98: 표준DB CTC30702040S (점수0.55) / 대안: 스틸레자방음문(0.51) · 깍기부집수정(흄관)(0.51)
A99: 06 개발행위 | B99: 6. A5 | C99: 3 | D99: 3). 오수받이 | F99: 1 | G99: 개소 | I99: =F99*H99 | J99: 23273 | K99: =F99*J99 | M99: =F99*L99 | N99: =H99+J99+L99 | O99: =I99+K99+M99 | P99: 가영현 | Q99: 3). 오수받이
A100: 06 개발행위 | B100: 6. A5 | C100: 4 | D100: 4). 고강성 PVC 이중벽관 접합 및 부설 | E100: D150mm, 시공조건B | F100: 15 | G100: m | H100: 230 | I100: =F100*H100 | J100: 4360 | K100: =F100*J100 | L100: 0 | M100: =F100*L100 | N100: =H100+J100+L100 | O100: =I100+K100+M100 | Q100: D150mm
A101: 06 개발행위 | B101: 6. A5 | C101: 5 | D101: 5). 고강성 PVC 이중벽관 접합 및 부설 | E101: D450mm, 시공조건B | F101: 72 | G101: m | H101: 230 | I101: =F101*H101 | J101: 4360 | K101: =F101*J101 | L101: 0 | M101: =F101*L101 | N101: =H101+J101+L101 | O101: =I101+K101+M101 | Q101: 부설
A102: 06 개발행위 | B102: 6. A5 | C102: 6 | D102: 6). 고강성PVC이중벽관 | E102: D150mm, 직관 | F102: 3 | G102: 본 | H102: 505 | I102: =F102*H102 | J102: 25263 | K102: =F102*J102 | L102: 0 | M102: =F102*L102 | N102: =H102+J102+L102 | O102: =I102+K102+M102 | Q102: 표준DB CGR10100500S (점수0.55) / 대안: 내충격PVC수도관 부설 및 접(0.55) · 내충격PVC수도관 부설 및 접(0.55)
A103: 06 개발행위 | B103: 6. A5 | C103: 7 | D103: 7). 고강성PVC이중벽관 | E103: D450mm, 직관 | F103: 12 | G103: 본 | H103: 200000 | I103: =F103*H103 | J103: 25263 | K103: =F103*J103 | M103: =F103*L103 | N103: =H103+J103+L103 | O103: =I103+K103+M103 | P103: 가영현 | Q103: 7). 고강성PVC이중벽관
...

Sheet 폐기물
A1: 화성 청원지구 — 폐기물
A3: No | B3: 내역서 | C3: 공종 | D3: 매칭 | E3: 전체 | F3: 매칭률 | G3: 재료비 | H3: 노무비 | I3: 경비 | J3: 합계 | K3: 합계(억)
A4: 07 | B4: 07 건설폐기물 | C4: 1). 폐기물운반 | G4: 0 | H4: 0 | I4: 10873450 | J4: 10873450 | K4: 0.1087345
A5: 07 | B5: 07 건설폐기물 | C5: 1). 폐콘크리트 처리비 | G5: 0 | H5: 0 | I5: 20584862 | J5: 20584862 | K5: 0.20584862
A6: 07 | B6: 07 건설폐기물 | C6: ★ 07 건설폐기물 소계 | D6: 0 | E6: 0 | F6: 0 | G6: 0 | H6: 0 | I6: 31458312 | J6: 31458312 | K6: 0.31458312
B7: 폐기물 | C7: ★ 폐기물 합계 | D7: 0 | E7: 0 | F7: 0 | G7: 0 | H7: 0 | I7: 31458312 | J7: 31458312 | K7: 0.31458312
A9: ◆ 폐기물 — 내역 일괄
A11: 내역서 | B11: 공종 | C11: No | D11: 공종명 | E11: 규격 | F11: 수량 | G11: 단위 | H11: 재료단가 | I11: 재료금액 | J11: 노무단가 | K11: 노무금액 | L11: 경비단가 | M11: 경비금액 | N11: 합계단가 | O11: 합계금액 | P11: 상태 | Q11: 비고
A12: 07 건설폐기물 | B12: 건설폐기물처리 | C12: 1 | D12: 1). 폐기물운반 | E12: 24톤, 30Km 이내 | F12: 661 | G12: Ton | H12: 0 | I12: =F12*H12 | J12: 0 | K12: =F12*J12 | L12: 16450 | M12: =F12*L12 | N12: =H12+J12+L12 | O12: =I12+K12+M12 | Q12: 26. 협회단가
A13: 07 건설폐기물 | B13: 건설폐기물처리 | C13: 2 | D13: 1). 폐콘크리트 처리비 | F13: 661 | G13: Ton | H13: 0 | I13: =F13*H13 | J13: 0 | K13: =F13*J13 | L13: 31142 | M13: =F13*L13 | N13: =H13+J13+L13 | O13: =I13+K13+M13 | Q13: 26. 협회단가
A14: 07 건설폐기물 | B14: 건설폐기물처리 | D14: ★ 건설폐기물처리 소계 | I14: =SUM(I12:I13) | K14: =SUM(K12:K13) | M14: =SUM(M12:M13) | O14: =SUM(O12:O13) | Q14: 2건
D15: ★ 폐기물 내역 합계 | I15: =SUMIF(C12:C14,"<>",I12:I14) | K15: =SUMIF(C12:C14,"<>",K12:K14) | M15: =SUMIF(C12:C14,"<>",M12:M14) | O15: =SUMIF(C12:C14,"<>",O12:O14) | Q15: No<>인 행 합산
