Workbook

Sheet 표지
B4: 견 적 서
B11: 공사명 : 화성 청원지구 산업유통형 지구단위계획
B15: 2026년 06월 30일
B24: 삼아건설주식회사

Sheet 견적서
A1: 견 적 서
A3: 2026년 06월 30일 | G3: 삼아건설주식회사
A4: 진명개발 귀하 | G4: 인천광역시 연수구 센트럴로 313, 씨동 2123호 (송도동, 송도씨워크인테라스한라)
A5: 공사명 : 화성 청원지구 산업유통형 지구단위계획 | G5: TEL : 032 - 818 - 2581
A6: 공사금액 : 일금 일백이십삼억칠천팔백이십이만일천일백육십팔원정 (₩12,378,221,168) | G6: FAX : 032 - 822 - 0887
A7: 상기 공사 견적서를 아래와 같이 제출합니다. | G7: 대표자 가 영 현 (인)
A9: 공 종 | B9: 규 격 | C9: 수량 | D9: 단위 | E9: 재 료 비 | G9: 노 무 비 | I9: 경 비 | K9: 합 계 | M9: 비고
E10: 단가 | F10: 금액 | G10: 단가 | H10: 금액 | I10: 단가 | J10: 금액 | K10: 단가 | L10: 금액
A11: Ⅰ. 직접공사비 계 | F11: =원가계산서!D3 -> 3511003009 | H11: =원가계산서!D4 -> 1849055312 | J11: =원가계산서!D5 -> 4525588656 | L11: =원가계산서!D6 -> 9885646977
A12: Ⅱ. 간접공사비 계 | C12: 1 | D12: 식 | F12: =0 -> 0 | H12: =0 -> 0 | J12: =원가계산서!D23-원가계산서!D6 -> 2.4925742e+09 | L12: =원가계산서!D23-원가계산서!D6 -> 2.4925742e+09
A13: 합 계 | F13: =원가계산서!D3 -> 3511003009 | H13: =원가계산서!D4 -> 1849055312 | J13: =J11+J12 -> 7.0181628e+09 | L13: =원가계산서!D23 -> 1.2378221e+10
A14: 부 가 가 치 세 | C14: 1 | D14: 식 | F14: =0 -> 0 | H14: =0 -> 0 | J14: =원가계산서!D24 -> 1.2378221e+09 | L14: =원가계산서!D24 -> 1.2378221e+09
A15: 공 사 비 계 | F15: =원가계산서!D3 -> 3511003009 | H15: =원가계산서!D4 -> 1849055312 | J15: =J13+J14 -> 8.255985e+09 | L15: =원가계산서!D25 -> 1.3616043e+10

Sheet 원가계산서
A1: 구분 | B1: 항목 | C1: 산식 | D1: 금액 | E1: 비고
A3: 직접공사비 | B3: 재료비 | C3: Σ 섹션 재료비 | D3: =내역서!F828+내역서!F1082+내역서!F1307+내역서!F1468+내역서!F1474 -> 3511003009
B4: 직접노무비 | C4: Σ 섹션 노무비 | D4: =내역서!H828+내역서!H1082+내역서!H1307+내역서!H1468+내역서!H1474 -> 1849055312
B5: 직접경비 | C5: Σ 섹션 경비 | D5: =내역서!J828+내역서!J1082+내역서!J1307+내역서!J1468+내역서!J1474 -> 4525588656
B6: 【 직접공사비 계 】 | C6: 재+직노+직경 | D6: =D3+D4+D5 -> 9885646977
A7: 간접비 | B7: 간접노무비 | C7: 직접노무비×19.7% | D7: =D4*0.197 -> 3.642639e+08 | E7: 조달청 원가계산 제비율(토목 50~300억·13~36개월)
B8: 산재보험료 | C8: 노무비계×3.56% | D8: =(D4+D7)*0.0356 -> 78794164 | E8: 2026년 산재보험료율 고시(건설업 3.5%)+임금채권보장부담금 0.06%
B9: 고용보험료 | C9: 노무비계×1.15% | D9: =(D4+D7)*0.0115 -> 25453171 | E9: 고용보험료율 사업주 부담(실업급여 0.9%+고용안정·직업능력개발 0.25%)
B10: 국민건강보험료 | C10: 직접노무비×3.595% | D10: =D4*0.03595 -> 66473538 | E10: 2026년 법정요율(건강보험 7.19%의 1/2)
B11: 국민연금보험료 | C11: 직접노무비×4.75% | D11: =D4*0.0475 -> 87830127 | E11: 2026년 법정요율(국민연금 9.5%의 1/2)
B12: 노인장기요양보험료 | C12: 건강보험료×13.14% | D12: =D10*0.1314 -> 8734623 | E12: 2026년 법정요율(건강보험료의 13.14%)
B13: 산업안전보건관리비 | C13: (재+직노)×2.60% | D13: =(D3+D4)*0.026 -> 1.3936152e+08 | E13: 건설업 산업안전보건관리비 계상기준 고시(고용노동부 제2025-11호, 토목 50억 이상)
B14: 기타경비(공과잡비) | C14: (재+노무비계)×6.2% | D14: =(D3+D4+D7)*0.062 -> 3.5490798e+08 | E14: 조달청 원가계산 제비율(세금과공과 등)
B15: 건설기계대여대금지급보증 | C15: 직접공사비×0.40% | D15: =D6*0.004 -> 39542588 | E15: 건설기계 대여대금 지급보증 수수료
B16: 환경보전비 | C16: 직접공사비×0.60% | D16: =D6*0.006 -> 59313882 | E16: 건설기술 진흥법 환경관리비 기준
B17: 【 산출경비 계 】 | C17: 간접경비 합 | D17: =D8+D9+D10+D11+D12+D13+D14+D15+D16 -> 8.6041159e+08
A18: 원가 | B18: 【 경비계(직접+산출) 】 | C18: 직접경비+산출경비 | D18: =D5+D17 -> 5.3860002e+09
B19: 【 순공사원가 】 | C19: 재+노무비계+경비계 | D19: =D3+D4+D7+D18 -> 1.1110322e+10
A20: 간접비 | B20: 일반관리비 | C20: 순공사원가×5.5% | D20: =D19*0.055 -> 6.1106774e+08
B21: 이윤 | C21: (노무비계+경비계+일반관리비)×8% | D21: =(D4+D7+D18+D20)*0.08 -> 6.5683097e+08
B22: 이행(준공)보증보험료 | C22: 미적용 | D22: 0
A23: 합계 | B23: 【 공급가액 】 | C23: 순공사원가+일반관리비+이윤 | D23: =D19+D20+D21+D22 -> 1.2378221e+10
B24: 부가가치세 | C24: 공급가액×10% | D24: =D23*0.1 -> 1.2378221e+09
B25: ★ 도급액(공사비 계) | C25: 공급가액+부가세 | D25: =D23+D24 -> 1.3616043e+10
B27: ※ 직접공사비=첨부 내역서, 간접노무비·기타경비·일반관리비·이윤 등 제비율 및 사회보험료·산업안전보건관리비·건설기계대여대금지급보증·환경보전비는 관계 법령·기준요율 적용.

Sheet 내역서
A1: 공종명 / 품명· | B1: 규격 | C1: 수량 | D1: 단위 | E1: 재료비 | G1: 노무비 | I1: 경비 | K1: 합계 | M1: 비고
E2: 단가 | F2: 금액 | G2: 단가 | H2: 금액 | I2: 단가 | J2: 금액 | K2: 단가 | L2: 금액
A3: 【 01. 토목·조경 】
A4: 1. 토 공 | F4: =SUM(F7:F82) -> 119051717 | H4: =SUM(H7:H82) -> 149906705 | J4: =SUM(J7:J82) -> 454175418 | L4: =F4+H4+J4 -> 723133840
A5: 가. 벌목 및 벌개제근
A6: 1). 벌목 및 벌개제근
A7: 가). 벌목 | C7: 22891 | D7: ㎡ | E7: 313 | F7: =ROUND(E7*C7,0) -> 7164883 | G7: 101 | H7: =ROUND(G7*C7,0) -> 2311991 | I7: 33 | J7: =ROUND(I7*C7,0) -> 755403 | K7: =E7+G7+I7 -> 447 | L7: =F7+H7+J7 -> 10232277
A8: 나). 벌개제근 | C8: 22891 | D8: ㎡ | E8: 313 | F8: =ROUND(E8*C8,0) -> 7164883 | G8: 61 | H8: =ROUND(G8*C8,0) -> 1396351 | I8: 33 | J8: =ROUND(I8*C8,0) -> 755403 | K8: =E8+G8+I8 -> 407 | L8: =F8+H8+J8 -> 9316637
A9: 나. 임목폐기물
A10: 1). 임목파쇄
A11: 가). 임목 운반 | B11: 운반거리 L=83m(현장--->임목파쇄장) | C11: 1917 | D11: ㎥ | E11: 1273 | F11: =ROUND(E11*C11,0) -> 2440341 | G11: 0 | H11: =ROUND(G11*C11,0) -> 0 | I11: 0 | J11: =ROUND(I11*C11,0) -> 0 | K11: =E11+G11+I11 -> 1273 | L11: =F11+H11+J11 -> 2440341
A12: 나). 임목파쇄 | B12: 가지, 잡목류, 354.35kW | C12: 1906 | D12: ㎥ | E12: 5303 | F12: =ROUND(E12*C12,0) -> 10107518 | G12: 0 | H12: =ROUND(G12*C12,0) -> 0 | I12: 0 | J12: =ROUND(I12*C12,0) -> 0 | K12: =E12+G12+I12 -> 5303 | L12: =F12+H12+J12 -> 10107518
A13: 다). 임목파쇄 | B13: 뿌리류, 354.35kW | C13: 11 | D13: ㎥ | E13: 404000 | F13: =ROUND(E13*C13,0) -> 4444000 | G13: 0 | H13: =ROUND(G13*C13,0) -> 0 | I13: 0 | J13: =ROUND(I13*C13,0) -> 0 | K13: =E13+G13+I13 -> 404000 | L13: =F13+H13+J13 -> 4444000
A14: 2). 임목폐기물 적치장
A15: 가). PE천막지 | C15: 1082 | D15: ㎡ | E15: 565 | F15: =ROUND(E15*C15,0) -> 611330 | G15: 493 | H15: =ROUND(G15*C15,0) -> 533426 | I15: 0 | J15: =ROUND(I15*C15,0) -> 0 | K15: =E15+G15+I15 -> 1058 | L15: =F15+H15+J15 -> 1144756
A16: 나). 터파기(토사) | B16: TYPE-1, 백호1.0, 기계100% | C16: 67 | D16: ㎥ | E16: 0 | F16: =ROUND(E16*C16,0) -> 0 | G16: 331 | H16: =ROUND(G16*C16,0) -> 22177 | I16: 1857 | J16: =ROUND(I16*C16,0) -> 124419 | K16: =E16+G16+I16 -> 2188 | L16: =F16+H16+J16 -> 146596
A17: 다). 되메우기(토사) | B17: 백호0.7, 기계100% | C17: 67 | D17: ㎥ | E17: 0 | F17: =ROUND(E17*C17,0) -> 0 | G17: 664 | H17: =ROUND(G17*C17,0) -> 44488 | I17: 2636 | J17: =ROUND(I17*C17,0) -> 176612 | K17: =E17+G17+I17 -> 3300 | L17: =F17+H17+J17 -> 221100
A18: 다. 법면보호공
A19: 1). 법면보호공 | B19: 잔디붙임(줄떼) | C19: 1246 | D19: ㎡ | E19: 6262 | F19: =ROUND(E19*C19,0) -> 7802452 | G19: 1313 | H19: =ROUND(G19*C19,0) -> 1635998 | I19: 0 | J19: =ROUND(I19*C19,0) -> 0 | K19: =E19+G19+I19 -> 7575 | L19: =F19+H19+J19 -> 9438450
A20: 2). 법면보호공 | B20: 잔디붙임(평떼) | C20: 1172 | D20: ㎡ | E20: 12524 | F20: =ROUND(E20*C20,0) -> 14678128 | G20: 2626 | H20: =ROUND(G20*C20,0) -> 3077672 | I20: 0 | J20: =ROUND(I20*C20,0) -> 0 | K20: =E20+G20+I20 -> 15150 | L20: =F20+H20+J20 -> 17755800
A21: 라. 흙깎기
A22: 1). 토사
A23: 가).흙깍기(기계,토사) | B23: 중규모, 보통토사, 불도져 19ton | C23: 10527 | D23: ㎥ | E23: 0 | F23: =ROUND(E23*C23,0) -> 0 | G23: 254 | H23: =ROUND(G23*C23,0) -> 2673858 | I23: 1239 | J23: =ROUND(I23*C23,0) -> 13042953 | K23: =E23+G23+I23 -> 1493 | L23: =F23+H23+J23 -> 15716811
A24: 나). 흙깍기(토사) | B24: 굴삭기1.0㎥ | C24: 72445 | D24: ㎥ | E24: 0 | F24: =ROUND(E24*C24,0) -> 0 | G24: 253 | H24: =ROUND(G24*C24,0) -> 18328585 | I24: 1373 | J24: =ROUND(I24*C24,0) -> 99466985 | K24: =E24+G24+I24 -> 1626 | L24: =F24+H24+J24 -> 117795570
A25: 2). 풍화암
A26: 가). 흙깍기(리핑암) | B26: 불도저 32ton + 리퍼 | C26: 5167 | D26: ㎥ | E26: 0 | F26: =ROUND(E26*C26,0) -> 0 | G26: 258 | H26: =ROUND(G26*C26,0) -> 1333086 | I26: 1755 | J26: =ROUND(I26*C26,0) -> 9068085 | K26: =E26+G26+I26 -> 2013 | L26: =F26+H26+J26 -> 10401171
A27: 3). 연암
A28: 가). 땅깍기(암석절취) | B28: 중규모진동제어발파, 연암 | C28: 921 | D28: ㎥ | E28: 0 | F28: =ROUND(E28*C28,0) -> 0 | G28: 384 | H28: =ROUND(G28*C28,0) -> 353664 | I28: 11167 | J28: =ROUND(I28*C28,0) -> 10284807 | K28: =E28+G28+I28 -> 11551 | L28: =F28+H28+J28 -> 10638471
A29: 나). 땅깍기(암석절취) | B29: 일반발파, 연암 | C29: 0 | D29: ㎥ | E29: 0 | F29: =ROUND(E29*C29,0) -> 0 | G29: 0 | H29: =ROUND(G29*C29,0) -> 0 | I29: 0 | J29: =ROUND(I29*C29,0) -> 0 | K29: =E29+G29+I29 -> 0 | L29: =F29+H29+J29 -> 0
A30: 4). 보통암
A31: 가). 땅깍기(암석절취) | B31: 일반발파, 보통암 | C31: 27 | D31: ㎥ | E31: 0 | F31: =ROUND(E31*C31,0) -> 0 | G31: 384 | H31: =ROUND(G31*C31,0) -> 10368 | I31: 6758 | J31: =ROUND(I31*C31,0) -> 182466 | K31: =E31+G31+I31 -> 7142 | L31: =F31+H31+J31 -> 192834
A32: 5). 발파암 소할
A33: 가). 발파암 소할 | B33: 30CM이상 | C33: 142 | D33: ㎥ | E33: 0 | F33: =ROUND(E33*C33,0) -> 0 | G33: 1313 | H33: =ROUND(G33*C33,0) -> 186446 | I33: 2977 | J33: =ROUND(I33*C33,0) -> 422734 | K33: =E33+G33+I33 -> 4290 | L33: =F33+H33+J33 -> 609180
A34: 마. 터파기
A35: 1). 터파기(토사) | B35: TYPE-1, 굴착기1.0, 기계100% | C35: 1325 | D35: ㎥ | E35: 0 | F35: =ROUND(E35*C35,0) -> 0 | G35: 269 | H35: =ROUND(G35*C35,0) -> 356425 | I35: 1503 | J35: =ROUND(I35*C35,0) -> 1991475 | K35: =E35+G35+I35 -> 1772 | L35: =F35+H35+J35 -> 2347900
A36: 바. 흙쌓기
A37: 1). 비다짐
A38: 가). 흙쌓기(토사) | B38: 비다짐, 불도저 32톤 | C38: 6499 | D38: ㎥ | E38: 0 | F38: =ROUND(E38*C38,0) -> 0 | G38: 141 | H38: =ROUND(G38*C38,0) -> 916359 | I38: 838 | J38: =ROUND(I38*C38,0) -> 5446162 | K38: =E38+G38+I38 -> 979 | L38: =F38+H38+J38 -> 6362521
A39: 나). 흙쌓기(풍화암) | B39: 비다짐, 불도저 32톤 | C39: 26 | D39: ㎥ | E39: 0 | F39: =ROUND(E39*C39,0) -> 0 | G39: 141 | H39: =ROUND(G39*C39,0) -> 3666 | I39: 838 | J39: =ROUND(I39*C39,0) -> 21788 | K39: =E39+G39+I39 -> 979 | L39: =F39+H39+J39 -> 25454
A40: 2). 노상
A41: 가). 흙쌓기 | B41: 노상, 두께20cm, 다짐도95%이상 | C41: 1916 | D41: ㎥ | E41: 0 | F41: =ROUND(E41*C41,0) -> 0 | G41: 485 | H41: =ROUND(G41*C41,0) -> 929260 | I41: 2767 | J41: =ROUND(I41*C41,0) -> 5301572 | K41: =E41+G41+I41 -> 3252 | L41: =F41+H41+J41 -> 6230832
A42: 3). 노체
A43: 가). 흙쌓기 | B43: 노체, 두께30cm, 다짐도90%이상 | C43: 16923 | D43: ㎥ | E43: 0 | F43: =ROUND(E43*C43,0) -> 0 | G43: 485 | H43: =ROUND(G43*C43,0) -> 8207655 | I43: 1874 | J43: =ROUND(I43*C43,0) -> 31713702 | K43: =E43+G43+I43 -> 2359 | L43: =F43+H43+J43 -> 39921357
A44: 4). 되메우기
A45: 가). 흙쌓기 | B45: 노체, 두께30cm, 다짐도90%이상 | C45: 1174 | D45: ㎥ | E45: 0 | F45: =ROUND(E45*C45,0) -> 0 | G45: 485 | H45: =ROUND(G45*C45,0) -> 569390 | I45: 1874 | J45: =ROUND(I45*C45,0) -> 2200076 | K45: =E45+G45+I45 -> 2359 | L45: =F45+H45+J45 -> 2769466
A46: 사. 흙운반
A47: 1). 무대(1, 2차)
A48: 가). 토사 | C48: 5363 | D48: ㎥ | E48: 0 | F48: =ROUND(E48*C48,0) -> 0 | G48: 91 | H48: =ROUND(G48*C48,0) -> 488033 | I48: 518 | J48: =ROUND(I48*C48,0) -> 2778034 | K48: =E48+G48+I48 -> 609 | L48: =F48+H48+J48 -> 3266067
A49: 2). 도쟈운반
A50: 가). 흙운반(토사) | B50: 불도저 32톤, L=15.2m | C50: 10527 | D50: ㎥ | E50: 0 | F50: =ROUND(E50*C50,0) -> 0 | G50: 81 | H50: =ROUND(G50*C50,0) -> 852687 | I50: 992 | J50: =ROUND(I50*C50,0) -> 10442784 | K50: =E50+G50+I50 -> 1073 | L50: =F50+H50+J50 -> 11295471
A51: 나). 흙운반(풍화암) | B51: 불도저 32톤, L=19.7m | C51: 26 | D51: ㎥ | E51: 0 | F51: =ROUND(E51*C51,0) -> 0 | G51: 81 | H51: =ROUND(G51*C51,0) -> 2106 | I51: 992 | J51: =ROUND(I51*C51,0) -> 25792 | K51: =E51+G51+I51 -> 1073 | L51: =F51+H51+J51 -> 27898
A52: 3). 덤프운반(지구내)
A53: 가). 흙 운반(토사)(지구내) | B53: 굴삭기1.0㎥+덤프24톤, L=0.145Km | C53: 11327 | D53: ㎥ | E53: 0 | F53: =ROUND(E53*C53,0) -> 0 | G53: 273 | H53: =ROUND(G53*C53,0) -> 3092271 | I53: 3065 | J53: =ROUND(I53*C53,0) -> 34717255 | K53: =E53+G53+I53 -> 3338 | L53: =F53+H53+J53 -> 37809526
A54: 4). 덤프운반
A55: 가). 흙 운반(토사)(구조물유용) | B55: 굴삭기1.0㎥+덤프24톤, L=0.061Km | C55: 1134 | D55: ㎥ | E55: 0 | F55: =ROUND(E55*C55,0) -> 0 | G55: 471 | H55: =ROUND(G55*C55,0) -> 534114 | I55: 3401 | J55: =ROUND(I55*C55,0) -> 3856734 | K55: =E55+G55+I55 -> 3872 | L55: =F55+H55+J55 -> 4390848
A56: 5). 덤프운반(외부반출)
A57: 가). 흙 운반(토사)(진입도로) | B57: 굴삭기1.0㎥+덤프24톤, L=0.234Km | C57: 25804 | D57: ㎥ | E57: 0 | F57: =ROUND(E57*C57,0) -> 0 | G57: 427 | H57: =ROUND(G57*C57,0) -> 11018308 | I57: 3089 | J57: =ROUND(I57*C57,0) -> 79708556 | K57: =E57+G57+I57 -> 3516 | L57: =F57+H57+J57 -> 90726864
A58: 나). 흙 운반(토사)(야적장) | B58: 굴삭기1.0㎥+덤프24톤, L=0.238Km | C58: 29499 | D58: ㎥ | E58: 0 | F58: =ROUND(E58*C58,0) -> 0 | G58: 422 | H58: =ROUND(G58*C58,0) -> 12448578 | I58: 3051 | J58: =ROUND(I58*C58,0) -> 90001449 | K58: =E58+G58+I58 -> 3473 | L58: =F58+H58+J58 -> 102450027
A59: 다). 흙운반(풍화암)(야적장) | B59: 로우더1.72㎥+덤프24톤, L=0.212Km | C59: 5142 | D59: ㎥ | E59: 0 | F59: =ROUND(E59*C59,0) -> 0 | G59: 424 | H59: =ROUND(G59*C59,0) -> 2180208 | I59: 3032 | J59: =ROUND(I59*C59,0) -> 15590544 | K59: =E59+G59+I59 -> 3456 | L59: =F59+H59+J59 -> 17770752
A60: 라). 흙운반(연암)(야적장) | B60: 굴삭기1.0㎥+덤프24톤, L=0.216Km | C60: 921 | D60: ㎥ | E60: 0 | F60: =ROUND(E60*C60,0) -> 0 | G60: 586 | H60: =ROUND(G60*C60,0) -> 539706 | I60: 4233 | J60: =ROUND(I60*C60,0) -> 3898593 | K60: =E60+G60+I60 -> 4819 | L60: =F60+H60+J60 -> 4438299
A61: 마). 흙운반(보통암)(야적장) | B61: 굴삭기1.0㎥+덤프24톤, L=0.226Km | C61: 27 | D61: ㎥ | E61: 0 | F61: =ROUND(E61*C61,0) -> 0 | G61: 586 | H61: =ROUND(G61*C61,0) -> 15822 | I61: 4233 | J61: =ROUND(I61*C61,0) -> 114291 | K61: =E61+G61+I61 -> 4819 | L61: =F61+H61+J61 -> 130113
A62: 6). 덤프운반(구조물잔토)
A63: 가). 흙 운반(토사)(지하저류조) | B63: 굴삭기1.0㎥+덤프24톤, L=0.093Km | C63: 4653 | D63: ㎥ | E63: 0 | F63: =ROUND(E63*C63,0) -> 0 | G63: 420 | H63: =ROUND(G63*C63,0) -> 1954260 | I63: 3040 | J63: =ROUND(I63*C63,0) -> 14145120 | K63: =E63+G63+I63 -> 3460 | L63: =F63+H63+J63 -> 16099380
A64: 아. 규준틀
A65: 1). 목재규준틀 | B65: 비탈규준틀 | C65: 10 | D65: 개 | E65: 10100 | F65: =ROUND(E65*C65,0) -> 101000 | G65: 71104 | H65: =ROUND(G65*C65,0) -> 711040 | I65: 0 | J65: =ROUND(I65*C65,0) -> 0 | K65: =E65+G65+I65 -> 81204 | L65: =F65+H65+J65 -> 812040
A66: 2). 목재규준틀 | B66: 수평규준틀 | C66: 26 | D66: 개 | E66: 32320 | F66: =ROUND(E66*C66,0) -> 840320 | G66: 94435 | H66: =ROUND(G66*C66,0) -> 2455310 | I66: 0 | J66: =ROUND(I66*C66,0) -> 0 | K66: =E66+G66+I66 -> 126755 | L66: =F66+H66+J66 -> 3295630
A67: 자. 수목이식
A68: 1). 수목관리 | B68: 386주
A69: 가). 교목 병해방제 | C69: 18 | D69: 회 | E69: 56560 | F69: =ROUND(E69*C69,0) -> 1018080 | G69: 171700 | H69: =ROUND(G69*C69,0) -> 3090600 | I69: 0 | J69: =ROUND(I69*C69,0) -> 0 | K69: =E69+G69+I69 -> 228260 | L69: =F69+H69+J69 -> 4108680
A70: 나). 교목 충해방제 | C70: 9 | D70: 회 | E70: 56560 | F70: =ROUND(E70*C70,0) -> 509040 | G70: 121200 | H70: =ROUND(G70*C70,0) -> 1090800 | I70: 0 | J70: =ROUND(I70*C70,0) -> 0 | K70: =E70+G70+I70 -> 177760 | L70: =F70+H70+J70 -> 1599840
A71: 다). 교목관수 | B71: 15회, 인력 | C71: 386 | D71: 주 | E71: 8080 | F71: =ROUND(E71*C71,0) -> 3118880 | G71: 8080 | H71: =ROUND(G71*C71,0) -> 3118880 | I71: 0 | J71: =ROUND(I71*C71,0) -> 0 | K71: =E71+G71+I71 -> 16160 | L71: =F71+H71+J71 -> 6237760
A72: 라). 예초 | B72: 6회, 배부식기계사용 | C72: 64 | D72: 100㎡ | E72: 0 | F72: =ROUND(E72*C72,0) -> 0 | G72: 16160 | H72: =ROUND(G72*C72,0) -> 1034240 | I72: 0 | J72: =ROUND(I72*C72,0) -> 0 | K72: =E72+G72+I72 -> 16160 | L72: =F72+H72+J72 -> 1034240
A73: 2). 수목이식(현장--->가이식장)
A74: 가). 나무(이식)(상수리나무) | B74: B=27~31cm | C74: 381 | D74: 주 | E74: 143622 | F74: =ROUND(E74*C74,0) -> 54719982 | G74: 133320 | H74: =ROUND(G74*C74,0) -> 50794920 | I74: 23151 | J74: =ROUND(I74*C74,0) -> 8820531 | K74: =E74+G74+I74 -> 300093 | L74: =F74+H74+J74 -> 114335433
A75: 나). 나무(이식)(소나무) | B75: B=29cm | C75: 5 | D75: 주 | E75: 242400 | F75: =ROUND(E75*C75,0) -> 1212000 | G75: 252500 | H75: =ROUND(G75*C75,0) -> 1262500 | I75: 66147 | J75: =ROUND(I75*C75,0) -> 330735 | K75: =E75+G75+I75 -> 561047 | L75: =F75+H75+J75 -> 2805235
A76: 다). 가로지지대 | B76: B=20cm | C76: 386 | D76: 개소 | E76: 8080 | F76: =ROUND(E76*C76,0) -> 3118880 | G76: 20937 | H76: =ROUND(G76*C76,0) -> 8081682 | I76: 0 | J76: =ROUND(I76*C76,0) -> 0 | K76: =E76+G76+I76 -> 29017 | L76: =F76+H76+J76 -> 11200562
A77: 차. 지장물철거
A78: 1). 콘크리트깨기
A79: 가). 구조물헐기(철근) | B79: 대형30CM미만 | C79: 149 | D79: ㎥ | E79: 0 | F79: =ROUND(E79*C79,0) -> 0 | G79: 8989 | H79: =ROUND(G79*C79,0) -> 1339361 | I79: 32081 | J79: =ROUND(I79*C79,0) -> 4780069 | K79: =E79+G79+I79 -> 41070 | L79: =F79+H79+J79 -> 6119430
A80: 나). 구조물헐기(무근) | B80: 대형30CM미만 | C80: 132 | D80: ㎥ | E80: 0 | F80: =ROUND(E80*C80,0) -> 0 | G80: 4747 | H80: =ROUND(G80*C80,0) -> 626604 | I80: 25687 | J80: =ROUND(I80*C80,0) -> 3390684 | K80: =E80+G80+I80 -> 30434 | L80: =F80+H80+J80 -> 4017288
A81: 2). 폐기물상차
A82: 가). 폐기물상차 | B82: 굴삭기 0.7㎥ | C82: 281 | D82: ㎥ | E82: 0 | F82: =ROUND(E82*C82,0) -> 0 | G82: 1010 | H82: =ROUND(G82*C82,0) -> 283810 | I82: 2205 | J82: =ROUND(I82*C82,0) -> 619605 | K82: =E82+G82+I82 -> 3215 | L82: =F82+H82+J82 -> 903415
A83: 2. 우 수 공 | F83: =SUM(F87:F219) -> 421229167 | H83: =SUM(H87:H219) -> 155167263 | J83: =SUM(J87:J219) -> 219029719 | L83: =F83+H83+J83 -> 795426149
A84: 가. 토 공
A85: 1). 터파기
A86: 가). 토사
A87: (1). 터파기(토사) | B87: TYPE-1, 백호1.0, 기계100% | C87: 13157 | D87: ㎥ | E87: 0 | F87: =ROUND(E87*C87,0) -> 0 | G87: 0 | H87: =ROUND(G87*C87,0) -> 0 | I87: 1764 | J87: =ROUND(I87*C87,0) -> 23208948 | K87: =E87+G87+I87 -> 1764 | L87: =F87+H87+J87 -> 23208948
A88: (2). 터파기(토사) | B88: 기계70%+인력30%, 보통토사 | C88: 1448 | D88: ㎥ | E88: 0 | F88: =ROUND(E88*C88,0) -> 0 | G88: 3131 | H88: =ROUND(G88*C88,0) -> 4533688 | I88: 4410 | J88: =ROUND(I88*C88,0) -> 6385680 | K88: =E88+G88+I88 -> 7541 | L88: =F88+H88+J88 -> 10919368
A89: (3). 터파기(토사) | B89: 인력100% | C89: 0 | D89: ㎥ | E89: 0 | F89: =ROUND(E89*C89,0) -> 0 | G89: 65650 | H89: =ROUND(G89*C89,0) -> 0 | I89: 0 | J89: =ROUND(I89*C89,0) -> 0 | K89: =E89+G89+I89 -> 65650 | L89: =F89+H89+J89 -> 0
A90: 2). 되메우기
A91: 가). 되메우기및다짐(토사) | B91: 인력100% | C91: 202 | D91: ㎥ | E91: 0 | F91: =ROUND(E91*C91,0) -> 0 | G91: 28603 | H91: =ROUND(G91*C91,0) -> 5777806 | I91: 15655 | J91: =ROUND(I91*C91,0) -> 3162310 | K91: =E91+G91+I91 -> 44258 | L91: =F91+H91+J91 -> 8940116
A92: 나). 되메우기및다짐(토사) | B92: 기계90%,인력10%,래머 80KG | C92: 6892 | D92: ㎥ | E92: 0 | F92: =ROUND(E92*C92,0) -> 0 | G92: 2525 | H92: =ROUND(G92*C92,0) -> 17402300 | I92: 4961 | J92: =ROUND(I92*C92,0) -> 34191212 | K92: =E92+G92+I92 -> 7486 | L92: =F92+H92+J92 -> 51593512
A93: 다). 되메우기및다짐(토사) | B93: 백호0.7+플레이트콤펙터1.5ton | C93: 6048 | D93: ㎥ | E93: 0 | F93: =ROUND(E93*C93,0) -> 0 | G93: 2525 | H93: =ROUND(G93*C93,0) -> 15271200 | I93: 4961 | J93: =ROUND(I93*C93,0) -> 30004128 | K93: =E93+G93+I93 -> 7486 | L93: =F93+H93+J93 -> 45275328
A94: 3). 잔토처리
A95: 가). 잔토처리(토사) | B95: 기계 | C95: 1462 | D95: ㎥ | E95: 0 | F95: =ROUND(E95*C95,0) -> 0 | G95: 0 | H95: =ROUND(G95*C95,0) -> 0 | I95: 11024 | J95: =ROUND(I95*C95,0) -> 16117088 | K95: =E95+G95+I95 -> 11024 | L95: =F95+H95+J95 -> 16117088
A96: 나. 관 로 공
A97: 1). 원심력철근콘크리트관 접합 및 부설
A98: 가). 원심력철근콘크리트관 접합및부설(소켓식) | B98: Ø 250mm, 시공조건 B | C98: 276 | D98: m | E98: 0 | F98: =ROUND(E98*C98,0) -> 0 | G98: 31512 | H98: =ROUND(G98*C98,0) -> 8697312 | I98: 38034 | J98: =ROUND(I98*C98,0) -> 10497384 | K98: =E98+G98+I98 -> 69546 | L98: =F98+H98+J98 -> 19194696
A99: 나). 원심력철근콘크리트관 접합및부설(소켓식) | B99: Ø 450mm, 시공조건 B | C99: 552 | D99: m | E99: 0 | F99: =ROUND(E99*C99,0) -> 0 | G99: 34057 | H99: =ROUND(G99*C99,0) -> 18799464 | I99: 39269 | J99: =ROUND(I99*C99,0) -> 21676488 | K99: =E99+G99+I99 -> 73326 | L99: =F99+H99+J99 -> 40475952
A100: 다). 원심력철근콘크리트관 접합및부설(소켓식) | B100: Ø 600mm, 시공조건 B | C100: 96 | D100: m | E100: 0 | F100: =ROUND(E100*C100,0) -> 0 | G100: 37774 | H100: =ROUND(G100*C100,0) -> 3626304 | I100: 41849 | J100: =ROUND(I100*C100,0) -> 4017504 | K100: =E100+G100+I100 -> 79623 | L100: =F100+H100+J100 -> 7643808
...

Sheet 02.전기(참고)
A1: 공종명 / 품명 | B1: 규격 | C1: 수량 | D1: 단위 | E1: 재료비 | G1: 노무비 | I1: 경비 | K1: 합계 | M1: 비고
E2: 단가 | F2: 금액 | G2: 단가 | H2: 금액 | I2: 단가 | J2: 금액 | K2: 단가 | L2: 금액
A3: 1.전기공사 (지구내) ▸ 1-1.가로등설비공사 | F3: =SUM(F4:F42) -> 160349230 | H3: =SUM(H4:H42) -> 71200210 | J3: =SUM(J4:J42) -> 2773431 | L3: =F3+H3+J3 -> 234322871
A4: 파상형 폴리에틸렌 전선관 | B4: 40㎜(가로등,신호,구내) | C4: 2061 | D4: m | E4: 945 | F4: =ROUND(E4*C4,0) -> 1947645 | G4: 9002 | H4: =ROUND(G4*C4,0) -> 18553122 | I4: 0 | J4: =ROUND(I4*C4,0) -> 0 | K4: =E4+G4+I4 -> 9947 | L4: =F4+H4+J4 -> 20500767 | M4: 제 11호
A5: 파상형 폴리에틸렌 전선관 | B5: 50㎜(가로등,신호,구내) | C5: 105 | D5: m | E5: 1170 | F5: =ROUND(E5*C5,0) -> 122850 | G5: 9002 | H5: =ROUND(G5*C5,0) -> 945210 | I5: 0 | J5: =ROUND(I5*C5,0) -> 0 | K5: =E5+G5+I5 -> 10172 | L5: =F5+H5+J5 -> 1068060 | M5: 제 12호
A6: 접지용비닐절연전선(F-GV)_지중 | B6: 6㎟ | C6: 35 | D6: m | E6: 1879 | F6: =ROUND(E6*C6,0) -> 65765 | G6: 2463 | H6: =ROUND(G6*C6,0) -> 86205 | I6: 0 | J6: =ROUND(I6*C6,0) -> 0 | K6: =E6+G6+I6 -> 4342 | L6: =F6+H6+J6 -> 151970 | M6: 제 19호
A7: 접지용비닐절연전선(F-GV) | B7: 10㎟ | C7: 2157 | D7: m | E7: 3116 | F7: =ROUND(E7*C7,0) -> 6721212 | G7: 2463 | H7: =ROUND(G7*C7,0) -> 5312691 | I7: 0 | J7: =ROUND(I7*C7,0) -> 0 | K7: =E7+G7+I7 -> 5579 | L7: =F7+H7+J7 -> 12033903 | M7: 제 20호
A8: 접지용비닐절연전선(F-GV) | B8: 16㎟ | C8: 39 | D8: m | E8: 4094 | F8: =ROUND(E8*C8,0) -> 159666 | G8: 2873 | H8: =ROUND(G8*C8,0) -> 112047 | I8: 0 | J8: =ROUND(I8*C8,0) -> 0 | K8: =E8+G8+I8 -> 6967 | L8: =F8+H8+J8 -> 271713 | M8: 제 21호
A9: 폴리에틸렌 난연케이블 | B9: 0.6/1kv F-CV 2C×2.5㎟ | C9: 780 | D9: m | E9: 2116 | F9: =ROUND(E9*C9,0) -> 1650480 | G9: 4258 | H9: =ROUND(G9*C9,0) -> 3321240 | I9: 0 | J9: =ROUND(I9*C9,0) -> 0 | K9: =E9+G9+I9 -> 6374 | L9: =F9+H9+J9 -> 4971720 | M9: 제 22호
A10: 폴리에틸렌 난연케이블(옥외) | B10: 0.6/1kv F-CV 2C×10㎟ | C10: 487 | D10: m | E10: 4423 | F10: =ROUND(E10*C10,0) -> 2154001 | G10: 0 | H10: =ROUND(G10*C10,0) -> 0 | I10: 0 | J10: =ROUND(I10*C10,0) -> 0 | K10: =E10+G10+I10 -> 4423 | L10: =F10+H10+J10 -> 2154001
A11: 폴리에틸렌 난연케이블(옥외) | B11: 0.6/1kv F-CV 2C×25㎟ | C11: 105 | D11: m | E11: 10580 | F11: =ROUND(E11*C11,0) -> 1110900 | G11: 0 | H11: =ROUND(G11*C11,0) -> 0 | I11: 0 | J11: =ROUND(I11*C11,0) -> 0 | K11: =E11+G11+I11 -> 10580 | L11: =F11+H11+J11 -> 1110900
A12: 폴리에틸렌 난연케이블(옥외) | B12: 0.6/1kv F-CV 4C×10㎟ | C12: 1565 | D12: m | E12: 8027 | F12: =ROUND(E12*C12,0) -> 12562255 | G12: 0 | H12: =ROUND(G12*C12,0) -> 0 | I12: 0 | J12: =ROUND(I12*C12,0) -> 0 | K12: =E12+G12+I12 -> 8027 | L12: =F12+H12+J12 -> 12562255
A13: 폴리에틸렌 난연케이블(옥외) | B13: 0.6/1kv F-CV 4C×25㎟ | C13: 105 | D13: m | E13: 19933 | F13: =ROUND(E13*C13,0) -> 2092965 | G13: 0 | H13: =ROUND(G13*C13,0) -> 0 | I13: 0 | J13: =ROUND(I13*C13,0) -> 0 | K13: =E13+G13+I13 -> 19933 | L13: =F13+H13+J13 -> 2092965
A14: 접지봉 | B14: 14Φ×1000 mm | C14: 14 | D14: 개 | E14: 7096 | F14: =ROUND(E14*C14,0) -> 99344 | G14: 43869 | H14: =ROUND(G14*C14,0) -> 614166 | I14: 0 | J14: =ROUND(I14*C14,0) -> 0 | K14: =E14+G14+I14 -> 50965 | L14: =F14+H14+J14 -> 713510 | M14: 제 27호
A15: 접지크램프(IEC 90) | B15: 16sq | C15: 16 | D15: 개 | E15: 721 | F15: =ROUND(E15*C15,0) -> 11536 | G15: 7389 | H15: =ROUND(G15*C15,0) -> 118224 | I15: 0 | J15: =ROUND(I15*C15,0) -> 0 | K15: =E15+G15+I15 -> 8110 | L15: =F15+H15+J15 -> 129760 | M15: 제 28호
A16: 케이블표지시트 | B16: 0.23x400 | C16: 2005 | D16: m | E16: 187 | F16: =ROUND(E16*C16,0) -> 374935 | G16: 237 | H16: =ROUND(G16*C16,0) -> 475185 | I16: 0 | J16: =ROUND(I16*C16,0) -> 0 | K16: =E16+G16+I16 -> 424 | L16: =F16+H16+J16 -> 850120 | M16: 제 29호
A17: 압착단자 | B17: R형동선 나압착 25 ㎟ | C17: 24 | D17: 개 | E17: 1343 | F17: =ROUND(E17*C17,0) -> 32232 | G17: 36133 | H17: =ROUND(G17*C17,0) -> 867192 | I17: 0 | J17: =ROUND(I17*C17,0) -> 0 | K17: =E17+G17+I17 -> 37476 | L17: =F17+H17+J17 -> 899424 | M17: 제 31호
A18: 가로등 건주 기계화 시공 | B18: 일반 5m-7m | C18: 2 | D18: 식 | E18: 11653 | F18: =ROUND(E18*C18,0) -> 23306 | G18: 117311 | H18: =ROUND(G18*C18,0) -> 234622 | I18: 31713 | J18: =ROUND(I18*C18,0) -> 63426 | K18: =E18+G18+I18 -> 160677 | L18: =F18+H18+J18 -> 321354 | M18: 제 6호
A19: 가로등 건주 기계화 시공 | B19: 일반 10m-12m | C19: 43 | D19: 식 | E19: 14212 | F19: =ROUND(E19*C19,0) -> 611116 | G19: 153319 | H19: =ROUND(G19*C19,0) -> 6592717 | I19: 37479 | J19: =ROUND(I19*C19,0) -> 1611597 | K19: =E19+G19+I19 -> 205010 | L19: =F19+H19+J19 -> 8815430 | M19: 제 7호
A20: 터파기(기계90%,인력10%) | B20: 보통토사 | C20: 794.591 | D20: ㎥ | E20: 501 | F20: =ROUND(E20*C20,0) -> 398090 | G20: 4659 | H20: =ROUND(G20*C20,0) -> 3701999 | I20: 483 | J20: =ROUND(I20*C20,0) -> 383787 | K20: =E20+G20+I20 -> 5643 | L20: =F20+H20+J20 -> 4483876 | M20: 제 1호
A21: 되메우기(기계90%,인력10%) | B21: 보통토사 | C21: 767.46 | D21: ㎥ | E21: 449 | F21: =ROUND(E21*C21,0) -> 344590 | G21: 2939 | H21: =ROUND(G21*C21,0) -> 2255565 | I21: 483 | J21: =ROUND(I21*C21,0) -> 370683 | K21: =E21+G21+I21 -> 3871 | L21: =F21+H21+J21 -> 2970838 | M21: 제 2호
A22: 인력잔토처리 | B22: 현장처리 | C22: 27.131 | D22: ㎥ | E22: 1032 | F22: =ROUND(E22*C22,0) -> 27999 | G22: 34413 | H22: =ROUND(G22*C22,0) -> 933659 | I22: 0 | J22: =ROUND(I22*C22,0) -> 0 | K22: =E22+G22+I22 -> 35445 | L22: =F22+H22+J22 -> 961658 | M22: 제 3호
A23: 전주용입상관 | B23: Φ130*2t*2m | C23: 4 | D23: EA | E23: 38396 | F23: =ROUND(E23*C23,0) -> 153584 | G23: 110220 | H23: =ROUND(G23*C23,0) -> 440880 | I23: 0 | J23: =ROUND(I23*C23,0) -> 0 | K23: =E23+G23+I23 -> 148616 | L23: =F23+H23+J23 -> 594464 | M23: 제 35호
A24: 반경관취부밴드 | C24: 12 | D24: EA | E24: 2424 | F24: =ROUND(E24*C24,0) -> 29088 | G24: 0 | H24: =ROUND(G24*C24,0) -> 0 | I24: 0 | J24: =ROUND(I24*C24,0) -> 0 | K24: =E24+G24+I24 -> 2424 | L24: =F24+H24+J24 -> 29088
A25: 케이블 포설(가로등) | B25: 10㎟/2C*1열 | C25: 473 | D25: m | E25: 131 | F25: =ROUND(E25*C25,0) -> 61963 | G25: 4381 | H25: =ROUND(G25*C25,0) -> 2072213 | I25: 0 | J25: =ROUND(I25*C25,0) -> 0 | K25: =E25+G25+I25 -> 4512 | L25: =F25+H25+J25 -> 2134176 | M25: 제 40호
A26: 케이블 포설(가로등) | B26: 25㎟/2C*1열 | C26: 114 | D26: m | E26: 165 | F26: =ROUND(E26*C26,0) -> 18810 | G26: 5509 | H26: =ROUND(G26*C26,0) -> 628026 | I26: 0 | J26: =ROUND(I26*C26,0) -> 0 | K26: =E26+G26+I26 -> 5674 | L26: =F26+H26+J26 -> 646836 | M26: 제 42호
A27: 케이블 포설(가로등) | B27: 10㎟/4C*1열 | C27: 1520 | D27: m | E27: 214 | F27: =ROUND(E27*C27,0) -> 325280 | G27: 7143 | H27: =ROUND(G27*C27,0) -> 10857360 | I27: 0 | J27: =ROUND(I27*C27,0) -> 0 | K27: =E27+G27+I27 -> 7357 | L27: =F27+H27+J27 -> 11182640 | M27: 제 45호
A28: 케이블 포설(가로등) | B28: 25㎟/4C*1열 | C28: 102 | D28: m | E28: 269 | F28: =ROUND(E28*C28,0) -> 27438 | G28: 8991 | H28: =ROUND(G28*C28,0) -> 917082 | I28: 0 | J28: =ROUND(I28*C28,0) -> 0 | K28: =E28+G28+I28 -> 9260 | L28: =F28+H28+J28 -> 944520 | M28: 제 46호
A29: LED 가로등기구 | B29: 100W급 | C29: 43 | D29: 개 | E29: 622655 | F29: =ROUND(E29*C29,0) -> 26774165 | G29: 88522 | H29: =ROUND(G29*C29,0) -> 3806446 | I29: 0 | J29: =ROUND(I29*C29,0) -> 0 | K29: =E29+G29+I29 -> 711177 | L29: =F29+H29+J29 -> 30580611 | M29: 제 47호
A30: LED 공원등기구 | B30: 50W급(A타입) | C30: 2 | D30: 개 | E30: 501502 | F30: =ROUND(E30*C30,0) -> 1003004 | G30: 50082 | H30: =ROUND(G30*C30,0) -> 100164 | I30: 0 | J30: =ROUND(I30*C30,0) -> 0 | K30: =E30+G30+I30 -> 551584 | L30: =F30+H30+J30 -> 1103168 | M30: 제 48호
A31: 가로등기초(직각)기성품 | B31: 500X850X675X700 | C31: 2 | D31: 개 | E31: 105637 | F31: =ROUND(E31*C31,0) -> 211274 | G31: 54586 | H31: =ROUND(G31*C31,0) -> 109172 | I31: 0 | J31: =ROUND(I31*C31,0) -> 0 | K31: =E31+G31+I31 -> 160223 | L31: =F31+H31+J31 -> 320446 | M31: 제 50호
A32: 가로등기초 | B32: 500x775x1050x1100(E) | C32: 43 | D32: 개 | E32: 309437 | F32: =ROUND(E32*C32,0) -> 13305791 | G32: 54586 | H32: =ROUND(G32*C32,0) -> 2347198 | I32: 0 | J32: =ROUND(I32*C32,0) -> 0 | K32: =E32+G32+I32 -> 364023 | L32: =F32+H32+J32 -> 15652989 | M32: 제 51호
A33: 가로등 제어반 | B33: 6회로 | C33: 2 | D33: 개 | E33: 6294374 | F33: =ROUND(E33*C33,0) -> 12588748 | G33: 279149 | H33: =ROUND(G33*C33,0) -> 558298 | I33: 0 | J33: =ROUND(I33*C33,0) -> 0 | K33: =E33+G33+I33 -> 6573523 | L33: =F33+H33+J33 -> 13147046 | M33: 제 52호
A34: 가로등주 | B34: 원형테퍼 강관주 10m -1등용 | C34: 43 | D34: 개 | E34: 1500000 | F34: =ROUND(E34*C34,0) -> 64500000 | G34: 0 | H34: =ROUND(G34*C34,0) -> 0 | I34: 0 | J34: =ROUND(I34*C34,0) -> 0 | K34: =E34+G34+I34 -> 1500000 | L34: =F34+H34+J34 -> 64500000
A35: 가로등 표찰 | B35: STS | C35: 45 | D35: 개 | E35: 10351 | F35: =ROUND(E35*C35,0) -> 465795 | G35: 11700 | H35: =ROUND(G35*C35,0) -> 526500 | I35: 0 | J35: =ROUND(I35*C35,0) -> 0 | K35: =E35+G35+I35 -> 22051 | L35: =F35+H35+J35 -> 992295 | M35: 제 54호
A36: 공원등주 | B36: 5m-1.0m 1등용(A타입) | C36: 2 | D36: 개 | E36: 1194545 | F36: =ROUND(E36*C36,0) -> 2389090 | G36: 84839 | H36: =ROUND(G36*C36,0) -> 169678 | I36: 0 | J36: =ROUND(I36*C36,0) -> 0 | K36: =E36+G36+I36 -> 1279384 | L36: =F36+H36+J36 -> 2558768 | M36: 제 55호
A37: 방수형 접속함 | B37: 1등용,ELB부 | C37: 45 | D37: 개 | E37: 56559 | F37: =ROUND(E37*C37,0) -> 2545155 | G37: 51998 | H37: =ROUND(G37*C37,0) -> 2339910 | I37: 0 | J37: =ROUND(I37*C37,0) -> 0 | K37: =E37+G37+I37 -> 108557 | L37: =F37+H37+J37 -> 4885065 | M37: 제 58호
A38: 방수형 접속함 | B38: 격등용 | C38: 34 | D38: 개 | E38: 15000 | F38: =ROUND(E38*C38,0) -> 510000 | G38: 0 | H38: =ROUND(G38*C38,0) -> 0 | I38: 0 | J38: =ROUND(I38*C38,0) -> 0 | K38: =E38+G38+I38 -> 15000 | L38: =F38+H38+J38 -> 510000
A39: 백호우 | B39: 0.4㎥ | C39: 21 | D39: hr | E39: 14230 | F39: =ROUND(E39*C39,0) -> 298830 | G39: 56783 | H39: =ROUND(G39*C39,0) -> 1192443 | I39: 16378 | J39: =ROUND(I39*C39,0) -> 343938 | K39: =E39+G39+I39 -> 87391 | L39: =F39+H39+J39 -> 1835211
A40: 제어반기초(기성품) | B40: 500x500x800 | C40: 2 | D40: 개 | E40: 141637 | F40: =ROUND(E40*C40,0) -> 283274 | G40: 54586 | H40: =ROUND(G40*C40,0) -> 109172 | I40: 0 | J40: =ROUND(I40*C40,0) -> 0 | K40: =E40+G40+I40 -> 196223 | L40: =F40+H40+J40 -> 392446 | M40: 제 66호
A41: 핸드홀(기성품) | B41: 600x600x800 | C41: 6 | D41: 개 | E41: 444509 | F41: =ROUND(E41*C41,0) -> 2667054 | G41: 150304 | H41: =ROUND(G41*C41,0) -> 901824 | I41: 0 | J41: =ROUND(I41*C41,0) -> 0 | K41: =E41+G41+I41 -> 594813 | L41: =F41+H41+J41 -> 3568878 | M41: 제 67호
A42: 핸드홀뚜껑 | B42: 700x700xt32 | C42: 6 | D42: 개 | E42: 280000 | F42: =ROUND(E42*C42,0) -> 1680000 | G42: 0 | H42: =ROUND(G42*C42,0) -> 0 | I42: 0 | J42: =ROUND(I42*C42,0) -> 0 | K42: =E42+G42+I42 -> 280000 | L42: =F42+H42+J42 -> 1680000
A43: 1.전기공사 (지구내) ▸ 1-2.공원등설비공사 | F43: =SUM(F44:F75) -> 59717269 | H43: =SUM(H44:H75) -> 22970860 | J43: =SUM(J44:J75) -> 983343 | L43: =F43+H43+J43 -> 83671472
A44: 파상형 폴리에틸렌 전선관 | B44: 40㎜(가로등,신호,구내) | C44: 558 | D44: m | E44: 945 | F44: =ROUND(E44*C44,0) -> 527310 | G44: 9002 | H44: =ROUND(G44*C44,0) -> 5023116 | I44: 0 | J44: =ROUND(I44*C44,0) -> 0 | K44: =E44+G44+I44 -> 9947 | L44: =F44+H44+J44 -> 5550426 | M44: 제 11호
A45: 접지용비닐절연전선(F-GV)_지중 | B45: 6㎟ | C45: 528 | D45: m | E45: 1879 | F45: =ROUND(E45*C45,0) -> 992112 | G45: 2463 | H45: =ROUND(G45*C45,0) -> 1300464 | I45: 0 | J45: =ROUND(I45*C45,0) -> 0 | K45: =E45+G45+I45 -> 4342 | L45: =F45+H45+J45 -> 2292576 | M45: 제 19호
A46: 접지용비닐절연전선(F-GV) | B46: 16㎟ | C46: 19 | D46: m | E46: 4094 | F46: =ROUND(E46*C46,0) -> 77786 | G46: 2873 | H46: =ROUND(G46*C46,0) -> 54587 | I46: 0 | J46: =ROUND(I46*C46,0) -> 0 | K46: =E46+G46+I46 -> 6967 | L46: =F46+H46+J46 -> 132373 | M46: 제 21호
A47: 폴리에틸렌 난연케이블 | B47: 0.6/1kv F-CV 2C×2.5㎟ | C47: 132 | D47: m | E47: 2116 | F47: =ROUND(E47*C47,0) -> 279312 | G47: 4258 | H47: =ROUND(G47*C47,0) -> 562056 | I47: 0 | J47: =ROUND(I47*C47,0) -> 0 | K47: =E47+G47+I47 -> 6374 | L47: =F47+H47+J47 -> 841368 | M47: 제 22호
A48: 폴리에틸렌 난연케이블(옥외) | B48: 0.6/1kv F-CV 2C×6㎟ | C48: 109 | D48: m | E48: 2907 | F48: =ROUND(E48*C48,0) -> 316863 | G48: 0 | H48: =ROUND(G48*C48,0) -> 0 | I48: 0 | J48: =ROUND(I48*C48,0) -> 0 | K48: =E48+G48+I48 -> 2907 | L48: =F48+H48+J48 -> 316863
A49: 폴리에틸렌 난연케이블(옥외) | B49: 0.6/1kv F-CV 2C×16㎟ | C49: 105 | D49: m | E49: 6915 | F49: =ROUND(E49*C49,0) -> 726075 | G49: 0 | H49: =ROUND(G49*C49,0) -> 0 | I49: 0 | J49: =ROUND(I49*C49,0) -> 0 | K49: =E49+G49+I49 -> 6915 | L49: =F49+H49+J49 -> 726075
A50: 폴리에틸렌 난연케이블(옥외) | B50: 0.6/1kv F-CV 4C×6㎟ | C50: 387 | D50: m | E50: 5058 | F50: =ROUND(E50*C50,0) -> 1957446 | G50: 0 | H50: =ROUND(G50*C50,0) -> 0 | I50: 0 | J50: =ROUND(I50*C50,0) -> 0 | K50: =E50+G50+I50 -> 5058 | L50: =F50+H50+J50 -> 1957446
A51: 접지봉 | B51: 14Φ×1000 mm | C51: 27 | D51: 개 | E51: 7096 | F51: =ROUND(E51*C51,0) -> 191592 | G51: 43869 | H51: =ROUND(G51*C51,0) -> 1184463 | I51: 0 | J51: =ROUND(I51*C51,0) -> 0 | K51: =E51+G51+I51 -> 50965 | L51: =F51+H51+J51 -> 1376055 | M51: 제 27호
A52: 접지크램프(IEC 90) | B52: 16sq | C52: 8 | D52: 개 | E52: 721 | F52: =ROUND(E52*C52,0) -> 5768 | G52: 7389 | H52: =ROUND(G52*C52,0) -> 59112 | I52: 0 | J52: =ROUND(I52*C52,0) -> 0 | K52: =E52+G52+I52 -> 8110 | L52: =F52+H52+J52 -> 64880 | M52: 제 28호
A53: 케이블표지시트 | B53: 0.23x400 | C53: 498 | D53: m | E53: 187 | F53: =ROUND(E53*C53,0) -> 93126 | G53: 237 | H53: =ROUND(G53*C53,0) -> 118026 | I53: 0 | J53: =ROUND(I53*C53,0) -> 0 | K53: =E53+G53+I53 -> 424 | L53: =F53+H53+J53 -> 211152 | M53: 제 29호
A54: 압착단자 | B54: R형동선 나압착 16 ㎟ | C54: 4 | D54: 개 | E54: 1086 | F54: =ROUND(E54*C54,0) -> 4344 | G54: 29563 | H54: =ROUND(G54*C54,0) -> 118252 | I54: 0 | J54: =ROUND(I54*C54,0) -> 0 | K54: =E54+G54+I54 -> 30649 | L54: =F54+H54+J54 -> 122596 | M54: 제 30호
A55: 압착단자 | B55: R형동선 나압착 25 ㎟ | C55: 4 | D55: 개 | E55: 1343 | F55: =ROUND(E55*C55,0) -> 5372 | G55: 36133 | H55: =ROUND(G55*C55,0) -> 144532 | I55: 0 | J55: =ROUND(I55*C55,0) -> 0 | K55: =E55+G55+I55 -> 37476 | L55: =F55+H55+J55 -> 149904 | M55: 제 31호
A56: 가로등 건주 기계화 시공 | B56: 일반 5m-7m | C56: 21 | D56: 식 | E56: 11653 | F56: =ROUND(E56*C56,0) -> 244713 | G56: 117311 | H56: =ROUND(G56*C56,0) -> 2463531 | I56: 31713 | J56: =ROUND(I56*C56,0) -> 665973 | K56: =E56+G56+I56 -> 160677 | L56: =F56+H56+J56 -> 3374217 | M56: 제 6호
A57: 터파기(기계90%,인력10%) | B57: 보통토사 | C57: 176.48 | D57: ㎥ | E57: 501 | F57: =ROUND(E57*C57,0) -> 88416 | G57: 4659 | H57: =ROUND(G57*C57,0) -> 822220 | I57: 483 | J57: =ROUND(I57*C57,0) -> 85240 | K57: =E57+G57+I57 -> 5643 | L57: =F57+H57+J57 -> 995876 | M57: 제 1호
A58: 되메우기(기계90%,인력10%) | B58: 보통토사 | C58: 175.42 | D58: ㎥ | E58: 449 | F58: =ROUND(E58*C58,0) -> 78764 | G58: 2939 | H58: =ROUND(G58*C58,0) -> 515559 | I58: 483 | J58: =ROUND(I58*C58,0) -> 84728 | K58: =E58+G58+I58 -> 3871 | L58: =F58+H58+J58 -> 679051 | M58: 제 2호
A59: 인력잔토처리 | B59: 현장처리 | C59: 1.06 | D59: ㎥ | E59: 1032 | F59: =ROUND(E59*C59,0) -> 1094 | G59: 34413 | H59: =ROUND(G59*C59,0) -> 36478 | I59: 0 | J59: =ROUND(I59*C59,0) -> 0 | K59: =E59+G59+I59 -> 35445 | L59: =F59+H59+J59 -> 37572 | M59: 제 3호
A60: 전주용입상관 | B60: Φ130*2t*2m | C60: 2 | D60: EA | E60: 38396 | F60: =ROUND(E60*C60,0) -> 76792 | G60: 110220 | H60: =ROUND(G60*C60,0) -> 220440 | I60: 0 | J60: =ROUND(I60*C60,0) -> 0 | K60: =E60+G60+I60 -> 148616 | L60: =F60+H60+J60 -> 297232 | M60: 제 35호
A61: 반경관취부밴드 | C61: 6 | D61: EA | E61: 2424 | F61: =ROUND(E61*C61,0) -> 14544 | G61: 0 | H61: =ROUND(G61*C61,0) -> 0 | I61: 0 | J61: =ROUND(I61*C61,0) -> 0 | K61: =E61+G61+I61 -> 2424 | L61: =F61+H61+J61 -> 14544
A62: 케이블 포설(가로등) | B62: 6㎟/2C*1열 | C62: 106 | D62: m | E62: 125 | F62: =ROUND(E62*C62,0) -> 13250 | G62: 4181 | H62: =ROUND(G62*C62,0) -> 443186 | I62: 0 | J62: =ROUND(I62*C62,0) -> 0 | K62: =E62+G62+I62 -> 4306 | L62: =F62+H62+J62 -> 456436 | M62: 제 39호
A63: 케이블 포설(가로등) | B63: 16㎟/2C*1열 | C63: 114 | D63: m | E63: 143 | F63: =ROUND(E63*C63,0) -> 16302 | G63: 4776 | H63: =ROUND(G63*C63,0) -> 544464 | I63: 0 | J63: =ROUND(I63*C63,0) -> 0 | K63: =E63+G63+I63 -> 4919 | L63: =F63+H63+J63 -> 560766 | M63: 제 41호
A64: 케이블 포설(가로등) | B64: 6㎟/4C*1열 | C64: 376 | D64: m | E64: 204 | F64: =ROUND(E64*C64,0) -> 76704 | G64: 6819 | H64: =ROUND(G64*C64,0) -> 2563944 | I64: 0 | J64: =ROUND(I64*C64,0) -> 0 | K64: =E64+G64+I64 -> 7023 | L64: =F64+H64+J64 -> 2640648 | M64: 제 44호
A65: LED 공원등기구 | B65: 50W급(A타입) | C65: 21 | D65: 개 | E65: 501502 | F65: =ROUND(E65*C65,0) -> 10531542 | G65: 50082 | H65: =ROUND(G65*C65,0) -> 1051722 | I65: 0 | J65: =ROUND(I65*C65,0) -> 0 | K65: =E65+G65+I65 -> 551584 | L65: =F65+H65+J65 -> 11583264 | M65: 제 48호
A66: 가로등기초(직각)기성품 | B66: 500X850X675X700 | C66: 21 | D66: 개 | E66: 105637 | F66: =ROUND(E66*C66,0) -> 2218377 | G66: 54586 | H66: =ROUND(G66*C66,0) -> 1146306 | I66: 0 | J66: =ROUND(I66*C66,0) -> 0 | K66: =E66+G66+I66 -> 160223 | L66: =F66+H66+J66 -> 3364683 | M66: 제 50호
A67: 가로등 제어반 | B67: 6회로 | C67: 2 | D67: 개 | E67: 6294374 | F67: =ROUND(E67*C67,0) -> 12588748 | G67: 279149 | H67: =ROUND(G67*C67,0) -> 558298 | I67: 0 | J67: =ROUND(I67*C67,0) -> 0 | K67: =E67+G67+I67 -> 6573523 | L67: =F67+H67+J67 -> 13147046 | M67: 제 52호
A68: 가로등 표찰 | B68: STS | C68: 21 | D68: 개 | E68: 10351 | F68: =ROUND(E68*C68,0) -> 217371 | G68: 11700 | H68: =ROUND(G68*C68,0) -> 245700 | I68: 0 | J68: =ROUND(I68*C68,0) -> 0 | K68: =E68+G68+I68 -> 22051 | L68: =F68+H68+J68 -> 463071 | M68: 제 54호
A69: 공원등주 | B69: 5m-1.0m 1등용(A타입) | C69: 21 | D69: 개 | E69: 1194545 | F69: =ROUND(E69*C69,0) -> 25085445 | G69: 84839 | H69: =ROUND(G69*C69,0) -> 1781619 | I69: 0 | J69: =ROUND(I69*C69,0) -> 0 | K69: =E69+G69+I69 -> 1279384 | L69: =F69+H69+J69 -> 26867064 | M69: 제 55호
A70: 방수형 접속함 | B70: 1등용,ELB부 | C70: 21 | D70: 개 | E70: 56559 | F70: =ROUND(E70*C70,0) -> 1187739 | G70: 51998 | H70: =ROUND(G70*C70,0) -> 1091958 | I70: 0 | J70: =ROUND(I70*C70,0) -> 0 | K70: =E70+G70+I70 -> 108557 | L70: =F70+H70+J70 -> 2279697 | M70: 제 58호
A71: 방수형 접속함 | B71: 격등용 | C71: 16 | D71: 개 | E71: 15000 | F71: =ROUND(E71*C71,0) -> 240000 | G71: 0 | H71: =ROUND(G71*C71,0) -> 0 | I71: 0 | J71: =ROUND(I71*C71,0) -> 0 | K71: =E71+G71+I71 -> 15000 | L71: =F71+H71+J71 -> 240000
A72: 백호우 | B72: 0.4㎥ | C72: 9 | D72: hr | E72: 14230 | F72: =ROUND(E72*C72,0) -> 128070 | G72: 56783 | H72: =ROUND(G72*C72,0) -> 511047 | I72: 16378 | J72: =ROUND(I72*C72,0) -> 147402 | K72: =E72+G72+I72 -> 87391 | L72: =F72+H72+J72 -> 786519
A73: 제어반기초(기성품) | B73: 500x500x800 | C73: 2 | D73: 개 | E73: 141637 | F73: =ROUND(E73*C73,0) -> 283274 | G73: 54586 | H73: =ROUND(G73*C73,0) -> 109172 | I73: 0 | J73: =ROUND(I73*C73,0) -> 0 | K73: =E73+G73+I73 -> 196223 | L73: =F73+H73+J73 -> 392446 | M73: 제 66호
A74: 핸드홀(기성품) | B74: 600x600x800 | C74: 2 | D74: 개 | E74: 444509 | F74: =ROUND(E74*C74,0) -> 889018 | G74: 150304 | H74: =ROUND(G74*C74,0) -> 300608 | I74: 0 | J74: =ROUND(I74*C74,0) -> 0 | K74: =E74+G74+I74 -> 594813 | L74: =F74+H74+J74 -> 1189626 | M74: 제 67호
A75: 핸드홀뚜껑 | B75: 700x700xt32 | C75: 2 | D75: 개 | E75: 280000 | F75: =ROUND(E75*C75,0) -> 560000 | G75: 0 | H75: =ROUND(G75*C75,0) -> 0 | I75: 0 | J75: =ROUND(I75*C75,0) -> 0 | K75: =E75+G75+I75 -> 280000 | L75: =F75+H75+J75 -> 560000
A76: 1.전기공사 (지구내) ▸ 1-3.신호등설비공사 | F76: =SUM(F77:F100) -> 17690976 | H76: =SUM(H77:H100) -> 10774446 | J76: =SUM(J77:J100) -> 345546 | L76: =F76+H76+J76 -> 28810968
A77: 파상형 폴리에틸렌 전선관 | B77: 50㎜(가로등,신호,구내) | C77: 119 | D77: m | E77: 1170 | F77: =ROUND(E77*C77,0) -> 139230 | G77: 9002 | H77: =ROUND(G77*C77,0) -> 1071238 | I77: 0 | J77: =ROUND(I77*C77,0) -> 0 | K77: =E77+G77+I77 -> 10172 | L77: =F77+H77+J77 -> 1210468 | M77: 제 12호
A78: 파상형 폴리에틸렌 전선관 | B78: 80㎜(가로등,신호,구내) | C78: 11 | D78: m | E78: 2296 | F78: =ROUND(E78*C78,0) -> 25256 | G78: 11280 | H78: =ROUND(G78*C78,0) -> 124080 | I78: 0 | J78: =ROUND(I78*C78,0) -> 0 | K78: =E78+G78+I78 -> 13576 | L78: =F78+H78+J78 -> 149336 | M78: 제 14호
A79: 파상형 폴리에틸렌 전선관 | B79: 100㎜(가로등,신호,구내) | C79: 51 | D79: m | E79: 3128 | F79: =ROUND(E79*C79,0) -> 159528 | G79: 16761 | H79: =ROUND(G79*C79,0) -> 854811 | I79: 0 | J79: =ROUND(I79*C79,0) -> 0 | K79: =E79+G79+I79 -> 19889 | L79: =F79+H79+J79 -> 1014339 | M79: 제 15호
A80: 접지용비닐절연전선(F-GV)_지중 | B80: 6㎟ | C80: 60 | D80: m | E80: 1879 | F80: =ROUND(E80*C80,0) -> 112740 | G80: 2463 | H80: =ROUND(G80*C80,0) -> 147780 | I80: 0 | J80: =ROUND(I80*C80,0) -> 0 | K80: =E80+G80+I80 -> 4342 | L80: =F80+H80+J80 -> 260520 | M80: 제 19호
A81: 폴리에틸렌 난연케이블(옥외) | B81: 0.6/1kv F-CV 2C×6㎟ | C81: 115 | D81: m | E81: 2907 | F81: =ROUND(E81*C81,0) -> 334305 | G81: 0 | H81: =ROUND(G81*C81,0) -> 0 | I81: 0 | J81: =ROUND(I81*C81,0) -> 0 | K81: =E81+G81+I81 -> 2907 | L81: =F81+H81+J81 -> 334305
A82: 난연제어케이블 | B82: F-CVV 5Cx2.5㎟ | C82: 142 | D82: m | E82: 3832 | F82: =ROUND(E82*C82,0) -> 544144 | G82: 9732 | H82: =ROUND(G82*C82,0) -> 1381944 | I82: 0 | J82: =ROUND(I82*C82,0) -> 0 | K82: =E82+G82+I82 -> 13564 | L82: =F82+H82+J82 -> 1926088 | M82: 제 24호
A83: 신호 제어기 | B83: 경보제어기, 전자회로 | C83: 2 | D83: 대 | E83: 202876 | F83: =ROUND(E83*C83,0) -> 405752 | G83: 95868 | H83: =ROUND(G83*C83,0) -> 191736 | I83: 0 | J83: =ROUND(I83*C83,0) -> 0 | K83: =E83+G83+I83 -> 298744 | L83: =F83+H83+J83 -> 597488 | M83: 제 26호
A84: 접지봉 | B84: 14Φ×1000 mm | C84: 3 | D84: 개 | E84: 7096 | F84: =ROUND(E84*C84,0) -> 21288 | G84: 43869 | H84: =ROUND(G84*C84,0) -> 131607 | I84: 0 | J84: =ROUND(I84*C84,0) -> 0 | K84: =E84+G84+I84 -> 50965 | L84: =F84+H84+J84 -> 152895 | M84: 제 27호
A85: 케이블표지시트 | B85: 0.23x400 | C85: 136 | D85: m | E85: 187 | F85: =ROUND(E85*C85,0) -> 25432 | G85: 237 | H85: =ROUND(G85*C85,0) -> 32232 | I85: 0 | J85: =ROUND(I85*C85,0) -> 0 | K85: =E85+G85+I85 -> 424 | L85: =F85+H85+J85 -> 57664 | M85: 제 29호
A86: 레미콘 | B86: 25-210-8 | C86: 6.783 | D86: ㎥ | E86: 101280 | F86: =ROUND(E86*C86,0) -> 686982 | G86: 0 | H86: =ROUND(G86*C86,0) -> 0 | I86: 0 | J86: =ROUND(I86*C86,0) -> 0 | K86: =E86+G86+I86 -> 101280 | L86: =F86+H86+J86 -> 686982
A87: 터파기(기계90%,인력10%) | B87: 보통토사 | C87: 86.376 | D87: ㎥ | E87: 501 | F87: =ROUND(E87*C87,0) -> 43274 | G87: 4659 | H87: =ROUND(G87*C87,0) -> 402426 | I87: 483 | J87: =ROUND(I87*C87,0) -> 41720 | K87: =E87+G87+I87 -> 5643 | L87: =F87+H87+J87 -> 487420 | M87: 제 1호
A88: 되메우기(기계90%,인력10%) | B88: 보통토사 | C88: 79.593 | D88: ㎥ | E88: 449 | F88: =ROUND(E88*C88,0) -> 35737 | G88: 2939 | H88: =ROUND(G88*C88,0) -> 233924 | I88: 483 | J88: =ROUND(I88*C88,0) -> 38443 | K88: =E88+G88+I88 -> 3871 | L88: =F88+H88+J88 -> 308104 | M88: 제 2호
A89: 인력잔토처리 | B89: 현장처리 | C89: 6.783 | D89: ㎥ | E89: 1032 | F89: =ROUND(E89*C89,0) -> 7000 | G89: 34413 | H89: =ROUND(G89*C89,0) -> 233423 | I89: 0 | J89: =ROUND(I89*C89,0) -> 0 | K89: =E89+G89+I89 -> 35445 | L89: =F89+H89+J89 -> 240423 | M89: 제 3호
A90: 레미콘타설 | B90: 무근(미할증) | C90: 6.783 | D90: ㎥ | E90: 1759 | F90: =ROUND(E90*C90,0) -> 11931 | G90: 58635 | H90: =ROUND(G90*C90,0) -> 397721 | I90: 0 | J90: =ROUND(I90*C90,0) -> 0 | K90: =E90+G90+I90 -> 60394 | L90: =F90+H90+J90 -> 409652 | M90: 제 4호
A91: 합판거푸집 | B91: 4회 | C91: 24 | D91: ㎡ | E91: 24425 | F91: =ROUND(E91*C91,0) -> 586200 | G91: 35498 | H91: =ROUND(G91*C91,0) -> 851952 | I91: 0 | J91: =ROUND(I91*C91,0) -> 0 | K91: =E91+G91+I91 -> 59923 | L91: =F91+H91+J91 -> 1438152 | M91: 제 5호
A92: 차량등보호금구 | C92: 6 | D92: 개 | E92: 35000 | F92: =ROUND(E92*C92,0) -> 210000 | G92: 0 | H92: =ROUND(G92*C92,0) -> 0 | I92: 0 | J92: =ROUND(I92*C92,0) -> 0 | K92: =E92+G92+I92 -> 35000 | L92: =F92+H92+J92 -> 210000
A93: 철주 앙카 | B93: Φ200x1.8m | C93: 3 | D93: 개 | E93: 370000 | F93: =ROUND(E93*C93,0) -> 1110000 | G93: 0 | H93: =ROUND(G93*C93,0) -> 0 | I93: 0 | J93: =ROUND(I93*C93,0) -> 0 | K93: =E93+G93+I93 -> 370000 | L93: =F93+H93+J93 -> 1110000
A94: 케이블 포설(가로등) | B94: 6㎟/2C*1열 | C94: 112 | D94: m | E94: 125 | F94: =ROUND(E94*C94,0) -> 14000 | G94: 4181 | H94: =ROUND(G94*C94,0) -> 468272 | I94: 0 | J94: =ROUND(I94*C94,0) -> 0 | K94: =E94+G94+I94 -> 4306 | L94: =F94+H94+J94 -> 482272 | M94: 제 39호
A95: 교통신호등 | B95: 1면3색(LED Φ300) | C95: 6 | D95: 개 | E95: 371518 | F95: =ROUND(E95*C95,0) -> 2229108 | G95: 383962 | H95: =ROUND(G95*C95,0) -> 2303772 | I95: 0 | J95: =ROUND(I95*C95,0) -> 0 | K95: =E95+G95+I95 -> 755480 | L95: =F95+H95+J95 -> 4532880 | M95: 제 56호
A96: 와이어리스 부착대 5m | C96: 4 | D96: 개 | E96: 900000 | F96: =ROUND(E96*C96,0) -> 3600000 | G96: 0 | H96: =ROUND(G96*C96,0) -> 0 | I96: 0 | J96: =ROUND(I96*C96,0) -> 0 | K96: =E96+G96+I96 -> 900000 | L96: =F96+H96+J96 -> 3600000
A97: 와이어리스 부착대 7m | C97: 1 | D97: 개 | E97: 1200000 | F97: =ROUND(E97*C97,0) -> 1200000 | G97: 0 | H97: =ROUND(G97*C97,0) -> 0 | I97: 0 | J97: =ROUND(I97*C97,0) -> 0 | K97: =E97+G97+I97 -> 1200000 | L97: =F97+H97+J97 -> 1200000
A98: 와이어리스철주 | B98: Φ200,부착5m | C98: 1 | D98: 개 | E98: 2011917 | F98: =ROUND(E98*C98,0) -> 2011917 | G98: 397253 | H98: =ROUND(G98*C98,0) -> 397253 | I98: 0 | J98: =ROUND(I98*C98,0) -> 0 | K98: =E98+G98+I98 -> 2409170 | L98: =F98+H98+J98 -> 2409170 | M98: 제 62호
A99: 와이어리스철주 | B99: Φ200,부착7m, 7m | C99: 2 | D99: 개 | E99: 2016684 | F99: =ROUND(E99*C99,0) -> 4033368 | G99: 556154 | H99: =ROUND(G99*C99,0) -> 1112308 | I99: 0 | J99: =ROUND(I99*C99,0) -> 0 | K99: =E99+G99+I99 -> 2572838 | L99: =F99+H99+J99 -> 5145676 | M99: 제 63호
A100: 크레인트럭 | B100: 20ton | C100: 9 | D100: hr | E100: 15976 | F100: =ROUND(E100*C100,0) -> 143784 | G100: 48663 | H100: =ROUND(G100*C100,0) -> 437967 | I100: 29487 | J100: =ROUND(I100*C100,0) -> 265383 | K100: =E100+G100+I100 -> 94126 | L100: =F100+H100+J100 -> 847134
...
