Workbook

Sheet 표지
B4: 견 적 서
B11: 공사명 : 화성 청원지구 산업유통형 지구단위계획(토목,조경,전기)
B15: 46210
B23: 에이치앤케이산업개발주식회사

Sheet 견적서
A1: 견 적 서
A4: 46210 | G4: 에이치앤케이산업개발주식회사
A5: 진명개발 귀하 | G5: 인천광역시 연수구 센트럴로 313, 씨동 2123호 (송도동, 송도씨워크인테라스한라)
A7: 공사명 : 화성 청원지구 산업유통형 지구단위계획 | J7: TEL : 032 - 818 - 2581
A8: 공사금액 : 일금 일백이십삼억칠천팔백이십이만일천일백육십팔원정 (₩12,378,221,168) | J8: FAX : 032 - 822 - 0887
A9: 상기 공사 견적서를 아래와 같이 제출합니다. | J9: 대표자 가 영 현 (인)
A11: 공 종 | B11: 규 격 | C11: 수량 | D11: 단위 | E11: 재 료 비 | G11: 노 무 비 | I11: 경 비 | K11: 합 계 | M11: 비고
E12: 단가 | F12: 금액 | G12: 단가 | H12: 금액 | I12: 단가 | J12: 금액 | K12: 단가 | L12: 금액
A13: Ⅰ. 직접공사비 계 | F13: =+원가계산!D4 -> 4245357794 | H13: =+원가계산!D5 -> 2147353595 | J13: =+원가계산!D6 -> 4811196564 | L13: =+원가계산!D7 -> 11203907953
A14: Ⅱ. 간접공사비 계 | C14: 1 | D14: 식 | F14: =0 -> 0 | H14: =0 -> 0 | J14: =+원가계산!D24-원가계산!D7 -> 2.6978981e+09 | L14: =+J14 -> 2.6978981e+09
A15: 합 계 | F15: =SUM(F13:F14) -> 4245357794 | G15: =SUM(G13:G14) -> 0 | H15: =SUM(H13:H14) -> 2147353595 | I15: =SUM(I13:I14) -> 0 | J15: =SUM(J13:J14) -> 7.5090947e+09 | K15: =SUM(K13:K14) -> 0 | L15: =SUM(L13:L14) -> 1.3901806e+10
A16: 부 가 가 치 세 | C16: 1 | D16: 식 | F16: =0 -> 0 | H16: =0 -> 0 | J16: =원가계산!D25 -> 1.3901806e+09 | L16: =J16 -> 1.3901806e+09
A17: 공 사 비 계 | F17: =+F15 -> 4245357794 | H17: =+H15 -> 2147353595 | J17: =+J16+J15 -> 8.8992753e+09 | L17: =+L16+L15 -> 1.5291987e+10

Sheet 원가계산
A1: 원 가 계 산 서
A2: 구분 | B2: 항목 | C2: 산식 | D2: 금액 | E2: 비고
A4: 직접비 | B4: 재료비 | C4: Σ 섹션 재료비 | D4: =집계표!F3 -> 4245357794
B5: 직접노무비 | C5: Σ 섹션 노무비 | D5: =집계표!H3 -> 2147353595
B6: 직접경비 | C6: Σ 섹션 경비 | D6: =집계표!J3 -> 4811196564
B7: 【 직접공사비 계 】 | C7: 재+직노+직경 | D7: =D4+D5+D6 -> 11203907953
A8: 간접비 | B8: 간접노무비 | C8: 직접노무비×19.7% | D8: =D5*0.197 -> 4.2302866e+08 | E8: 조달청 원가계산 제비율(토목 50~300억·13~36개월)
B9: 산재보험료 | C9: 노무비계×3.56% | D9: =(D5+D8)*0.0356 -> 91505608 | E9: 2026년 산재보험료율 고시(건설업 3.5%)+임금채권보장부담금 0.06%
B10: 고용보험료 | C10: 노무비계×1.15% | D10: =(D5+D8)*0.0115 -> 29559396 | E10: 고용보험료율 사업주 부담(실업급여 0.9%+고용안정·직업능력개발 0.25%) | J10: =SUM(D8:D17)+D21+D22 -> 2.6978981e+09
B11: 국민건강보험료 | C11: 직접노무비×3.595% | D11: =D5*0.03595 -> 77197362 | E11: 2026년 법정요율(건강보험 7.19%의 1/2)
B12: 국민연금보험료 | C12: 직접노무비×4.75% | D12: =D5*0.0475 -> 1.019993e+08 | E12: 2026년 법정요율(국민연금 9.5%의 1/2)
B13: 노인장기요양보험료 | C13: 건강보험료×13.14% | D13: =D11*0.1314 -> 10143733
B14: 산업안전보건관리비 | C14: (재+직노)×2.60% | D14: =(D4+D5)*0.026 -> 1.662105e+08 | E14: 건설업 산업안전보건관리비 계상기준 고시(고용노동부 제2025-11호, 토목 50억 이상)
B15: 기타경비(공과잡비) | C15: (재+노무비계)×6.2% | D15: =(D4+D5+D8)*0.062 -> 4.2257588e+08 | E15: 조달청 원가계산 제비율(세금과공과 등)
B16: 건설기계대여대금지급보증 | C16: 직접공사비×0.40% | D16: =D7*0.004 -> 44815632 | E16: 건설기계 대여대금 지급보증 수수료
B17: 환경보전비 | C17: 직접공사비×0.60% | D17: =D7*0.006 -> 67223448 | E17: 건설기술 진흥법 환경관리비 기준
A18: 원가 | B18: 【 산출경비 계 】 | C18: 간접경비 합 | D18: =D9+D10+D11+D12+D13+D14+D15+D16+D17 -> 1.0112309e+09
B19: 【 경비계(직접+산출) 】 | C19: 직접경비+산출경비 | D19: =D6+D18 -> 5.8224274e+09
B20: 【 순공사원가 】 | C20: 재+노무비계+경비계 | D20: =D4+D5+D8+D19 -> 1.2638167e+10
A21: 간접비 | B21: 일반관리비 | C21: 순공사원가×5% | D21: =D20*0.05 -> 6.3190837e+08 | E21: 0.05
B22: 이윤 | C22: (노무비계+경비계+일반관리비)×7% | D22: =(D5+D8+D19+D21)*0.07 -> 6.3173026e+08 | E22: 0.07
A24: 합계 | B24: 【 공급가액 】 | C24: 순공사원가+일반관리비+이윤 | D24: =D20+D21+D22+D23 -> 1.3901806e+10
B25: 부가가치세 | C25: 공급가액×10% | D25: =D24*0.1 -> 1.3901806e+09
B26: ★ 도급액(공사비 계) | C26: 공급가액+부가세 | D26: =D24+D25 -> 1.5291987e+10
B28: ※ 직접공사비=첨부 내역서, 간접노무비·기타경비·일반관리비·이윤 등 제비율 및 사회보험료·산업안전보건관리비·건설기계대여대금지급보증·환경보전비는 관계 법령·기준요율 적용.

Sheet 집계표
A1: 공종명 / 품명 | B1: 규격 | C1: 수량 | D1: 단위 | E1: 재료비 | G1: 노무비 | I1: 경비 | K1: 합계 | M1: 비고
E2: 단가 | F2: 금액 | G2: 단가 | H2: 금액 | I2: 단가 | J2: 금액 | K2: 단가 | L2: 금액
A3: 【 토목,조경,전기 직접공사비 계 】 | F3: =SUM(F4:F5) -> 4245357794 | G3: =SUM(G4:G5) -> 0 | H3: =SUM(H4:H5) -> 2147353595 | I3: =SUM(I4:I5) -> 0 | J3: =SUM(J4:J5) -> 4811196564 | K3: =SUM(K4:K5) -> 0 | L3: =SUM(L4:L5) -> 11203907953
A4: ='토목,조경 내역서'!A3 -> 【 01. 토목·조경 직접공사비 계 】 | F4: ='토목,조경 내역서'!F3 -> 3724120909 | G4: ='토목,조경 내역서'!G3 -> 0 | H4: ='토목,조경 내역서'!H3 -> 1954126620 | I4: ='토목,조경 내역서'!I3 -> 0 | J4: ='토목,조경 내역서'!J3 -> 4800291901 | K4: ='토목,조경 내역서'!K3 -> 0 | L4: ='토목,조경 내역서'!L3 -> 10478539430
A5: =전기!A3 -> 【 02. 전기설비 】 | F5: =전기!F3 -> 521236885 | G5: =전기!G3 -> 0 | H5: =전기!H3 -> 193226975 | I5: =전기!I3 -> 0 | J5: =전기!J3 -> 10904663 | K5: =전기!K3 -> 0 | L5: =전기!L3 -> 725368523

Sheet 토목,조경 내역서
A1: 공종명 / 품명 | B1: 규격 | C1: 수량 | D1: 단위 | E1: 재료비 | G1: 노무비 | I1: 경비 | K1: 합계 | M1: 비고
E2: 단가 | F2: 금액 | G2: 단가 | H2: 금액 | I2: 단가 | J2: 금액 | K2: 단가 | L2: 금액
A3: 【 01. 토목·조경 직접공사비 계 】 | F3: =+F4+F20+F28+F34+F45 -> 3724120909 | H3: =+H4+H20+H28+H34+H45 -> 1954126620 | J3: =+J4+J20+J28+J34+J45 -> 4800291901 | L3: =+L4+L20+L28+L34+L45 -> 10478539430
A4: 【 01. 토목·조경 】 | F4: =SUM(F5:F19) -> 2041994590 | H4: =SUM(H5:H19) -> 1021115015 | J4: =SUM(J5:J19) -> 2384977654 | L4: =SUM(L5:L19) -> 5448087259
A5: =+A65 -> 1. 토 공 | F5: =+F65 -> 126278155 | H5: =+H65 -> 156169881 | J5: =+J65 -> 481743868 | L5: =+L65 -> 764191904 | M5: =+M65 -> 0
A6: =+A145 -> 2. 우 수 공 | F6: =+F145 -> 446797776 | H6: =+H145 -> 164585918 | J6: =+J145 -> 232324824 | L6: =+L145 -> 843708518
A7: =+A283 -> 3. 오 수 공 | F7: =+F283 -> 47625602 | H7: =+H283 -> 34125578 | J7: =+J283 -> 37402210 | L7: =+L283 -> 119153390
A8: =+A352 -> 4. 상 수 공 | F8: =+F352 -> 130597022 | H8: =+H352 -> 84470417 | J8: =+J352 -> 21214664 | L8: =+L352 -> 236282103
A9: =+A482 -> 5. 포 장 공 | F9: =+F482 -> 579476922 | H9: =+H482 -> 135390547 | J9: =+J482 -> 121868378 | L9: =+L482 -> 836735847
A10: =+A580 -> 6. 구조물공 | F10: =+F580 -> 55404947 | H10: =+H580 -> 32846006 | J10: =+J580 -> 20683982 | L10: =+L580 -> 108934935
A11: =+A634 -> 7. 부 대 공 | F11: =+F634 -> 137267397 | H11: =+H634 -> 172060870 | J11: =+J634 -> 331559738 | L11: =+L634 -> 640888005
A12: =+A692 -> 8. 하수처리장 | F12: =+F692 -> 44205670 | H12: =+H692 -> 37212134 | J12: =+J692 -> 334836442 | L12: =+L692 -> 416254246
A13: =+A773 -> 9. 지하저류조 | F13: =+F773 -> 396840609 | H13: =+H773 -> 147234419 | J13: =+J773 -> 112134434 | L13: =+L773 -> 656209462
A14: =+A790 -> 10. 조 경 공 | F14: =+F790 -> 77500490 | H14: =+H790 -> 57019245 | J14: =+J790 -> 691209114 | L14: =+L790 -> 825728849
A15: =+A893 -> 1. GIS DB 구축
A16: =+A894 -> 2. 구조검토비
A17: =+A895 -> 1. GIS DB 구축
A18: =+A895 -> 1. GIS DB 구축
A19: =+A897 -> 2. 구조검토비
A20: =+A900 -> 【 04. 진입도로 】 | F20: =SUM(F21:F26) -> 498233494 | H20: =SUM(H21:H26) -> 220907755 | J20: =SUM(J21:J26) -> 202406558 | L20: =SUM(L21:L26) -> 921547807
A21: =+A901 -> 1. 토 공 | F21: =+F901 -> 11833096 | H21: =+H901 -> 22879517 | J21: =+J901 -> 66029706 | L21: =+L901 -> 100742319
A22: =+A941 -> 2. 우 수 공 | F22: =+F941 -> 113891806 | H22: =+H941 -> 56125531 | J22: =+J941 -> 58790980 | L22: =+L941 -> 228808317
A23: =+A997 -> 3. 상 수 공 | F23: =+F997 -> 19471303 | H23: =+H997 -> 14525613 | J23: =+J997 -> 3648976 | L23: =+L997 -> 37645892
A24: =+A1040 -> 4. 포 장 공 | F24: =+F1040 -> 264616882 | H24: =+H1040 -> 56155091 | J24: =+J1040 -> 62747940 | L24: =+L1040 -> 383519913
A25: =+A1115 -> 5. 구조물공 | F25: =+F1115 -> 88420407 | H25: =+H1115 -> 69676086 | J25: =+J1115 -> 10657102 | L25: =+L1115 -> 168753595
A26: =+A1145 -> 6. 부 대 공 | F26: =+F1145 -> 0 | H26: =+H1145 -> 1545917 | J26: =+J1145 -> 531854 | L26: =+L1145 -> 2077771
A28: 【 05. 회전교차로 】 | F28: =SUM(F29:F33) -> 703408420 | H28: =SUM(H29:H33) -> 298567599 | J28: =SUM(J29:J33) -> 214132368 | L28: =SUM(L29:L33) -> 1216108387
A29: =+A1160 -> 1. 토 공 | F29: =+F1160 -> 2610721 | H29: =+H1160 -> 14497621 | J29: =+J1160 -> 40205248 | L29: =+L1160 -> 57313590
A30: =+A1201 -> 2. 우 수 공 | F30: =+F1201 -> 40232512 | H30: =+H1201 -> 35096610 | J30: =+J1201 -> 38472298 | L30: =+L1201 -> 113801420
A31: =+A1272 -> 3. 포 장 공 | F31: =+F1272 -> 484968879 | H31: =+H1272 -> 109114579 | J31: =+J1272 -> 112940694 | L31: =+L1272 -> 707024152
A32: =+A1344 -> 4. 구조물공 | F32: =+F1344 -> 175596308 | H32: =+H1344 -> 138024451 | J32: =+J1344 -> 22452767 | L32: =+L1344 -> 336073526
A33: =+A1374 -> 5. 부 대 공 | F33: =+F1374 -> 0 | H33: =+H1374 -> 1834338 | J33: =+J1374 -> 61361 | L33: =+L1374 -> 1895699
A34: 【 06. 개발행위 】 | F34: =SUM(F35:F44) -> 480484405 | H34: =SUM(H35:H44) -> 413536251 | J34: =SUM(J35:J44) -> 1962353399 | L34: =SUM(L35:L44) -> 2856374055
A35: =+A1389 -> 1. 토 공 | F35: =+F1389 -> 0 | H35: =+H1389 -> 103878160 | J35: =+J1389 -> 888816168 | L35: =+L1389 -> 992694328
A36: =+A1411 -> 2. A1 | F36: =+F1411 -> 38435289 | H36: =+H1411 -> 28552687 | J36: =+J1411 -> 88297375 | L36: =+L1411 -> 155285351
A37: =+A1427 -> 3. A2 | F37: =+F1427 -> 72135060 | H37: =+H1427 -> 51913040 | J37: =+J1427 -> 457514727 | L37: =+L1427 -> 581562827
A38: =+A1446 -> 4. A3 | F38: =+F1446 -> 71854705 | H38: =+H1446 -> 49167943 | J38: =+J1446 -> 119857181 | L38: =+L1446 -> 240879829
A39: =+A1465 -> 5. A4 | F39: =+F1465 -> 64850156 | H39: =+H1465 -> 43131547 | J39: =+J1465 -> 87335066 | L39: =+L1465 -> 195316769
A40: =+A1482 -> 6. A5 | F40: =+F1482 -> 55462553 | H40: =+H1482 -> 33708290 | J40: =+J1482 -> 74800007 | L40: =+L1482 -> 163970850
A41: =+A1499 -> 7. B1 | F41: =+F1499 -> 72570279 | H41: =+H1499 -> 43028478 | J41: =+J1499 -> 112058050 | L41: =+L1499 -> 227656807
A42: =+A1515 -> 8. B2 | F42: =+F1515 -> 68254430 | H42: =+H1515 -> 43453840 | J42: =+J1515 -> 110943709 | L42: =+L1515 -> 222651979
A43: =+A1531 -> 9. 지원시설 | F43: =+F1531 -> 21494365 | H43: =+H1531 -> 8074797 | J43: =+J1531 -> 17342242 | L43: =+L1531 -> 46911404
A44: =+A1545 -> 10. 주차장 | F44: =+F1545 -> 15427568 | H44: =+H1545 -> 8627469 | J44: =+J1545 -> 5388874 | L44: =+L1545 -> 29443911
A45: 【 07. 건설폐기물처리 】 | H45: =SUM(H46) -> 0 | J45: =SUM(J46) -> 36421922 | L45: =SUM(L46) -> 36421922
A46: =+A1559 -> 1. 건설폐기물처리 | H46: =+H1559 -> 0 | J46: =+J1559 -> 36421922 | L46: =+L1559 -> 36421922
A65: 1. 토 공 | F65: =SUM(F68:F143) -> 126278155 | H65: =SUM(H68:H143) -> 156169881 | J65: =SUM(J68:J143) -> 481743868 | L65: =F65+H65+J65 -> 764191904
A66: 가. 벌목 및 벌개제근
A67: 1). 벌목 및 벌개제근
A68: 가). 벌목 | C68: 22891 | D68: ㎡ | E68: 331.9991 | F68: =ROUND(E68*C68,0) -> 7599791 | G68: 107.1307 | H68: =ROUND(G68*C68,0) -> 2452329 | I68: 35.0031 | J68: =ROUND(I68*C68,0) -> 801256 | K68: =E68+G68+I68 -> 474.1329 | L68: =F68+H68+J68 -> 10853376
A69: 나). 벌개제근 | C69: 22891 | D69: ㎡ | E69: 331.9991 | F69: =ROUND(E69*C69,0) -> 7599791 | G69: 64.7027 | H69: =ROUND(G69*C69,0) -> 1481110 | I69: 35.0031 | J69: =ROUND(I69*C69,0) -> 801256 | K69: =E69+G69+I69 -> 431.7049 | L69: =F69+H69+J69 -> 9882157
A70: 나. 임목폐기물
A71: 1). 임목파쇄
A72: 가). 임목 운반 | B72: 운반거리 L=83m(현장--->임목파쇄장) | C72: 1917 | D72: ㎥ | E72: 1350.2711 | F72: =ROUND(E72*C72,0) -> 2588470 | G72: 0 | H72: =ROUND(G72*C72,0) -> 0 | I72: 0 | J72: =ROUND(I72*C72,0) -> 0 | K72: =E72+G72+I72 -> 1350.2711 | L72: =F72+H72+J72 -> 2588470
A73: 나). 임목파쇄 | B73: 가지, 잡목류, 354.35kW | C73: 1906 | D73: ㎥ | E73: 5624.8921 | F73: =ROUND(E73*C73,0) -> 10721044 | G73: 0 | H73: =ROUND(G73*C73,0) -> 0 | I73: 0 | J73: =ROUND(I73*C73,0) -> 0 | K73: =E73+G73+I73 -> 5624.8921 | L73: =F73+H73+J73 -> 10721044
A74: 다). 임목파쇄 | B74: 뿌리류, 354.35kW | C74: 11 | D74: ㎥ | E74: 428522.8 | F74: =ROUND(E74*C74,0) -> 4713751 | G74: 0 | H74: =ROUND(G74*C74,0) -> 0 | I74: 0 | J74: =ROUND(I74*C74,0) -> 0 | K74: =E74+G74+I74 -> 428522.8 | L74: =F74+H74+J74 -> 4713751
A75: 2). 임목폐기물 적치장
A76: 가). PE천막지 | C76: 1082 | D76: ㎡ | E76: 599.2955 | F76: =ROUND(E76*C76,0) -> 648438 | G76: 522.9251 | H76: =ROUND(G76*C76,0) -> 565805 | I76: 0 | J76: =ROUND(I76*C76,0) -> 0 | K76: =E76+G76+I76 -> 1122.2206 | L76: =F76+H76+J76 -> 1214243
A77: 나). 터파기(토사) | B77: TYPE-1, 백호1.0, 기계100% | C77: 67 | D77: ㎥ | E77: 0 | F77: =ROUND(E77*C77,0) -> 0 | G77: 351.0917 | H77: =ROUND(G77*C77,0) -> 23523 | I77: 1969.7199 | J77: =ROUND(I77*C77,0) -> 131971 | K77: =E77+G77+I77 -> 2320.8116 | L77: =F77+H77+J77 -> 155494
A78: 다). 되메우기(토사) | B78: 백호0.7, 기계100% | C78: 67 | D78: ㎥ | E78: 0 | F78: =ROUND(E78*C78,0) -> 0 | G78: 704.3048 | H78: =ROUND(G78*C78,0) -> 47188 | I78: 2796.0052 | J78: =ROUND(I78*C78,0) -> 187332 | K78: =E78+G78+I78 -> 3500.31 | L78: =F78+H78+J78 -> 234520
A79: 다. 법면보호공
A80: 1). 법면보호공 | B80: 잔디붙임(줄떼) | C80: 1246 | D80: ㎡ | E80: 6642.1034 | F80: =ROUND(E80*C80,0) -> 8276061 | G80: 1392.6991 | H80: =ROUND(G80*C80,0) -> 1735303 | I80: 0 | J80: =ROUND(I80*C80,0) -> 0 | K80: =E80+G80+I80 -> 8034.8025 | L80: =F80+H80+J80 -> 10011364
A81: 2). 법면보호공 | B81: 잔디붙임(평떼) | C81: 1172 | D81: ㎡ | E81: 13284.207 | F81: =ROUND(E81*C81,0) -> 15569090 | G81: 2785.3982 | H81: =ROUND(G81*C81,0) -> 3264487 | I81: 0 | J81: =ROUND(I81*C81,0) -> 0 | K81: =E81+G81+I81 -> 16069.605 | L81: =F81+H81+J81 -> 18833577
A82: 라. 흙깎기 | I82: 0
A83: 1). 토사 | I83: 0
A84: 가).흙깍기(기계,토사) | B84: 중규모, 보통토사, 불도져 19ton | C84: 10527 | D84: ㎥ | E84: 0 | F84: =ROUND(E84*C84,0) -> 0 | H84: =ROUND(G84*C84,0) -> 0 | I84: 1314.2073 | J84: =ROUND(I84*C84,0) -> 13834660 | K84: =E84+G84+I84 -> 1314.2073 | L84: =F84+H84+J84 -> 13834660
A85: 나). 흙깍기(토사) | B85: 굴삭기1.0㎥ | C85: 72445 | D85: ㎥ | E85: 0 | F85: =ROUND(E85*C85,0) -> 0 | G85: 268.3571 | H85: =ROUND(G85*C85,0) -> 19441130 | I85: 1456.3411 | J85: =ROUND(I85*C85,0) -> 105504631 | K85: =E85+G85+I85 -> 1724.6982 | L85: =F85+H85+J85 -> 124945761
A86: 2). 풍화암 | E86: 0 | G86: 0 | I86: 0
A87: 가). 흙깍기(리핑암) | B87: 불도저 32ton + 리퍼 | C87: 5167 | D87: ㎥ | E87: 0 | F87: =ROUND(E87*C87,0) -> 0 | G87: 273.6606 | H87: =ROUND(G87*C87,0) -> 1414004 | I87: 1861.5285 | J87: =ROUND(I87*C87,0) -> 9618518 | K87: =E87+G87+I87 -> 2135.1891 | L87: =F87+H87+J87 -> 11032522
A88: 3). 연암 | E88: 0 | G88: 0 | I88: 0
A89: 가). 땅깍기(암석절취) | B89: 중규모진동제어발파, 연암 | C89: 921 | D89: ㎥ | E89: 0 | F89: =ROUND(E89*C89,0) -> 0 | G89: 407.3088 | H89: =ROUND(G89*C89,0) -> 375131 | I89: 11844.837 | J89: =ROUND(I89*C89,0) -> 10909095 | K89: =E89+G89+I89 -> 12252.146 | L89: =F89+H89+J89 -> 11284226
A90: 나). 땅깍기(암석절취) | B90: 일반발파, 연암 | C90: 0 | D90: ㎥ | E90: 0 | F90: =ROUND(E90*C90,0) -> 0 | G90: 0 | H90: =ROUND(G90*C90,0) -> 0 | I90: 0 | J90: =ROUND(I90*C90,0) -> 0 | K90: =E90+G90+I90 -> 0 | L90: =F90+H90+J90 -> 0
A91: 4). 보통암 | E91: 0 | G91: 0 | I91: 0
A92: 가). 땅깍기(암석절취) | B92: 일반발파, 보통암 | C92: 27 | D92: ㎥ | E92: 0 | F92: =ROUND(E92*C92,0) -> 0 | G92: 407.3088 | H92: =ROUND(G92*C92,0) -> 10997 | I92: 7168.2106 | J92: =ROUND(I92*C92,0) -> 193542 | K92: =E92+G92+I92 -> 7575.5194 | L92: =F92+H92+J92 -> 204539
A93: 5). 발파암 소할 | E93: 0 | G93: 0 | I93: 0
A94: 가). 발파암 소할 | B94: 30CM이상 | C94: 142 | D94: ㎥ | E94: 0 | F94: =ROUND(E94*C94,0) -> 0 | G94: 1392.6991 | H94: =ROUND(G94*C94,0) -> 197763 | I94: 3157.7039 | J94: =ROUND(I94*C94,0) -> 448394 | K94: =E94+G94+I94 -> 4550.403 | L94: =F94+H94+J94 -> 646157
A95: 마. 터파기 | E95: 0 | G95: 0 | I95: 0
A96: 1). 터파기(토사) | B96: TYPE-1, 굴착기1.0, 기계100% | C96: 1325 | D96: ㎥ | E96: 0 | F96: =ROUND(E96*C96,0) -> 0 | G96: 285.3283 | H96: =ROUND(G96*C96,0) -> 378060 | I96: 1594.2321 | J96: =ROUND(I96*C96,0) -> 2112358 | K96: =E96+G96+I96 -> 1879.5604 | L96: =F96+H96+J96 -> 2490418
A97: 바. 흙쌓기 | E97: 0 | G97: 0 | I97: 0
A98: 1). 비다짐 | E98: 0 | G98: 0 | I98: 0
A99: 가). 흙쌓기(토사) | B99: 비다짐, 불도저 32톤 | C99: 6499 | D99: ㎥ | E99: 0 | F99: =ROUND(E99*C99,0) -> 0 | G99: 149.5587 | H99: =ROUND(G99*C99,0) -> 971982 | I99: 888.8666 | J99: =ROUND(I99*C99,0) -> 5776744 | K99: =E99+G99+I99 -> 1038.4253 | L99: =F99+H99+J99 -> 6748726
A100: 나). 흙쌓기(풍화암) | B100: 비다짐, 불도저 32톤 | C100: 26 | D100: ㎥ | E100: 0 | F100: =ROUND(E100*C100,0) -> 0 | G100: 149.5587 | H100: =ROUND(G100*C100,0) -> 3889 | I100: 888.8666 | J100: =ROUND(I100*C100,0) -> 23111 | K100: =E100+G100+I100 -> 1038.4253 | L100: =F100+H100+J100 -> 27000
A101: 2). 노상 | E101: 0 | G101: 0 | I101: 0
A102: 가). 흙쌓기 | B102: 노상, 두께20cm, 다짐도95%이상 | C102: 1916 | D102: ㎥ | E102: 0 | F102: =ROUND(E102*C102,0) -> 0 | G102: 514.4395 | H102: =ROUND(G102*C102,0) -> 985666 | I102: 2934.9569 | J102: =ROUND(I102*C102,0) -> 5623377 | K102: =E102+G102+I102 -> 3449.3964 | L102: =F102+H102+J102 -> 6609043
A103: 3). 노체 | E103: 0 | G103: 0 | I103: 0
A104: 가). 흙쌓기 | B104: 노체, 두께30cm, 다짐도90%이상 | C104: 16923 | D104: ㎥ | E104: 0 | F104: =ROUND(E104*C104,0) -> 0 | G104: 514.4395 | H104: =ROUND(G104*C104,0) -> 8705860 | I104: 1987.7518 | J104: =ROUND(I104*C104,0) -> 33638724 | K104: =E104+G104+I104 -> 2502.1913 | L104: =F104+H104+J104 -> 42344584
A105: 4). 되메우기 | E105: 0 | G105: 0 | I105: 0
A106: 가). 흙쌓기 | B106: 노체, 두께30cm, 다짐도90%이상 | C106: 1174 | D106: ㎥ | E106: 0 | F106: =ROUND(E106*C106,0) -> 0 | G106: 514.4395 | H106: =ROUND(G106*C106,0) -> 603952 | I106: 1987.7518 | J106: =ROUND(I106*C106,0) -> 2333621 | K106: =E106+G106+I106 -> 2502.1913 | L106: =F106+H106+J106 -> 2937573
A107: 사. 흙운반 | E107: 0 | G107: 0 | I107: 0
A108: 1). 무대(1, 2차) | E108: 0 | G108: 0 | I108: 0
A109: 가). 토사 | C109: 5363 | D109: ㎥ | E109: 0 | F109: =ROUND(E109*C109,0) -> 0 | G109: 96.5237 | H109: =ROUND(G109*C109,0) -> 517657 | I109: 549.4426 | J109: =ROUND(I109*C109,0) -> 2946661 | K109: =E109+G109+I109 -> 645.9663 | L109: =F109+H109+J109 -> 3464318
A110: 2). 도쟈운반 | E110: 0 | G110: 0 | I110: 0
A111: 가). 흙운반(토사) | B111: 불도저 32톤, L=15.2m | C111: 10527 | D111: ㎥ | E111: 0 | F111: =ROUND(E111*C111,0) -> 0 | G111: 85.9167 | H111: =ROUND(G111*C111,0) -> 904445 | I111: 1052.2144 | J111: =ROUND(I111*C111,0) -> 11076661 | K111: =E111+G111+I111 -> 1138.1311 | L111: =F111+H111+J111 -> 11981106
A112: 나). 흙운반(풍화암) | B112: 불도저 32톤, L=19.7m | C112: 26 | D112: ㎥ | E112: 0 | F112: =ROUND(E112*C112,0) -> 0 | G112: 85.9167 | H112: =ROUND(G112*C112,0) -> 2234 | I112: 1052.2144 | J112: =ROUND(I112*C112,0) -> 27358 | K112: =E112+G112+I112 -> 1138.1311 | L112: =F112+H112+J112 -> 29592
A113: 3). 덤프운반(지구내) | E113: 0 | G113: 0 | I113: 0
A114: 가). 흙 운반(토사)(지구내) | B114: 굴삭기1.0㎥+덤프24톤, L=0.145Km | C114: 11327 | D114: ㎥ | E114: 0 | F114: =ROUND(E114*C114,0) -> 0 | G114: 289.5711 | H114: =ROUND(G114*C114,0) -> 3279972 | I114: 3251.0455 | J114: =ROUND(I114*C114,0) -> 36824592 | K114: =E114+G114+I114 -> 3540.6166 | L114: =F114+H114+J114 -> 40104564
A115: 4). 덤프운반 | E115: 0 | G115: 0 | I115: 0
A116: 가). 흙 운반(토사)(구조물유용) | B116: 굴삭기1.0㎥+덤프24톤, L=0.061Km | C116: 1134 | D116: ㎥ | E116: 0 | F116: =ROUND(E116*C116,0) -> 0 | G116: 499.5897 | H116: =ROUND(G116*C116,0) -> 566535 | I116: 3607.4407 | J116: =ROUND(I116*C116,0) -> 4090838 | K116: =E116+G116+I116 -> 4107.0304 | L116: =F116+H116+J116 -> 4657373
A117: 5). 덤프운반(외부반출) | E117: 0 | G117: 0 | I117: 0
A118: 가). 흙 운반(토사)(진입도로) | B118: 굴삭기1.0㎥+덤프24톤, L=0.234Km | C118: 25804 | D118: ㎥ | E118: 0 | F118: =ROUND(E118*C118,0) -> 0 | G118: 452.9189 | H118: =ROUND(G118*C118,0) -> 11687119 | I118: 3276.5023 | J118: =ROUND(I118*C118,0) -> 84546865 | K118: =E118+G118+I118 -> 3729.4212 | L118: =F118+H118+J118 -> 96233984
A119: 나). 흙 운반(토사)(야적장) | B119: 굴삭기1.0㎥+덤프24톤, L=0.238Km | C119: 29499 | D119: ㎥ | E119: 0 | F119: =ROUND(E119*C119,0) -> 0 | G119: 447.6154 | H119: =ROUND(G119*C119,0) -> 13204207 | I119: 3236.1957 | J119: =ROUND(I119*C119,0) -> 95464537 | K119: =E119+G119+I119 -> 3683.8111 | L119: =F119+H119+J119 -> 108668744
...

Sheet 전기
A1: 공종명 / 품명 | B1: 규격 | C1: 수량 | D1: 단위 | E1: 재료비 | G1: 노무비 | I1: 경비 | K1: 합계 | M1: 비고
E2: 단가 | F2: 금액 | G2: 단가 | H2: 금액 | I2: 단가 | J2: 금액 | K2: 단가 | L2: 금액
A3: 【 02. 전기설비 】 | F3: =SUM(F4:F11) -> 521236885 | G3: =SUM(G4:G11) -> 0 | H3: =SUM(H4:H11) -> 193226975 | I3: =SUM(I4:I11) -> 0 | J3: =SUM(J4:J11) -> 10904663 | K3: =SUM(K4:K11) -> 0 | L3: =SUM(L4:L11) -> 725368523
A4: =+A34 -> 1.전기공사 (지구내) ▸ 1-1.가로등설비공사 | F4: =+F34 -> 168366694 | G4: =+G34 -> 0 | H4: =+H34 -> 74760221 | I4: =+I34 -> 0 | J4: =+J34 -> 2912103 | K4: =+K34 -> 0 | L4: =+L34 -> 246039018
A5: =+A74 -> 1.전기공사 (지구내) ▸ 1-2.공원등설비공사 | F5: =+F74 -> 62703135 | G5: =+G74 -> 0 | H5: =+H74 -> 24119403 | I5: =+I74 -> 0 | J5: =+J74 -> 1032510 | K5: =+K74 -> 0 | L5: =+L74 -> 87855048
A6: =+A107 -> 1.전기공사 (지구내) ▸ 1-3.신호등설비공사 | F6: =+F107 -> 18575525 | G6: =+G107 -> 0 | H6: =+H107 -> 11313170 | I6: =+I107 -> 0 | J6: =+J107 -> 362824 | K6: =+K107 -> 0 | L6: =+L107 -> 30251519
A7: =+A132 -> 1.전기공사 (지구내) ▸ 1-4.공원 통신설비 공사 | F7: =+F132 -> 72948061 | G7: =+G132 -> 0 | H7: =+H132 -> 18973472 | I7: =+I132 -> 0 | J7: =+J132 -> 4264900 | K7: =+K132 -> 0 | L7: =+L132 -> 96186433
A8: =+A176 -> 1.전기공사 (지구내) ▸ 1-5.불법주정차단속시스템 | F8: =+F176 -> 24853500 | G8: =+G176 -> 0 | H8: =+H176 -> 0 | I8: =+I176 -> 0 | J8: =+J176 -> 0 | K8: =+K176 -> 0 | L8: =+L176 -> 24853500
A9: =+A178 -> 2.전기공사 (지구외) ▸ 2-1.가로등설비공사 | F9: =+F178 -> 112592176 | G9: =+G178 -> 0 | H9: =+H178 -> 47591777 | I9: =+I178 -> 0 | J9: =+J178 -> 2041425 | K9: =+K178 -> 0 | L9: =+L178 -> 162225378
A10: =+A211 -> 2.전기공사 (지구외) ▸ 2-2.신호등설비공사 | F10: =F211 -> 36344294 | G10: =G211 -> 0 | H10: =H211 -> 16468932 | I10: =I211 -> 0 | J10: =J211 -> 290901 | K10: =K211 -> 0 | L10: =L211 -> 53104127
A11: =+A249 -> 2.전기공사 (지구외) ▸ 2-3.불법주정차단속시스템 | F11: =+F249 -> 24853500 | G11: =+G249 -> 0 | H11: =+H249 -> 0 | I11: =+I249 -> 0 | J11: =+J249 -> 0 | K11: =+K249 -> 0 | L11: =+L249 -> 24853500
A34: 1.전기공사 (지구내) ▸ 1-1.가로등설비공사 | F34: =SUM(F35:F73) -> 168366694 | H34: =SUM(H35:H73) -> 74760221 | J34: =SUM(J35:J73) -> 2912103 | L34: =F34+H34+J34 -> 246039018
A35: 파상형 폴리에틸렌 전선관 | B35: 40㎜(가로등,신호,구내) | C35: 2061 | D35: m | E35: 992.25 | F35: =ROUND(E35*C35,0) -> 2045027 | G35: 9452.1 | H35: =ROUND(G35*C35,0) -> 19480778 | I35: 0 | J35: =ROUND(I35*C35,0) -> 0 | K35: =E35+G35+I35 -> 10444.35 | L35: =F35+H35+J35 -> 21525805
A36: 파상형 폴리에틸렌 전선관 | B36: 50㎜(가로등,신호,구내) | C36: 105 | D36: m | E36: 1228.5 | F36: =ROUND(E36*C36,0) -> 128993 | G36: 9452.1 | H36: =ROUND(G36*C36,0) -> 992471 | I36: 0 | J36: =ROUND(I36*C36,0) -> 0 | K36: =E36+G36+I36 -> 10680.6 | L36: =F36+H36+J36 -> 1121464
A37: 접지용비닐절연전선(F-GV)_지중 | B37: 6㎟ | C37: 35 | D37: m | E37: 1972.95 | F37: =ROUND(E37*C37,0) -> 69053 | G37: 2586.15 | H37: =ROUND(G37*C37,0) -> 90515 | I37: 0 | J37: =ROUND(I37*C37,0) -> 0 | K37: =E37+G37+I37 -> 4559.1 | L37: =F37+H37+J37 -> 159568
A38: 접지용비닐절연전선(F-GV) | B38: 10㎟ | C38: 2157 | D38: m | E38: 3271.8 | F38: =ROUND(E38*C38,0) -> 7057273 | G38: 2586.15 | H38: =ROUND(G38*C38,0) -> 5578326 | I38: 0 | J38: =ROUND(I38*C38,0) -> 0 | K38: =E38+G38+I38 -> 5857.95 | L38: =F38+H38+J38 -> 12635599
A39: 접지용비닐절연전선(F-GV) | B39: 16㎟ | C39: 39 | D39: m | E39: 4298.7 | F39: =ROUND(E39*C39,0) -> 167649 | G39: 3016.65 | H39: =ROUND(G39*C39,0) -> 117649 | I39: 0 | J39: =ROUND(I39*C39,0) -> 0 | K39: =E39+G39+I39 -> 7315.35 | L39: =F39+H39+J39 -> 285298
A40: 폴리에틸렌 난연케이블 | B40: 0.6/1kv F-CV 2C×2.5㎟ | C40: 780 | D40: m | E40: 2221.8 | F40: =ROUND(E40*C40,0) -> 1733004 | G40: 4470.9 | H40: =ROUND(G40*C40,0) -> 3487302 | I40: 0 | J40: =ROUND(I40*C40,0) -> 0 | K40: =E40+G40+I40 -> 6692.7 | L40: =F40+H40+J40 -> 5220306
A41: 폴리에틸렌 난연케이블(옥외) | B41: 0.6/1kv F-CV 2C×10㎟ | C41: 487 | D41: m | E41: 4644.15 | F41: =ROUND(E41*C41,0) -> 2261701 | G41: 0 | H41: =ROUND(G41*C41,0) -> 0 | I41: 0 | J41: =ROUND(I41*C41,0) -> 0 | K41: =E41+G41+I41 -> 4644.15 | L41: =F41+H41+J41 -> 2261701
A42: 폴리에틸렌 난연케이블(옥외) | B42: 0.6/1kv F-CV 2C×25㎟ | C42: 105 | D42: m | E42: 11109 | F42: =ROUND(E42*C42,0) -> 1166445 | G42: 0 | H42: =ROUND(G42*C42,0) -> 0 | I42: 0 | J42: =ROUND(I42*C42,0) -> 0 | K42: =E42+G42+I42 -> 11109 | L42: =F42+H42+J42 -> 1166445
A43: 폴리에틸렌 난연케이블(옥외) | B43: 0.6/1kv F-CV 4C×10㎟ | C43: 1565 | D43: m | E43: 8428.35 | F43: =ROUND(E43*C43,0) -> 13190368 | G43: 0 | H43: =ROUND(G43*C43,0) -> 0 | I43: 0 | J43: =ROUND(I43*C43,0) -> 0 | K43: =E43+G43+I43 -> 8428.35 | L43: =F43+H43+J43 -> 13190368
A44: 폴리에틸렌 난연케이블(옥외) | B44: 0.6/1kv F-CV 4C×25㎟ | C44: 105 | D44: m | E44: 20929.65 | F44: =ROUND(E44*C44,0) -> 2197613 | G44: 0 | H44: =ROUND(G44*C44,0) -> 0 | I44: 0 | J44: =ROUND(I44*C44,0) -> 0 | K44: =E44+G44+I44 -> 20929.65 | L44: =F44+H44+J44 -> 2197613
A45: 접지봉 | B45: 14Φ×1000 mm | C45: 14 | D45: 개 | E45: 7450.8 | F45: =ROUND(E45*C45,0) -> 104311 | G45: 46062.45 | H45: =ROUND(G45*C45,0) -> 644874 | I45: 0 | J45: =ROUND(I45*C45,0) -> 0 | K45: =E45+G45+I45 -> 53513.25 | L45: =F45+H45+J45 -> 749185
A46: 접지크램프(IEC 90) | B46: 16sq | C46: 16 | D46: 개 | E46: 757.05 | F46: =ROUND(E46*C46,0) -> 12113 | G46: 7758.45 | H46: =ROUND(G46*C46,0) -> 124135 | I46: 0 | J46: =ROUND(I46*C46,0) -> 0 | K46: =E46+G46+I46 -> 8515.5 | L46: =F46+H46+J46 -> 136248
... A54: 전주용입상관 | B54: Φ130*2t*2m | C54: 4 | D54: EA | E54: 40315.8 | F54: =ROUND(E54*C54,0) -> 161263 | G54: 115731 | H54: =ROUND(G54*C54,0) -> 462924 | I54: 0 | J54: =ROUND(I54*C54,0) -> 0 | K54: =E54+G54+I54 -> 156046.8 | L54: =F54+H54+J54 -> 624187
A55: 반경관취부밴드 | C55: 12 | D55: EA | E55: 2545.2 | F55: =ROUND(E55*C55,0) -> 30542 | G55: 0 | H55: =ROUND(G55*C55,0) -> 0 | I55: 0 | J55: =ROUND(I55*C55,0) -> 0 | K55: =E55+G55+I55 -> 2545.2 | L55: =F55+H55+J55 -> 30542
A56: 케이블 포설(가로등) | B56: 10㎟/2C*1열 | C56: 473 | D56: m | E56: 137.55 | F56: =ROUND(E56*C56,0) -> 65061 | G56: 4600.05 | H56: =ROUND(G56*C56,0) -> 2175824 | I56: 0 | J56: =ROUND(I56*C56,0) -> 0 | K56: =E56+G56+I56 -> 4737.6 | L56: =F56+H56+J56 -> 2240885
A57: 케이블 포설(가로등) | B57: 25㎟/2C*1열 | C57: 114 | D57: m | E57: 173.25 | F57: =ROUND(E57*C57,0) -> 19751 | G57: 5784.45 | H57: =ROUND(G57*C57,0) -> 659427 | I57: 0 | J57: =ROUND(I57*C57,0) -> 0 | K57: =E57+G57+I57 -> 5957.7 | L57: =F57+H57+J57 -> 679178
A58: 케이블 포설(가로등) | B58: 10㎟/4C*1열 | C58: 1520 | D58: m | E58: 224.7 | F58: =ROUND(E58*C58,0) -> 341544 | G58: 7500.15 | H58: =ROUND(G58*C58,0) -> 11400228 | I58: 0 | J58: =ROUND(I58*C58,0) -> 0 | K58: =E58+G58+I58 -> 7724.85 | L58: =F58+H58+J58 -> 11741772
A59: 케이블 포설(가로등) | B59: 25㎟/4C*1열 | C59: 102 | D59: m | E59: 282.45 | F59: =ROUND(E59*C59,0) -> 28810 | G59: 9440.55 | H59: =ROUND(G59*C59,0) -> 962936 | I59: 0 | J59: =ROUND(I59*C59,0) -> 0 | K59: =E59+G59+I59 -> 9723 | L59: =F59+H59+J59 -> 991746
A60: LED 가로등기구 | B60: 100W급 | C60: 43 | D60: 개 | E60: 653787.75 | F60: =ROUND(E60*C60,0) -> 28112873 | G60: 92948.1 | H60: =ROUND(G60*C60,0) -> 3996768 | I60: 0 | J60: =ROUND(I60*C60,0) -> 0 | K60: =E60+G60+I60 -> 746735.85 | L60: =F60+H60+J60 -> 32109641
A61: LED 공원등기구 | B61: 50W급(A타입) | C61: 2 | D61: 개 | E61: 526577.1 | F61: =ROUND(E61*C61,0) -> 1053154 | G61: 52586.1 | H61: =ROUND(G61*C61,0) -> 105172 | I61: 0 | J61: =ROUND(I61*C61,0) -> 0 | K61: =E61+G61+I61 -> 579163.2 | L61: =F61+H61+J61 -> 1158326
A62: 가로등기초(직각)기성품 | B62: 500X850X675X700 | C62: 2 | D62: 개 | E62: 110918.85 | F62: =ROUND(E62*C62,0) -> 221838 | G62: 57315.3 | H62: =ROUND(G62*C62,0) -> 114631 | I62: 0 | J62: =ROUND(I62*C62,0) -> 0 | K62: =E62+G62+I62 -> 168234.15 | L62: =F62+H62+J62 -> 336469
A63: 가로등기초 | B63: 500x775x1050x1100(E) | C63: 43 | D63: 개 | E63: 324908.85 | F63: =ROUND(E63*C63,0) -> 13971081 | G63: 57315.3 | H63: =ROUND(G63*C63,0) -> 2464558 | I63: 0 | J63: =ROUND(I63*C63,0) -> 0 | K63: =E63+G63+I63 -> 382224.15 | L63: =F63+H63+J63 -> 16435639
A64: 가로등 제어반 | B64: 6회로 | C64: 2 | D64: 개 | E64: 6609092.7 | F64: =ROUND(E64*C64,0) -> 13218185 | G64: 293106.45 | H64: =ROUND(G64*C64,0) -> 586213 | I64: 0 | J64: =ROUND(I64*C64,0) -> 0 | K64: =E64+G64+I64 -> 6902199.2 | L64: =F64+H64+J64 -> 13804398
A65: 가로등주 | B65: 원형테퍼 강관주 10m -1등용 | C65: 43 | D65: 개 | E65: 1575000 | F65: =ROUND(E65*C65,0) -> 67725000 | G65: 0 | H65: =ROUND(G65*C65,0) -> 0 | I65: 0 | J65: =ROUND(I65*C65,0) -> 0 | K65: =E65+G65+I65 -> 1575000 | L65: =F65+H65+J65 -> 67725000
A66: 가로등 표찰 | B66: STS | C66: 45 | D66: 개 | E66: 10868.55 | F66: =ROUND(E66*C66,0) -> 489085 | G66: 12285 | H66: =ROUND(G66*C66,0) -> 552825 | I66: 0 | J66: =ROUND(I66*C66,0) -> 0 | K66: =E66+G66+I66 -> 23153.55 | L66: =F66+H66+J66 -> 1041910
A67: 공원등주 | B67: 5m-1.0m 1등용(A타입) | C67: 2 | D67: 개 | E67: 1254272.2 | F67: =ROUND(E67*C67,0) -> 2508545 | G67: 89080.95 | H67: =ROUND(G67*C67,0) -> 178162 | I67: 0 | J67: =ROUND(I67*C67,0) -> 0 | K67: =E67+G67+I67 -> 1343353.2 | L67: =F67+H67+J67 -> 2686707
... A73: 핸드홀뚜껑 | B73: 700x700xt32 | C73: 6 | D73: 개 | E73: 294000 | F73: =ROUND(E73*C73,0) -> 1764000 | G73: 0 | H73: =ROUND(G73*C73,0) -> 0 | I73: 0 | J73: =ROUND(I73*C73,0) -> 0 | K73: =E73+G73+I73 -> 294000 | L73: =F73+H73+J73 -> 1764000
A74: 1.전기공사 (지구내) ▸ 1-2.공원등설비공사 | F74: =SUM(F75:F106) -> 62703135 | H74: =SUM(H75:H106) -> 24119403 | J74: =SUM(J75:J106) -> 1032510 | L74: =F74+H74+J74 -> 87855048
A75: 파상형 폴리에틸렌 전선관 | B75: 40㎜(가로등,신호,구내) | C75: 558 | D75: m | E75: 992.25 | F75: =ROUND(E75*C75,0) -> 553676 | G75: 9452.1 | H75: =ROUND(G75*C75,0) -> 5274272 | I75: 0 | J75: =ROUND(I75*C75,0) -> 0 | K75: =E75+G75+I75 -> 10444.35 | L75: =F75+H75+J75 -> 5827948
A76: 접지용비닐절연전선(F-GV)_지중 | B76: 6㎟ | C76: 528 | D76: m | E76: 1972.95 | F76: =ROUND(E76*C76,0) -> 1041718 | G76: 2586.15 | H76: =ROUND(G76*C76,0) -> 1365487 | I76: 0 | J76: =ROUND(I76*C76,0) -> 0 | K76: =E76+G76+I76 -> 4559.1 | L76: =F76+H76+J76 -> 2407205
A77: 접지용비닐절연전선(F-GV) | B77: 16㎟ | C77: 19 | D77: m | E77: 4298.7 | F77: =ROUND(E77*C77,0) -> 81675 | G77: 3016.65 | H77: =ROUND(G77*C77,0) -> 57316 | I77: 0 | J77: =ROUND(I77*C77,0) -> 0 | K77: =E77+G77+I77 -> 7315.35 | L77: =F77+H77+J77 -> 138991
A78: 폴리에틸렌 난연케이블 | B78: 0.6/1kv F-CV 2C×2.5㎟ | C78: 132 | D78: m | E78: 2221.8 | F78: =ROUND(E78*C78,0) -> 293278 | G78: 4470.9 | H78: =ROUND(G78*C78,0) -> 590159 | I78: 0 | J78: =ROUND(I78*C78,0) -> 0 | K78: =E78+G78+I78 -> 6692.7 | L78: =F78+H78+J78 -> 883437
A79: 폴리에틸렌 난연케이블(옥외) | B79: 0.6/1kv F-CV 2C×6㎟ | C79: 109 | D79: m | E79: 3052.35 | F79: =ROUND(E79*C79,0) -> 332706 | G79: 0 | H79: =ROUND(G79*C79,0) -> 0 | I79: 0 | J79: =ROUND(I79*C79,0) -> 0 | K79: =E79+G79+I79 -> 3052.35 | L79: =F79+H79+J79 -> 332706
A80: 폴리에틸렌 난연케이블(옥외) | B80: 0.6/1kv F-CV 2C×16㎟ | C80: 105 | D80: m | E80: 7260.75 | F80: =ROUND(E80*C80,0) -> 762379 | G80: 0 | H80: =ROUND(G80*C80,0) -> 0 | I80: 0 | J80: =ROUND(I80*C80,0) -> 0 | K80: =E80+G80+I80 -> 7260.75 | L80: =F80+H80+J80 -> 762379
A81: 폴리에틸렌 난연케이블(옥외) | B81: 0.6/1kv F-CV 4C×6㎟ | C81: 387 | D81: m | E81: 5310.9 | F81: =ROUND(E81*C81,0) -> 2055318 | G81: 0 | H81: =ROUND(G81*C81,0) -> 0 | I81: 0 | J81: =ROUND(I81*C81,0) -> 0 | K81: =E81+G81+I81 -> 5310.9 | L81: =F81+H81+J81 -> 2055318
A82: 접지봉 | B82: 14Φ×1000 mm | C82: 27 | D82: 개 | E82: 7450.8 | F82: =ROUND(E82*C82,0) -> 201172 | G82: 46062.45 | H82: =ROUND(G82*C82,0) -> 1243686 | I82: 0 | J82: =ROUND(I82*C82,0) -> 0 | K82: =E82+G82+I82 -> 53513.25 | L82: =F82+H82+J82 -> 1444858
A83: 접지크램프(IEC 90) | B83: 16sq | C83: 8 | D83: 개 | E83: 757.05 | F83: =ROUND(E83*C83,0) -> 6056 | G83: 7758.45 | H83: =ROUND(G83*C83,0) -> 62068 | I83: 0 | J83: =ROUND(I83*C83,0) -> 0 | K83: =E83+G83+I83 -> 8515.5 | L83: =F83+H83+J83 -> 68124
A84: 케이블표지시트 | B84: 0.23x400 | C84: 498 | D84: m | E84: 196.35 | F84: =ROUND(E84*C84,0) -> 97782 | G84: 248.85 | H84: =ROUND(G84*C84,0) -> 123927 | I84: 0 | J84: =ROUND(I84*C84,0) -> 0 | K84: =E84+G84+I84 -> 445.2 | L84: =F84+H84+J84 -> 221709
A85: 압착단자 | B85: R형동선 나압착 16 ㎟ | C85: 4 | D85: 개 | E85: 1140.3 | F85: =ROUND(E85*C85,0) -> 4561 | G85: 31041.15 | H85: =ROUND(G85*C85,0) -> 124165 | I85: 0 | J85: =ROUND(I85*C85,0) -> 0 | K85: =E85+G85+I85 -> 32181.45 | L85: =F85+H85+J85 -> 128726
A86: 압착단자 | B86: R형동선 나압착 25 ㎟ | C86: 4 | D86: 개 | E86: 1410.15 | F86: =ROUND(E86*C86,0) -> 5641 | G86: 37939.65 | H86: =ROUND(G86*C86,0) -> 151759 | I86: 0 | J86: =ROUND(I86*C86,0) -> 0 | K86: =E86+G86+I86 -> 39349.8 | L86: =F86+H86+J86 -> 157400
... A91: 전주용입상관 | B91: Φ130*2t*2m | C91: 2 | D91: EA | E91: 40315.8 | F91: =ROUND(E91*C91,0) -> 80632 | G91: 115731 | H91: =ROUND(G91*C91,0) -> 231462 | I91: 0 | J91: =ROUND(I91*C91,0) -> 0 | K91: =E91+G91+I91 -> 156046.8 | L91: =F91+H91+J91 -> 312094
A92: 반경관취부밴드 | C92: 6 | D92: EA | E92: 2545.2 | F92: =ROUND(E92*C92,0) -> 15271 | G92: 0 | H92: =ROUND(G92*C92,0) -> 0 | I92: 0 | J92: =ROUND(I92*C92,0) -> 0 | K92: =E92+G92+I92 -> 2545.2 | L92: =F92+H92+J92 -> 15271
A93: 케이블 포설(가로등) | B93: 6㎟/2C*1열 | C93: 106 | D93: m | E93: 131.25 | F93: =ROUND(E93*C93,0) -> 13913 | G93: 4390.05 | H93: =ROUND(G93*C93,0) -> 465345 | I93: 0 | J93: =ROUND(I93*C93,0) -> 0 | K93: =E93+G93+I93 -> 4521.3 | L93: =F93+H93+J93 -> 479258
A94: 케이블 포설(가로등) | B94: 16㎟/2C*1열 | C94: 114 | D94: m | E94: 150.15 | F94: =ROUND(E94*C94,0) -> 17117 | G94: 5014.8 | H94: =ROUND(G94*C94,0) -> 571687 | I94: 0 | J94: =ROUND(I94*C94,0) -> 0 | K94: =E94+G94+I94 -> 5164.95 | L94: =F94+H94+J94 -> 588804
A95: 케이블 포설(가로등) | B95: 6㎟/4C*1열 | C95: 376 | D95: m | E95: 214.2 | F95: =ROUND(E95*C95,0) -> 80539 | G95: 7159.95 | H95: =ROUND(G95*C95,0) -> 2692141 | I95: 0 | J95: =ROUND(I95*C95,0) -> 0 | K95: =E95+G95+I95 -> 7374.15 | L95: =F95+H95+J95 -> 2772680
A96: LED 공원등기구 | B96: 50W급(A타입) | C96: 21 | D96: 개 | E96: 526577.1 | F96: =ROUND(E96*C96,0) -> 11058119 | G96: 52586.1 | H96: =ROUND(G96*C96,0) -> 1104308 | I96: 0 | J96: =ROUND(I96*C96,0) -> 0 | K96: =E96+G96+I96 -> 579163.2 | L96: =F96+H96+J96 -> 12162427
A97: 가로등기초(직각)기성품 | B97: 500X850X675X700 | C97: 21 | D97: 개 | E97: 110918.85 | F97: =ROUND(E97*C97,0) -> 2329296 | G97: 57315.3 | H97: =ROUND(G97*C97,0) -> 1203621 | I97: 0 | J97: =ROUND(I97*C97,0) -> 0 | K97: =E97+G97+I97 -> 168234.15 | L97: =F97+H97+J97 -> 3532917
A98: 가로등 제어반 | B98: 6회로 | C98: 2 | D98: 개 | E98: 6609092.7 | F98: =ROUND(E98*C98,0) -> 13218185 | G98: 293106.45 | H98: =ROUND(G98*C98,0) -> 586213 | I98: 0 | J98: =ROUND(I98*C98,0) -> 0 | K98: =E98+G98+I98 -> 6902199.2 | L98: =F98+H98+J98 -> 13804398
A99: 가로등 표찰 | B99: STS | C99: 21 | D99: 개 | E99: 10868.55 | F99: =ROUND(E99*C99,0) -> 228240 | G99: 12285 | H99: =ROUND(G99*C99,0) -> 257985 | I99: 0 | J99: =ROUND(I99*C99,0) -> 0 | K99: =E99+G99+I99 -> 23153.55 | L99: =F99+H99+J99 -> 486225
A100: 공원등주 | B100: 5m-1.0m 1등용(A타입) | C100: 21 | D100: 개 | E100: 1254272.2 | F100: =ROUND(E100*C100,0) -> 26339717 | G100: 89080.95 | H100: =ROUND(G100*C100,0) -> 1870700 | I100: 0 | J100: =ROUND(I100*C100,0) -> 0 | K100: =E100+G100+I100 -> 1343353.2 | L100: =F100+H100+J100 -> 28210417
A101: 방수형 접속함 | B101: 1등용,ELB부 | C101: 21 | D101: 개 | E101: 59386.95 | F101: =ROUND(E101*C101,0) -> 1247126 | G101: 54597.9 | H101: =ROUND(G101*C101,0) -> 1146556 | I101: 0 | J101: =ROUND(I101*C101,0) -> 0 | K101: =E101+G101+I101 -> 113984.85 | L101: =F101+H101+J101 -> 2393682
A102: 방수형 접속함 | B102: 격등용 | C102: 16 | D102: 개 | E102: 15750 | F102: =ROUND(E102*C102,0) -> 252000 | G102: 0 | H102: =ROUND(G102*C102,0) -> 0 | I102: 0 | J102: =ROUND(I102*C102,0) -> 0 | K102: =E102+G102+I102 -> 15750 | L102: =F102+H102+J102 -> 252000
A103: 백호우 | B103: 0.4㎥ | C103: 9 | D103: hr | E103: 14941.5 | F103: =ROUND(E103*C103,0) -> 134474 | G103: 59622.15 | H103: =ROUND(G103*C103,0) -> 536599 | I103: 17196.9 | J103: =ROUND(I103*C103,0) -> 154772 | K103: =E103+G103+I103 -> 91760.55 | L103: =F103+H103+J103 -> 825845
A104: 제어반기초(기성품) | B104: 500x500x800 | C104: 2 | D104: 개 | E104: 148718.85 | F104: =ROUND(E104*C104,0) -> 297438 | G104: 57315.3 | H104: =ROUND(G104*C104,0) -> 114631 | I104: 0 | J104: =ROUND(I104*C104,0) -> 0 | K104: =E104+G104+I104 -> 206034.15 | L104: =F104+H104+J104 -> 412069
... A106: 핸드홀뚜껑 | B106: 700x700xt32 | C106: 2 | D106: 개 | E106: 294000 | F106: =ROUND(E106*C106,0) -> 588000 | G106: 0 | H106: =ROUND(G106*C106,0) -> 0 | I106: 0 | J106: =ROUND(I106*C106,0) -> 0 | K106: =E106+G106+I106 -> 294000 | L106: =F106+H106+J106 -> 588000
A107: 1.전기공사 (지구내) ▸ 1-3.신호등설비공사 | F107: =SUM(F108:F131) -> 18575525 | H107: =SUM(H108:H131) -> 11313170 | J107: =SUM(J108:J131) -> 362824 | L107: =F107+H107+J107 -> 30251519
A108: 파상형 폴리에틸렌 전선관 | B108: 50㎜(가로등,신호,구내) | C108: 119 | D108: m | E108: 1228.5 | F108: =ROUND(E108*C108,0) -> 146192 | G108: 9452.1 | H108: =ROUND(G108*C108,0) -> 1124800 | I108: 0 | J108: =ROUND(I108*C108,0) -> 0 | K108: =E108+G108+I108 -> 10680.6 | L108: =F108+H108+J108 -> 1270992
A109: 파상형 폴리에틸렌 전선관 | B109: 80㎜(가로등,신호,구내) | C109: 11 | D109: m | E109: 2410.8 | F109: =ROUND(E109*C109,0) -> 26519 | G109: 11844 | H109: =ROUND(G109*C109,0) -> 130284 | I109: 0 | J109: =ROUND(I109*C109,0) -> 0 | K109: =E109+G109+I109 -> 14254.8 | L109: =F109+H109+J109 -> 156803
A110: 파상형 폴리에틸렌 전선관 | B110: 100㎜(가로등,신호,구내) | C110: 51 | D110: m | E110: 3284.4 | F110: =ROUND(E110*C110,0) -> 167504 | G110: 17599.05 | H110: =ROUND(G110*C110,0) -> 897552 | I110: 0 | J110: =ROUND(I110*C110,0) -> 0 | K110: =E110+G110+I110 -> 20883.45 | L110: =F110+H110+J110 -> 1065056
A111: 접지용비닐절연전선(F-GV)_지중 | B111: 6㎟ | C111: 60 | D111: m | E111: 1972.95 | F111: =ROUND(E111*C111,0) -> 118377 | G111: 2586.15 | H111: =ROUND(G111*C111,0) -> 155169 | I111: 0 | J111: =ROUND(I111*C111,0) -> 0 | K111: =E111+G111+I111 -> 4559.1 | L111: =F111+H111+J111 -> 273546
A112: 폴리에틸렌 난연케이블(옥외) | B112: 0.6/1kv F-CV 2C×6㎟ | C112: 115 | D112: m | E112: 3052.35 | F112: =ROUND(E112*C112,0) -> 351020 | G112: 0 | H112: =ROUND(G112*C112,0) -> 0 | I112: 0 | J112: =ROUND(I112*C112,0) -> 0 | K112: =E112+G112+I112 -> 3052.35 | L112: =F112+H112+J112 -> 351020
A113: 난연제어케이블 | B113: F-CVV 5Cx2.5㎟ | C113: 142 | D113: m | E113: 4023.6 | F113: =ROUND(E113*C113,0) -> 571351 | G113: 10218.6 | H113: =ROUND(G113*C113,0) -> 1451041 | I113: 0 | J113: =ROUND(I113*C113,0) -> 0 | K113: =E113+G113+I113 -> 14242.2 | L113: =F113+H113+J113 -> 2022392
A114: 신호 제어기 | B114: 경보제어기, 전자회로 | C114: 2 | D114: 대 | E114: 213019.8 | F114: =ROUND(E114*C114,0) -> 426040 | G114: 100661.4 | H114: =ROUND(G114*C114,0) -> 201323 | I114: 0 | J114: =ROUND(I114*C114,0) -> 0 | K114: =E114+G114+I114 -> 313681.2 | L114: =F114+H114+J114 -> 627363
A115: 접지봉 | B115: 14Φ×1000 mm | C115: 3 | D115: 개 | E115: 7450.8 | F115: =ROUND(E115*C115,0) -> 22352 | G115: 46062.45 | H115: =ROUND(G115*C115,0) -> 138187 | I115: 0 | J115: =ROUND(I115*C115,0) -> 0 | K115: =E115+G115+I115 -> 53513.25 | L115: =F115+H115+J115 -> 160539
A116: 케이블표지시트 | B116: 0.23x400 | C116: 136 | D116: m | E116: 196.35 | F116: =ROUND(E116*C116,0) -> 26704 | G116: 248.85 | H116: =ROUND(G116*C116,0) -> 33844 | I116: 0 | J116: =ROUND(I116*C116,0) -> 0 | K116: =E116+G116+I116 -> 445.2 | L116: =F116+H116+J116 -> 60548
A117: 레미콘 | B117: 25-210-8 | C117: 6.783 | D117: ㎥ | E117: 106344 | F117: =ROUND(E117*C117,0) -> 721331 | G117: 0 | H117: =ROUND(G117*C117,0) -> 0 | I117: 0 | J117: =ROUND(I117*C117,0) -> 0 | K117: =E117+G117+I117 -> 106344 | L117: =F117+H117+J117 -> 721331
A118: 터파기(기계90%,인력10%) | B118: 보통토사 | C118: 86.376 | D118: ㎥ | E118: 526.05 | F118: =ROUND(E118*C118,0) -> 45438 | G118: 4891.95 | H118: =ROUND(G118*C118,0) -> 422547 | I118: 507.15 | J118: =ROUND(I118*C118,0) -> 43806 | K118: =E118+G118+I118 -> 5925.15 | L118: =F118+H118+J118 -> 511791
A119: 되메우기(기계90%,인력10%) | B119: 보통토사 | C119: 79.593 | D119: ㎥ | E119: 471.45 | F119: =ROUND(E119*C119,0) -> 37524 | G119: 3085.95 | H119: =ROUND(G119*C119,0) -> 245620 | I119: 507.15 | J119: =ROUND(I119*C119,0) -> 40366 | K119: =E119+G119+I119 -> 4064.55 | L119: =F119+H119+J119 -> 323510
... A122: 합판거푸집 | B122: 4회 | C122: 24 | D122: ㎡ | E122: 25646.25 | F122: =ROUND(E122*C122,0) -> 615510 | G122: 37272.9 | H122: =ROUND(G122*C122,0) -> 894550 | I122: 0 | J122: =ROUND(I122*C122,0) -> 0 | K122: =E122+G122+I122 -> 62919.15 | L122: =F122+H122+J122 -> 1510060
A123: 차량등보호금구 | C123: 6 | D123: 개 | E123: 36750 | F123: =ROUND(E123*C123,0) -> 220500 | G123: 0 | H123: =ROUND(G123*C123,0) -> 0 | I123: 0 | J123: =ROUND(I123*C123,0) -> 0 | K123: =E123+G123+I123 -> 36750 | L123: =F123+H123+J123 -> 220500
A124: 철주 앙카 | B124: Φ200x1.8m | C124: 3 | D124: 개 | E124: 388500 | F124: =ROUND(E124*C124,0) -> 1165500 | G124: 0 | H124: =ROUND(G124*C124,0) -> 0 | I124: 0 | J124: =ROUND(I124*C124,0) -> 0 | K124: =E124+G124+I124 -> 388500 | L124: =F124+H124+J124 -> 1165500
A125: 케이블 포설(가로등) | B125: 6㎟/2C*1열 | C125: 112 | D125: m | E125: 131.25 | F125: =ROUND(E125*C125,0) -> 14700 | G125: 4390.05 | H125: =ROUND(G125*C125,0) -> 491686 | I125: 0 | J125: =ROUND(I125*C125,0) -> 0 | K125: =E125+G125+I125 -> 4521.3 | L125: =F125+H125+J125 -> 506386
A126: 교통신호등 | B126: 1면3색(LED Φ300) | C126: 6 | D126: 개 | E126: 390093.9 | F126: =ROUND(E126*C126,0) -> 2340563 | G126: 403160.1 | H126: =ROUND(G126*C126,0) -> 2418961 | I126: 0 | J126: =ROUND(I126*C126,0) -> 0 | K126: =E126+G126+I126 -> 793254 | L126: =F126+H126+J126 -> 4759524
A127: 와이어리스 부착대 5m | C127: 4 | D127: 개 | E127: 945000 | F127: =ROUND(E127*C127,0) -> 3780000 | G127: 0 | H127: =ROUND(G127*C127,0) -> 0 | I127: 0 | J127: =ROUND(I127*C127,0) -> 0 | K127: =E127+G127+I127 -> 945000 | L127: =F127+H127+J127 -> 3780000
A128: 와이어리스 부착대 7m | C128: 1 | D128: 개 | E128: 1260000 | F128: =ROUND(E128*C128,0) -> 1260000 | G128: 0 | H128: =ROUND(G128*C128,0) -> 0 | I128: 0 | J128: =ROUND(I128*C128,0) -> 0 | K128: =E128+G128+I128 -> 1260000 | L128: =F128+H128+J128 -> 1260000
A129: 와이어리스철주 | B129: Φ200,부착5m | C129: 1 | D129: 개 | E129: 2112512.9 | F129: =ROUND(E129*C129,0) -> 2112513 | G129: 417115.65 | H129: =ROUND(G129*C129,0) -> 417116 | I129: 0 | J129: =ROUND(I129*C129,0) -> 0 | K129: =E129+G129+I129 -> 2529628.5 | L129: =F129+H129+J129 -> 2529629
A130: 와이어리스철주 | B130: Φ200,부착7m, 7m | C130: 2 | D130: 개 | E130: 2117518.2 | F130: =ROUND(E130*C130,0) -> 4235036 | G130: 583961.7 | H130: =ROUND(G130*C130,0) -> 1167923 | I130: 0 | J130: =ROUND(I130*C130,0) -> 0 | K130: =E130+G130+I130 -> 2701479.9 | L130: =F130+H130+J130 -> 5402959
A131: 크레인트럭 | B131: 20ton | C131: 9 | D131: hr | E131: 16774.8 | F131: =ROUND(E131*C131,0) -> 150973 | G131: 51096.15 | H131: =ROUND(G131*C131,0) -> 459865 | I131: 30961.35 | J131: =ROUND(I131*C131,0) -> 278652 | K131: =E131+G131+I131 -> 98832.3 | L131: =F131+H131+J131 -> 889490
A132: 1.전기공사 (지구내) ▸ 1-4.공원 통신설비 공사 | F132: =SUM(F133:F175) -> 72948061 | H132: =SUM(H133:H175) -> 18973472 | J132: =SUM(J133:J175) -> 4264900 | L132: =F132+H132+J132 -> 96186433
A133: 파상형 폴리에틸렌 전선관 | B133: 40㎜ | C133: 136 | D133: m | E133: 897.75 | F133: =ROUND(E133*C133,0) -> 122094 | G133: 6301.05 | H133: =ROUND(G133*C133,0) -> 856943 | I133: 0 | J133: =ROUND(I133*C133,0) -> 0 | K133: =E133+G133+I133 -> 7198.8 | L133: =F133+H133+J133 -> 979037
A134: 파상형 폴리에틸렌 전선관 | B134: 50㎜ | C134: 136 | D134: m | E134: 1134 | F134: =ROUND(E134*C134,0) -> 154224 | G134: 6301.05 | H134: =ROUND(G134*C134,0) -> 856943 | I134: 0 | J134: =ROUND(I134*C134,0) -> 0 | K134: =E134+G134+I134 -> 7435.05 | L134: =F134+H134+J134 -> 1011167
A135: 광케블내외관일체형전선관 | B135: COD 36-4 공 | C135: 440 | D135: m | E135: 36325.8 | F135: =ROUND(E135*C135,0) -> 15983352 | G135: 10716.3 | H135: =ROUND(G135*C135,0) -> 4715172 | I135: 0 | J135: =ROUND(I135*C135,0) -> 0 | K135: =E135+G135+I135 -> 47042.1 | L135: =F135+H135+J135 -> 20698524
A136: 접지용비닐절연전선(F-GV)_지중 | B136: 6㎟ | C136: 3 | D136: m | E136: 1972.95 | F136: =ROUND(E136*C136,0) -> 5919 | G136: 2586.15 | H136: =ROUND(G136*C136,0) -> 7758 | I136: 0 | J136: =ROUND(I136*C136,0) -> 0 | K136: =E136+G136+I136 -> 4559.1 | L136: =F136+H136+J136 -> 13677
A137: 접지용비닐절연전선(F-GV) | B137: 16㎟ | C137: 29 | D137: m | E137: 4298.7 | F137: =ROUND(E137*C137,0) -> 124662 | G137: 3016.65 | H137: =ROUND(G137*C137,0) -> 87483 | I137: 0 | J137: =ROUND(I137*C137,0) -> 0 | K137: =E137+G137+I137 -> 7315.35 | L137: =F137+H137+J137 -> 212145
A138: 폴리에틸렌 난연케이블 | B138: 0.6/1kv F-CV 3C×6㎟ | C138: 139 | D138: m | E138: 5553.45 | F138: =ROUND(E138*C138,0) -> 771930 | G138: 8303.4 | H138: =ROUND(G138*C138,0) -> 1154173 | I138: 0 | J138: =ROUND(I138*C138,0) -> 0 | K138: =E138+G138+I138 -> 13856.85 | L138: =F138+H138+J138 -> 1926103
A139: 광케이블(옥외용) | B139: SM 9/125, 4c | C139: 548 | D139: m | E139: 1271.55 | F139: =ROUND(E139*C139,0) -> 696809 | G139: 5644.8 | H139: =ROUND(G139*C139,0) -> 3093350 | I139: 0 | J139: =ROUND(I139*C139,0) -> 0 | K139: =E139+G139+I139 -> 6916.35 | L139: =F139+H139+J139 -> 3790159
A140: 접지봉 | B140: 14Φ×1000 mm | C140: 12 | D140: 개 | E140: 7450.8 | F140: =ROUND(E140*C140,0) -> 89410 | G140: 46062.45 | H140: =ROUND(G140*C140,0) -> 552749 | I140: 0 | J140: =ROUND(I140*C140,0) -> 0 | K140: =E140+G140+I140 -> 53513.25 | L140: =F140+H140+J140 -> 642159
A141: 접지크램프(IEC 90) | B141: 16sq | C141: 12 | D141: 개 | E141: 757.05 | F141: =ROUND(E141*C141,0) -> 9085 | G141: 7758.45 | H141: =ROUND(G141*C141,0) -> 93101 | I141: 0 | J141: =ROUND(I141*C141,0) -> 0 | K141: =E141+G141+I141 -> 8515.5 | L141: =F141+H141+J141 -> 102186
...
